-- phpMyAdmin SQL Dump
-- version 4.6.6deb4
-- https://www.phpmyadmin.net/
--
-- Host: localhost:3306
-- Generation Time: Jul 21, 2020 at 05:37 PM
-- Server version: 10.1.26-MariaDB-0+deb9u1
-- PHP Version: 7.0.33-0+deb9u5

SET SQL_MODE = "NO_AUTO_VALUE_ON_ZERO";
SET time_zone = "+00:00";


/*!40101 SET @OLD_CHARACTER_SET_CLIENT=@@CHARACTER_SET_CLIENT */;
/*!40101 SET @OLD_CHARACTER_SET_RESULTS=@@CHARACTER_SET_RESULTS */;
/*!40101 SET @OLD_COLLATION_CONNECTION=@@COLLATION_CONNECTION */;
/*!40101 SET NAMES utf8mb4 */;

--
-- Database: `ubk`
--

-- --------------------------------------------------------

--
-- Stand-in structure for view `evgp`
-- (See below for the actual view)
--
CREATE TABLE `evgp` (
`player` int(11)
,`name` varchar(64)
,`ev` decimal(41,0)
,`gp` double(17,0)
,`ratio` double(21,4)
);

-- --------------------------------------------------------

--
-- Table structure for table `item`
--

CREATE TABLE `item` (
  `id` int(11) NOT NULL,
  `name` varchar(64) NOT NULL,
  `raid` varchar(32) NOT NULL,
  `boss` varchar(64) NOT NULL,
  `big` tinyint(1) NOT NULL DEFAULT '0',
  `ilvl` int(11) NOT NULL DEFAULT '0',
  `slot` varchar(32) DEFAULT NULL,
  `gp` int(11) DEFAULT '0'
) ENGINE=InnoDB DEFAULT CHARSET=utf8mb4;

--
-- Dumping data for table `item`
--

INSERT INTO `item` (`id`, `name`, `raid`, `boss`, `big`, `ilvl`, `slot`, `gp`) VALUES
(2, 'Tête de Néfarian', 'BWL', 'Néfarian', 0, 83, 'finger', 3788),
(3, 'Bottes Chromatiques', 'BWL', 'Chromagus', 0, 77, 'feet', 4606),
(4, 'Scarabée d\'obstruction de Styleen ', 'BWL', 'Flamegor', 0, 75, 'trinket', 3937),
(5, 'Lok\'amir il Romathis', 'BWL', 'Néfarian', 0, 81, 'weapon1h', 2755),
(6, 'Jambière Surpuissante', 'BWL', 'Chromagus', 0, 77, 'legs', 5929),
(7, 'Anneau d\'élémentium Pur', 'BWL', 'Néfarian', 1, 83, 'finger', 3788),
(8, 'Anneau de Cautérisation', 'MC', 'Chambellan Executus', 0, 71, 'finger', 2772),
(9, 'Talisman croc-de-drake', 'BWL', 'Rochébène', 1, 75, 'trinket', 3937),
(10, 'Talisman de perfidie de Prestor', 'BWL', 'Néfarian', 1, 83, 'neck', 3788),
(11, 'Anneau de frappe rapide', 'MC', 'Multiple Boss', 0, 67, 'finger', 2468),
(12, 'Ashjre\'thul, arbalète de châtiment', 'BWL', 'Chromagus', 1, 77, 'rangedWeapon', 2490),
(13, 'Magelame de Chante-azur', 'MC', 'Golemagg l\'Incinérateur', 0, 71, 'weapon1h', 2117),
(14, 'Talisman de pouvoir éphémère', 'MC', 'Multiple Boss', 0, 66, 'trinket', 3049),
(15, 'Mantelet de la cabale de l\'Aile noire', 'BWL', 'Tranchetripe l\'Indompté', 0, 73, 'shoulder', 4140),
(16, 'Mish\'undare, coiffure du flagelleur mental', 'BWL', 'Néfarian', 1, 83, 'head', 6889),
(17, 'Anneau de puissance de sort', 'MC', 'Multiple Boss', 0, 66, 'finger', 2395),
(18, 'Torse T2', 'BWL', 'Néfarian', 0, 76, 'chest', 5776),
(19, 'Bottes de la Flamme d\'ombre', 'BWL', 'Néfarian', 0, 83, 'feet', 5352),
(20, 'Maladath, lame runique du Vol noir', 'BWL', 'Seigneur des couvées Lashlayer', 1, 75, 'weapon1h', 2362),
(21, 'Gemme de récupération', 'BWL', 'Multiple Boss', 1, 75, 'trinket', 3937),
(22, 'Gants en cuir de dragon tendu', 'BWL', 'Chromagus', 0, 77, 'hands', 4606),
(23, 'Spallières de croissance sauvage', 'MC', 'Chambellan Executus', 0, 71, 'shoulder', 3916),
(24, 'Eclat de l\'Ecaille', 'Boss', 'Onyxia', 1, 71, 'trinket', 3528),
(25, 'Epauliere T2', 'BWL', 'Chromagus', 0, 76, 'shoulder', 4487),
(26, 'Bottes de la pensée pure', 'BWL', 'Trash', 0, 70, 'feet', 3807),
(27, 'Gant T2', 'BWL', 'Multiple Boss', 0, 76, 'hands', 4487),
(28, 'Récolteur d\'essence', 'BWL', 'Trash', 0, 70, 'wand', 2058),
(29, 'Voile de la Pensée pur', 'BWL', 'Flamegor', 0, 75, 'back', 3093),
(30, 'Epée trempée chromatiquement', 'BWL', 'Chromagus', 1, 77, 'weapon1h', 2490),
(31, 'Vis\'kag le Saigneur', 'Boss', 'Onyxia', 0, 74, 'weapon1h', 2299),
(32, 'Lame de brutalité', 'MC', 'Garr', 0, 70, 'weapon1h', 2058),
(34, 'Crul\'shorukh, Trancheuse du chaos', 'BWL', 'Néfarian', 0, 81, 'weapon1h', 2755),
(35, 'Ceinturon d\'assaut', 'MC', 'Ragnaros', 1, 78, 'waist', 4727),
(36, 'Anneau de Précisia', 'MC', 'Ragnaros', 1, 75, 'finger', 3093),
(37, 'Ceinture T2', 'BWL', 'Vaelastraz le Corrompu', 0, 76, 'waist', 4487),
(38, 'Bâton de Domination', 'MC', 'Golemagg l\'Incinérateur', 0, 70, 'weapon2h', 4900),
(39, 'Marteau d\'Aurastone', 'MC', 'Garr', 0, 69, 'weapon1h', 1999),
(40, 'Epauliere T1', 'MC', 'Multiple Boss', 0, 66, 'shoulder', 3384),
(41, 'Gant T1', 'MC', 'Multiple Boss', 0, 66, 'hands', 3384),
(42, 'Botte T1', 'MC', 'Multiple Boss', 0, 66, 'feet', 3384),
(43, 'Baton de la flamme d\'ombre', 'BWL', 'Néfarian', 1, 81, 'weapon2h', 6561),
(44, 'Bottes de blizzard de Ringo', 'BWL', 'Trash', 0, 71, 'feet', 3916),
(45, 'Anneau de Concentration forcée', 'BWL', 'Rochébène', 1, 75, 'finger', 3093),
(46, 'Larme de Neltharion', 'BWL', 'Néfarian', 1, 83, 'trinket', 4822),
(47, 'Collier du Seigneur du Feu', 'MC', 'Ragnaros', 0, 78, 'neck', 3346),
(48, 'Tête de Onyxia', 'Boss', 'Onyxia', 0, 74, 'neck', 3011),
(49, 'Cercle de la force appliquée', 'BWL', 'Flamegor', 0, 75, 'finger', 3093),
(50, 'Espauliers griffe-de-drake', 'BWL', 'Multiple Boss', 0, 75, 'shoulder', 4370),
(51, 'Bracelet T2', 'BWL', 'Tranchetripe l\'Indompté', 0, 76, 'wrist', 3176),
(52, 'Bouclier en élémentium renforcé', 'BWL', 'Chromagus', 0, 77, 'shield', 3260),
(53, 'Botte T2', 'BWL', 'Seigneur des couvées Lashlayer', 0, 76, 'feet', 4487),
(54, 'Casque T1', 'MC', 'Multiple Boss', 0, 66, 'head', 4356),
(55, 'Casque T2', 'Boss', 'Onyxia', 0, 76, 'head', 5776),
(56, 'Cape brochée d\'élémentium', 'BWL', 'Chromagus', 0, 77, 'back', 3260),
(57, 'Bague de rétorsion d\'Archimtiros', 'BWL', 'Néfarian', 0, 83, 'finger', 3788),
(58, 'Cape du Voile de brume', 'MC', 'Ragnaros', 0, 74, 'back', 3011),
(59, 'Gemme donneuse de vie', 'BWL', 'Néfarian', 0, 75, 'trinket', 3937),
(60, 'Anneau de Sulfuras', 'MC', 'Ragnaros', 0, 78, 'finger', 3346),
(61, 'Protège-épaules en cuir de dragon tendu', 'BWL', 'Chromagus', 0, 77, 'shoulder', 4606),
(62, 'Lame de la perdition', 'MC', 'Ragnaros', 0, 77, 'weapon1h', 2490),
(63, 'Jambière T2', 'MC', 'Ragnaros', 0, 76, 'legs', 5776),
(64, 'Torse T1', 'MC', 'Multiple Boss', 0, 66, 'chest', 4356),
(65, 'Corde de mana enflammé', 'MC', 'Multiple Boss', 0, 71, 'waist', 3916),
(66, 'Trancheuse du destin', 'BWL', 'Trash', 0, 70, 'weapon1h', 2058),
(67, 'Gantelets de garde des flammes', 'MC', 'Multiple Boss', 0, 69, 'hands', 3699),
(68, 'Dent de chien du magma', 'MC', 'Chambellan Executus', 0, 70, 'weapon1h', 2058),
(69, 'Marque du Frappeur', 'MC', 'Magmadar', 1, 69, 'rangedWeapon', 1999),
(70, 'Grimoire de runes de feu', 'MC', 'Multiple Boss', 0, 70, 'offHand', 2695),
(71, 'Médaillon de Puissance inébranlable', 'MC', 'Magmadar', 0, 68, 'chest', 4624),
(72, 'Cuissards d\'Attise-flammes', 'MC', 'Magmadar', 0, 61, 'legs', 3721),
(73, 'Disque Drillborer', 'MC', 'Garr', 0, 67, 'shield', 2468),
(74, 'Sceau de l\'archimagus', 'MC', 'Baron Geddon', 0, 70, 'finger', 2695),
(75, 'Lance-grenaille explosif', 'MC', 'Golemagg l\'Incinérateur', 0, 70, 'rangedWeapon', 2058),
(76, 'Garde-poignets de vrai vol', 'MC', 'Chambellan Executus', 0, 71, 'wrist', 2772),
(77, 'Bracelet T1', 'MC', 'Trash', 0, 66, 'wrist', 2395),
(78, 'Cape ignifugée', 'MC', 'Chambellan Executus', 0, 71, 'back', 2772),
(79, 'Cape sang-de-dragon', 'MC', 'Ragnaros', 0, 73, 'back', 2930),
(80, 'Oeil de Sulfuras', 'MC', 'Ragnaros', 0, 80, 'weapon2h', 6400),
(81, 'Drapé de Saphiron', 'Boss', 'Onyxia', 0, 72, 'back', 2851),
(82, 'Sac à dos en cuir d\'Onyxia', 'Boss', 'Onyxia', 0, 0, NULL, 0),
(83, 'Protecteur en écailles de dragon rouge', 'BWL', 'Vaelastrasz le Corrompu', 0, 74, 'shield', 3011),
(84, 'Cape de puissance draconique', 'BWL', 'Multiple Boss', 0, 70, 'back', 2695),
(85, 'Gemme de vivacité d\'esprit', 'BWL', 'Vaelastrasz le Corrompu', 0, 76, 'trinket', 4043),
(86, 'Totem venimeux', 'BWL', 'Seigneur des couvées Lashlayer', 0, 76, 'trinket', 4043),
(87, 'Griffe du drake noir', 'BWL', 'Griffe du drake noir', 0, 75, 'weapon1h', 2362),
(88, 'Anneau de sombre domination', 'BWL', 'Trash', 0, 70, 'finger', 2695),
(89, 'Gants de la flamme d\'ébène', 'BWL', 'Rochébène', 0, 75, 'hands', 4370),
(90, 'Torsade d\'Angelista', 'BWL', 'Chromaggus', 0, 77, 'waist', 4606),
(91, 'Griffe de Chromaggus', 'BWL', 'Chromaggus', 0, 77, 'weapon1h', 2490),
(92, 'Cape du seigneur des couvées', 'BWL', 'Nefarian', 0, 83, 'back', 3788),
(93, 'Prophète de malheur', 'BWL', 'Flamegor', 0, 75, 'weapon2h', 5625),
(94, 'Pantalon en écailles de salamandre', 'MC', 'Multiple Boss', 0, 64, 'legs', 4096),
(95, 'Jambiere T1', 'MC', 'Multiple Boss', 0, 66, 'legs', 4356),
(96, 'Lame à tranchant d\'obsidienne', 'MC', 'Multiple Boss', 0, 68, 'weapon2h', 4624),
(97, 'Déchireur de Gutgore', 'MC', 'Garr', 0, 69, 'weapon1h', 1999),
(98, 'Vieux gants en cuir du Magma', 'MC', 'Multiple Boss', 0, 69, 'hands', 3699),
(99, 'Essence de la Flamme pure', 'MC', 'Ragnaros', 0, 76, 'trinket', 4043),
(100, 'Fragment de la Flamme', 'MC', 'Ragnaros', 0, 74, 'trinket', 3833),
(101, 'Ancien Grimoire de Cornerstone', 'Boss', 'Onyxia', 0, 76, 'offHand', 3176),
(102, 'Le Livre noir', 'BWL', 'Tranchetripe l\'Indompté', 0, 76, 'trinket', 4043),
(103, 'Cape gueule-de-feu', 'BWL', 'Gueule-de-feu', 0, 75, 'back', 3093),
(104, 'Bague de Blackrock', 'BWL', 'Multiple Boss', 0, 75, 'finger', 3093),
(106, 'Brassards de précision des arcanes', 'BWL', 'Seigneur des couvées Lashlayer', 0, 75, 'wrist', 3093),
(107, 'Cape de consomption', 'ZG', 'Hakkar', 0, 68, 'back', 2543),
(108, 'Mauvais oeil de Jin\'do', 'ZG', 'Jin\'do le Maléficieur', 0, 66, 'neck', 2395),
(109, 'Maléficieur de Jin\'do', 'ZG', 'Jin\'do le Maléficieur', 0, 66, 'weapon1h', 1829),
(110, 'Robe du pouvoir volatile', 'MC', 'Multiple Boss', 0, 66, 'chest', 4356),
(112, 'Griffe droite d\'Eskhandar', 'MC', 'Magmadar', 0, 66, 'weapon1h', 1829),
(113, 'Dague ensorceleuse', 'MC', 'Multiple Boss', 0, 65, 'weapon1h', 1774),
(114, 'Défenseur de Malistar', 'MC', 'Ragnaros', 0, 75, 'shield', 3093),
(115, 'Epaulières de garde du feu', 'MC', 'Chambellan Executus', 0, 71, 'shoulder', 3916),
(116, 'Collier d\'Eskhandar', 'Boss', 'Onyxia', 0, 71, 'neck', 2772),
(117, 'Porte-mort', 'Boss', 'Onyxia', 0, 75, 'weapon1h', 2362),
(118, 'Croc du Sans-Visage', 'ZG', 'Hakkar', 0, 68, 'weapon1h', 1942),
(119, 'Lame de guerre des Hakkari (droite)', 'ZG', 'Hakkar', 0, 68, 'weapon1h', 1942),
(120, 'Gantelets de garde-paix', 'ZG', 'Hakkar', 0, 68, 'hands', 3592),
(121, 'Couvre-oeil de Dagharn', 'ZG', 'Gahz\'ranka', 0, 65, 'head', 4225),
(122, 'Coiffe de croissance déviante', 'ZG', 'Léthon', 0, 75, 'head', 5625),
(123, 'Parchemin de lumière aveuglante', 'BWL', 'Gueule-de-feu', 0, 76, 'trinket', 4043),
(124, 'Défenseur du Seigneur sanglant', 'ZG', 'Seigneur sanglant Mandokir', 0, 66, 'weapon1h', 1829),
(125, 'Ashkandi, Grande épée de la Confrérie', 'BWL', 'Nefarian', 0, 81, 'weapon2h', 6561),
(126, 'Cuissards du croisé déchu', 'BWL', 'Gueule-de-feu', 0, 75, 'feet', 4370),
(127, 'Heaume de la rage infinie', 'BWL', 'Vaelastrasz le Corrompu', 0, 74, 'head', 5476),
(128, 'Robe de cendre noire', 'BWL', 'Gueule-de-feu', 0, 75, 'chest', 5625),
(129, 'Egide de préservation', 'BWL', 'Rochébène', 0, 76, 'trinket', 4043),
(130, 'Vengeresse draconique', 'BWL', 'Trash', 0, 71, 'weapon2h', 5041),
(131, 'Geta chatoyantes', 'BWL', 'Chromaggus', 0, 77, 'feet', 4606),
(133, 'Sceau du berserker gurubashi', 'ZG', 'Multiple Boss', 0, 65, 'finger', 2323),
(135, 'Robe rituelle flottante', 'ZG', 'Grande prêtresse Mar\'li', 0, 65, 'chest', 4225),
(137, 'Hallebarde de châtiment', 'ZG', 'Seigneur sanglant Mandokir', 0, 66, 'weapon2h', 4356),
(138, 'Poing de Thekal', 'ZG', 'Grand prêtre Thekal', 0, 65, 'weapon1h', 1774),
(140, 'Larme de Chaos', 'ZG', 'Hakkar', 0, 68, 'wand', 1942),
(141, 'Ancienne massacreuse hakkari', 'ZG', 'Hakkar', 0, 68, 'weapon1h', 1942),
(142, 'Coeur d\'Hakkar', 'ZG', 'Hakkar', 0, 68, 'trinket', 3236),
(143, 'Raptor razzashi rapide', 'ZG', 'Multiple Boss', 0, 0, NULL, 0),
(144, 'Tigre zulien rapide', 'ZG', 'Multiple Boss', 0, 0, NULL, 0),
(145, 'Exterminateur de poisson de Nat Pagle', 'ZG', 'Gahz\'ranka', 0, 65, 'weapon2h', 4225),
(146, 'Lame de guerre des Hakkari (gauche)', 'ZG', 'Multiple Boss', 0, 66, 'weapon1h', 1829),
(147, 'Idole primordiale hakkari', 'ZG', 'Multiple Boss', 0, 0, NULL, 0),
(148, 'Zin\'rokh, Destructeur de mondes', 'ZG', 'Hakkar', 0, 68, 'weapon2h', 4624),
(149, 'Collier d\'illumination', 'MC', 'Lucifron', 0, 65, 'neck', 2323),
(150, 'Jugement de Jin\'do', 'ZG', 'Jin\'do le Maléficieur', 0, 66, 'weapon2h', 4356),
(151, 'Sac de sales tours de Jin\'do', 'ZG', 'Jin\'do le Maléficieur', 0, 66, 'offHand', 2395),
(152, 'Destructeur de nains gurubashi', 'ZG', 'Hakkar', 0, 68, 'rangedWeapon', 1942),
(153, 'Croc de Venoxis', 'ZG', 'Grand prêtre Venoxis', 0, 65, 'weapon1h', 1774),
(154, 'Rune de transformation', 'BWL', 'Vaelastrasz le Corrompu', 0, 76, 'trinket', 4043),
(155, 'Etreinte d\'Arlokk', 'ZG', 'Grande prêtresse Arlokk', 0, 65, 'weapon1h', 1774),
(156, 'L\'Oeil d\'Hakkar', 'ZG', 'Hakkar', 0, 68, 'neck', 2543),
(157, 'Bague de servitude', 'ZG', 'Multiple Boss', 0, 65, 'finger', 2323),
(158, 'Anneau épais en sombrefer', 'MC', 'Multiple Boss', 0, 66, 'finger', 2395),
(159, 'Feuille ancienne pétrifiée', 'MC', 'Chambellan Executus', 0, 75, 'rangedWeapon', 2362),
(161, 'L\'Oeil de la divinité', 'MC', 'Chambellan Executus', 0, 75, 'weapon2h', 5625),
(162, 'Echarpe des secrets murmurés', 'MC', 'Chambellan Executus', 0, 71, 'waist', 3916),
(163, 'Fléau de Bonereaver', 'MC', 'Ragnaros', 0, 77, 'weapon2h', 5929),
(164, 'Cuissards imprégnés de sang', 'ZG', 'Hakkar', 0, 68, 'legs', 4624),
(165, 'Garde-poignets de stabilité', 'MC', 'Multiple Boss', 0, 65, 'wrist', 2323),
(166, 'Jambières du Gardien des nuages', 'MC', 'Trash', 0, 62, 'legs', 3844),
(167, 'Tome de métamorphose : Tortue', 'ZG', 'Gahz\'ranka', 0, 0, NULL, 0),
(168, 'Toucher du dragon', 'BWL', 'Flamegor', 0, 75, 'wand', 2362),
(169, 'Sac en peau de panthère', 'ZG', 'Grande prêtresse Arlokk', 0, 0, 'back', 0),
(170, 'Cherche-sang', 'ZG', 'Hakkar', 0, 68, 'weapon1h', 1942),
(171, 'Aiguillon de Mandokir', 'ZG', 'Seigneur sanglant Mandokir', 0, 66, 'rangedWeapon', 1829),
(172, 'Egide du Dieu sanglant', 'ZG', 'Hakkar', 0, 68, 'shield', 2543),
(173, 'Anneau de lien', 'Boss', 'Onyxia', 0, 73, 'finger', 2930),
(174, 'Volonté d\'Arlokk', 'ZG', 'Grande prêtresse Arlokk', 0, 65, 'weapon2h', 4225),
(176, 'Frappe-ténèbres', 'MC', 'Messager de Sulfuron', 0, 63, 'weapon2h', 3969),
(177, 'Bottes du traître', 'ZG', 'Grand prêtre Thekal', 0, 65, 'feet', 3282),
(178, 'Lame croc-de-dragon', 'BWL', 'Vaelastrasz le Corrompu', 0, 74, 'weapon1h', 2299),
(179, 'Ecraseur cramoisi', 'MC', 'Multiple Boss', 0, 66, 'wand', 1829),
(180, 'Arrache-moelle', 'MC', 'Ragnaros', 0, 76, 'weapon2h', 5776),
(181, 'Collier du Corrupteur d\'âmes', 'ZG', 'Hakkar', 0, 68, 'neck', 2543),
(182, 'Ecraseur de Jeklik', 'ZG', 'Grande prêtresse Jeklik', 0, 65, 'weapon2h', 4225),
(183, 'Toucher de Mar\'li', 'ZG', 'Grande prêtresse Mar\'li', 0, 65, 'wand', 1774),
(184, 'Ceinture en cuir de dragon tendu', 'BWL', 'Multiple Boss', 0, 75, 'waist', 4370),
(185, 'Etreinte Gueule-de-feu', 'BWL', 'Gueule-de-feu', 0, 75, 'waist', 4370),
(186, 'Ceinture T1', 'MC', 'Trash', 0, 66, 'waist', 3384),
(187, 'Maillet draconique', 'BWL', 'Multiple Boss', 0, 70, 'weapon2h', 4900),
(188, 'Rempart béni de Malfurion', 'BWL', 'Rochébène', 0, 75, 'chest', 5625),
(189, 'Drague-lave de Finkle', 'MC', 'Cachette du Seigneur du feu', 0, 70, 'weapon2h', 4900),
(190, 'Trembleterre', 'MC', 'Magmadar', 0, 66, 'weapon2h', 4356),
(191, 'Pourpoint d\'ombre entrelacé', 'BWL', 'Trash', 0, 71, 'chest', 5041),
(192, 'Canon à main Souffle-de-dragon', 'BWL', 'Rochébène', 0, 75, 'rangedWeapon', 2362),
(193, 'Gemme imprégnée d\'arcanes', 'BWL', 'Tranchetripe l\'Indompté', 0, 76, 'trinket', 4043),
(194, 'Jambières en tisse-braise', 'BWL', 'Flamegor', 0, 75, 'legs', 5625),
(195, 'Brise-échine', 'MC', 'Tranchetripe l\'Indompté', 0, 73, 'weapon1h', 2238),
(197, 'Frappe-coeur', 'BWL', 'Seigneur des couvées Lashlayer', 0, 75, 'rangedWeapon', 2362),
(198, 'Dague sacrificielle qiraji', 'AQ20', 'Kurinnaxx', 0, 66, 'weapon1h', 1829),
(199, 'Habit des Sables changeants', 'AQ20', 'Kurinnaxx', 0, 66, 'chest', 4356),
(200, 'Bottes de l\'avant-garde', 'AQ20', 'Général Rajaxx', 0, 66, 'feet', 3384),
(201, 'Massacreuse des Qiraji', 'AQ20', 'Général Rajaxx', 0, 66, 'weapon2h', 4356),
(202, 'Gantelets de l\'Inébranlable', 'AQ20', 'Multiple Boss', 0, 68, 'hands', 3592),
(203, 'Serre de concentration furieuse', 'AQ20', 'Moam', 0, 69, 'offHand', 2618),
(204, 'Turban terrevent', 'AQ20', 'Moam', 0, 69, 'head', 4761),
(205, 'Corselet silithide épais', 'AQ20', 'Moam', 0, 69, 'chest', 4761),
(206, 'Fragment du crâne de Buru', 'AQ20', 'Buru Grandgosier', 0, 68, 'shield', 2543),
(207, 'Gantelets d\'écailles visqueux', 'AQ20', 'Buru Grandgosier', 0, 68, 'hands', 3592),
(208, 'Gants de l\'essaim', 'AQ20', 'Buru Grandgosier', 0, 68, 'hands', 3592),
(209, 'Gants de la flamme hypnotique', 'MC', 'Cachette du Seigneur du feu', 0, 70, 'hands', 3807);

-- --------------------------------------------------------

--
-- Stand-in structure for view `item_point_history`
-- (See below for the actual view)
--
CREATE TABLE `item_point_history` (
`item` int(11)
,`item_name` varchar(64)
,`player` int(11)
,`player_name` varchar(64)
,`item_loot_name` varchar(64)
,`point` bigint(20)
,`date` datetime
,`type` varchar(4)
);

-- --------------------------------------------------------

--
-- Stand-in structure for view `item_point_history_loot`
-- (See below for the actual view)
--
CREATE TABLE `item_point_history_loot` (
`item` int(11)
,`player` int(11)
,`point` decimal(41,0)
);

-- --------------------------------------------------------

--
-- Stand-in structure for view `item_point_history_raid`
-- (See below for the actual view)
--
CREATE TABLE `item_point_history_raid` (
`item` int(11)
,`player` int(11)
,`point` decimal(41,0)
);

-- --------------------------------------------------------

--
-- Stand-in structure for view `item_priority`
-- (See below for the actual view)
--
CREATE TABLE `item_priority` (
`item` int(11)
,`player` int(11)
,`item_name` varchar(64)
,`player_name` varchar(64)
,`point` decimal(62,0)
,`ratio` int(11)
,`ev` decimal(41,0)
,`gp` double(17,0)
,`evgp_ratio` double(17,0)
,`nb_loot` decimal(63,0)
,`nb_raid` decimal(63,0)
,`nb_raid_without_loot` decimal(32,0)
,`nb_raid_wait` decimal(46,4)
);

-- --------------------------------------------------------

--
-- Stand-in structure for view `last_player_loot`
-- (See below for the actual view)
--
CREATE TABLE `last_player_loot` (
`player` int(11)
,`loot_date` datetime
);

-- --------------------------------------------------------

--
-- Stand-in structure for view `last_raid_attendance`
-- (See below for the actual view)
--
CREATE TABLE `last_raid_attendance` (
`player` int(11)
,`player_name` varchar(64)
,`instance` varchar(8)
,`attendance` bigint(21)
);

-- --------------------------------------------------------

--
-- Stand-in structure for view `loot_history`
-- (See below for the actual view)
--
CREATE TABLE `loot_history` (
`item_id` int(11)
,`item_name` varchar(64)
,`item_big` tinyint(1)
,`player_id` int(11)
,`player_name` varchar(64)
,`loot_date` datetime
,`raid` int(11)
,`initial_gp` int(11)
,`gp` double(17,0)
,`attribution` varchar(9)
);

-- --------------------------------------------------------

--
-- Stand-in structure for view `no_loot`
-- (See below for the actual view)
--
CREATE TABLE `no_loot` (
`nb_raid` decimal(32,0)
,`player` int(11)
);

-- --------------------------------------------------------

--
-- Table structure for table `player`
--

CREATE TABLE `player` (
  `id` int(11) NOT NULL,
  `name` varchar(64) NOT NULL,
  `class` varchar(16) NOT NULL,
  `rank` varchar(32) NOT NULL
) ENGINE=InnoDB DEFAULT CHARSET=utf8mb4;

--
-- Dumping data for table `player`
--

INSERT INTO `player` (`id`, `name`, `class`, `rank`) VALUES
(1, 'Galyenai', 'priest', 'membre'),
(2, 'Galyanai', 'druid', 'reroll'),
(3, 'Umyr', 'warrior', 'membre'),
(4, 'Blackshade', 'druid', 'inactif'),
(5, 'Argawaen', 'hunter', 'membre'),
(6, 'Pifpafpoof', 'mage', 'casu'),
(7, 'Anailam', 'rogue', 'membre'),
(8, 'Taecia', 'paladin', 'membre'),
(9, 'Kahlyne', 'priest', 'membre'),
(10, 'Cocogg', 'paladin', 'membre'),
(11, 'Pipounoune', 'priest', 'membre'),
(12, 'Knarf', 'warrior', 'membre'),
(13, 'Cerîse', 'priest', 'inactif'),
(14, 'Lansidia', 'warrior', 'membre'),
(15, 'Tagry', 'mage', 'membre'),
(16, 'Nak', 'mage', 'inactif'),
(17, 'Razorback', 'rogue', 'casu'),
(18, 'Remco', 'paladin', 'membre'),
(19, 'Sélé', 'druid', 'membre'),
(20, 'Classik', 'warrior', 'membre'),
(21, 'Huttul', 'warrior', 'inactif'),
(22, 'Sharkky', 'paladin', 'inactif'),
(23, 'Edenya', 'rogue', 'membre'),
(24, 'Xehmac', 'warrior', 'membre'),
(25, 'Meurtrière', 'warrior', 'membre'),
(26, 'Myre', 'warrior', 'inactif'),
(27, 'Samo', 'warrior', 'membre'),
(28, 'Venom', 'rogue', 'membre'),
(29, 'Aelianaa', 'druid', 'casu'),
(30, 'Glumorg', 'druid', 'membre'),
(31, 'Horthmund', 'rogue', 'inactif'),
(32, 'Yonuris', 'paladin', 'inactif'),
(33, 'Idoi', 'mage', 'inactif'),
(35, 'Valez', 'warrior', 'inactif'),
(36, 'Daguoku', 'rogue', 'membre'),
(37, 'Copperfield', 'mage', 'inactif'),
(38, 'Atomisator', 'mage', 'inactif'),
(39, 'Deadlyboulon', 'rogue', 'membre'),
(40, 'Nouna (Nouna)', 'druid', 'reroll'),
(41, 'Xemthree (Glumorg)', 'warlock', 'reroll'),
(43, 'Zarbix', 'paladin', 'inactif'),
(44, 'Devy', 'paladin', 'casu'),
(45, 'Aboly', 'druid', 'membre'),
(46, 'Gougou', 'rogue', 'inactif'),
(47, 'Cot (Blackshade)', 'mage', 'inactif'),
(50, 'Burnya', 'mage', 'membre'),
(51, 'Arkinor (Atomisator)', 'warrior', 'inactif'),
(52, 'Danaé', 'warlock', 'membre'),
(53, 'Zelock', 'warlock', 'inactif'),
(54, 'Lenwe (cerise)', 'hunter', 'reroll'),
(55, 'Wanderlei', 'warlock', 'membre'),
(56, 'Släzenger', 'druid', 'membre'),
(57, 'Gnomeopathie', 'warlock', 'inactif'),
(58, 'Brokenarrow', 'hunter', 'casu'),
(59, 'Fulgur (Sélé)', 'rogue', 'reroll'),
(60, 'Pazuzu', 'hunter', 'membre'),
(61, 'Celianus (Argawaen)', 'paladin', 'reroll'),
(62, 'Xemac', 'paladin', 'reroll'),
(63, 'Cyclonik (Daguoku)', 'hunter', 'reroll'),
(64, 'Kilyarie (Edenya)', 'priest', 'reroll'),
(65, 'Blackou (Blackshade)', 'warrior', 'inactif'),
(66, 'Babidi', 'mage', 'membre'),
(68, 'Hatya', 'paladin', 'membre'),
(69, 'Primoz (Remco)', 'mage', 'reroll'),
(70, 'Myoul', 'mage', 'membre'),
(71, 'Mickeljack (Nak)', 'rogue', 'reroll'),
(72, 'Kitsune', 'warrior', 'inactif'),
(73, 'Alcolozette', 'priest', 'membre'),
(74, 'Mbt (Nak)', 'hunter', 'reroll'),
(75, 'Aurium', 'hunter', 'inactif'),
(77, 'Apogee (Zelock)', 'warrior', 'inactif'),
(78, 'Galyanei', 'hunter', 'reroll'),
(79, 'Xemone', 'warlock', 'reroll'),
(80, 'Khax (Burnya)', 'rogue', 'reroll'),
(81, 'Nelhween (Danaé)', 'warrior', 'reroll'),
(82, 'Pixelle (Maman Danaé)', 'mage', 'inactif'),
(83, 'Josh (Papa Danaé)', 'priest', 'inactif'),
(84, 'Poluxounet (Hatya)', 'rogue', 'reroll'),
(85, 'Soma', 'rogue', 'reroll'),
(87, 'Galyenei', 'warrior', 'reroll'),
(88, 'Froidbrassé (Daguoku)', 'mage', 'reroll'),
(89, 'Lespanol (Venom)', 'warrior', 'reroll'),
(90, 'Varium', 'warlock', 'membre'),
(91, 'Hittil (Huttul)', 'mage', 'inactif'),
(92, 'Yanisvae (Anailam)', 'warrior', 'reroll'),
(93, 'Artémisios', 'hunter', 'membre'),
(94, 'Nainprecis (Umyr)', 'hunter', 'reroll'),
(95, 'Darkdevil (Argawen)', 'warlock', 'reroll'),
(96, 'Benssus', 'druid', 'test'),
(97, 'Deadstars', 'rogue', 'casu'),
(98, 'Shymïs (Hatya)', 'mage', 'reroll'),
(99, 'Gourmandise', 'mage', 'membre'),
(100, 'Tappeerr', 'warrior', 'membre'),
(101, 'Khalomnye (Khalyne)', 'druid', 'reroll'),
(102, 'Fdprocher', 'rogue', 'casu'),
(103, 'Sneez', 'warrior', 'casu'),
(104, 'Zoelock', 'mage', 'inactif'),
(105, 'Ouillu (Xemac)', 'mage', 'reroll'),
(106, 'Cheekybun', 'rogue', 'membre'),
(107, 'Framboise (Cerise)', 'mage', 'inactif'),
(108, 'Azurivath (Taecia)', 'rogue', 'reroll'),
(109, 'Crixus', 'warrior', 'membre'),
(110, 'Kanaillou (Arthemistos)', 'mage', 'reroll'),
(111, 'Vinaigreen', 'rogue', 'inactif'),
(112, 'Mirza', 'mage', 'casu'),
(113, 'Isulia', 'rogue', 'test'),
(114, 'Pompyro (Cheeky)', 'mage', 'reroll'),
(115, 'Karaa', 'warlock', 'casu'),
(116, 'Purification (arga)', 'mage', 'reroll'),
(117, 'Ptipont (Gourmandise)', 'warrior', 'reroll'),
(118, 'Naqued', 'priest', 'membre'),
(119, 'Aboly', 'priest', 'reroll'),
(120, 'Fdpowned', 'warlock', 'casu'),
(121, 'Galyenoi', 'priest', 'reroll'),
(122, 'Ayshae (Hatya)', 'warrior', 'reroll'),
(123, 'Gutenproden (cocogg)', 'mage', 'reroll'),
(124, 'Maliana (Anailam)', 'mage', 'reroll'),
(125, 'Leonne (Mirza)', 'warrior', 'reroll'),
(126, 'Canna', 'warlock', 'test'),
(127, 'Fujiko (Artémisios)', 'rogue', 'reroll'),
(128, 'Ravenfield (Tappeerr)', 'paladin', 'reroll');

-- --------------------------------------------------------

--
-- Stand-in structure for view `player_ev`
-- (See below for the actual view)
--
CREATE TABLE `player_ev` (
`player` int(11)
,`name` varchar(64)
,`ev` decimal(41,0)
);

-- --------------------------------------------------------

--
-- Stand-in structure for view `player_gp`
-- (See below for the actual view)
--
CREATE TABLE `player_gp` (
`player` int(11)
,`name` varchar(64)
,`gp` double(17,0)
);

-- --------------------------------------------------------

--
-- Table structure for table `player_loot`
--

CREATE TABLE `player_loot` (
  `player` int(11) NOT NULL,
  `item` int(11) NOT NULL,
  `raid` int(11) NOT NULL,
  `ratio` int(11) NOT NULL DEFAULT '1',
  `wl` tinyint(1) NOT NULL
) ENGINE=InnoDB DEFAULT CHARSET=utf8mb4;

--
-- Dumping data for table `player_loot`
--

INSERT INTO `player_loot` (`player`, `item`, `raid`, `ratio`, `wl`) VALUES
(1, 7, 4, 10, 1),
(1, 18, 55, 10, 1),
(1, 24, 26, 10, 1),
(1, 25, 15, 10, 1),
(1, 27, 35, 10, 1),
(1, 82, 40, 0, 0),
(1, 108, 14, 10, 1),
(1, 128, 8, 0, 0),
(1, 129, 15, 0, 0),
(1, 131, 8, 0, 0),
(1, 135, 11, 0, 0),
(1, 147, 17, 0, 0),
(1, 147, 46, 0, 0),
(1, 150, 23, 0, 0),
(1, 157, 71, 0, 0),
(3, 2, 8, 10, 1),
(3, 3, 35, 10, 1),
(3, 4, 8, 10, 1),
(3, 18, 63, 10, 1),
(3, 51, 59, 10, 1),
(3, 52, 15, 10, 1),
(3, 53, 21, 10, 1),
(3, 57, 72, 10, 0),
(3, 59, 29, 10, 1),
(3, 63, 61, 10, 1),
(3, 68, 48, 10, 1),
(3, 75, 3, 0, 0),
(3, 75, 53, 10, 0),
(3, 79, 12, 10, 0),
(3, 87, 29, 10, 0),
(3, 124, 11, 10, 1),
(3, 147, 22, 0, 0),
(3, 147, 41, 0, 0),
(3, 158, 57, 0, 0),
(3, 164, 19, 10, 0),
(3, 178, 67, 10, 1),
(4, 7, 8, 10, 1),
(4, 147, 13, 0, 0),
(4, 147, 28, 0, 0),
(5, 10, 55, 10, 1),
(5, 18, 4, 10, 0),
(5, 25, 8, 10, 0),
(5, 25, 59, 0, 0),
(5, 27, 8, 10, 0),
(5, 37, 6, 10, 0),
(5, 51, 29, 10, 0),
(5, 53, 21, 10, 0),
(5, 68, 5, 10, 1),
(5, 82, 5, 0, 0),
(5, 118, 71, 10, 1),
(5, 119, 10, 10, 1),
(5, 142, 43, 0, 0),
(5, 147, 23, 0, 0),
(5, 147, 28, 0, 0),
(6, 15, 15, 10, 1),
(6, 53, 4, 10, 0),
(6, 55, 7, 10, 0),
(6, 63, 26, 10, 0),
(6, 81, 3, 10, 0),
(6, 91, 4, 10, 0),
(6, 101, 5, 0, 0),
(6, 104, 15, 10, 0),
(7, 9, 29, 10, 1),
(7, 18, 35, 10, 1),
(7, 27, 29, 0, 0),
(7, 37, 21, 10, 0),
(7, 55, 12, 0, 0),
(7, 69, 18, 10, 1),
(7, 82, 3, 0, 0),
(7, 103, 77, 10, 1),
(7, 115, 12, 0, 0),
(7, 119, 25, 10, 0),
(7, 138, 9, 0, 0),
(7, 146, 64, 10, 1),
(7, 147, 19, 0, 0),
(7, 147, 43, 0, 0),
(7, 155, 19, 0, 0),
(8, 16, 6, 10, 1),
(8, 22, 6, 10, 1),
(8, 23, 61, 10, 1),
(8, 24, 84, 10, 0),
(8, 27, 15, 0, 0),
(8, 51, 35, 0, 0),
(8, 108, 50, 10, 1),
(8, 109, 10, 10, 0),
(8, 120, 10, 10, 0),
(8, 123, 67, 0, 0),
(8, 142, 41, 10, 0),
(8, 147, 16, 0, 0),
(8, 147, 41, 0, 0),
(9, 7, 15, 10, 1),
(9, 21, 29, 10, 1),
(9, 37, 81, 10, 0),
(9, 53, 4, 10, 0),
(9, 108, 42, 10, 1),
(9, 147, 10, 0, 0),
(9, 169, 30, 0, 0),
(10, 6, 51, 10, 1),
(10, 8, 7, 10, 1),
(10, 22, 21, 0, 0),
(10, 25, 63, 0, 0),
(10, 26, 63, 10, 1),
(10, 27, 4, 0, 0),
(10, 48, 65, 0, 0),
(10, 51, 15, 0, 0),
(10, 101, 84, 0, 0),
(10, 108, 11, 10, 1),
(10, 110, 7, 10, 0),
(10, 120, 78, 10, 0),
(10, 137, 9, 0, 0),
(10, 147, 34, 0, 0),
(10, 147, 54, 0, 0),
(10, 147, 69, 0, 0),
(10, 147, 80, 0, 0),
(11, 25, 45, 10, 0),
(11, 27, 35, 10, 1),
(11, 29, 55, 10, 1),
(11, 41, 26, 0, 0),
(11, 48, 49, 0, 0),
(11, 51, 6, 10, 0),
(11, 53, 6, 10, 0),
(11, 54, 12, 0, 0),
(11, 60, 32, 0, 0),
(11, 63, 3, 10, 0),
(11, 74, 3, 0, 0),
(11, 82, 12, 0, 0),
(11, 95, 12, 0, 0),
(11, 108, 30, 10, 1),
(11, 129, 8, 0, 0),
(11, 131, 67, 0, 0),
(11, 142, 46, 0, 0),
(11, 147, 27, 0, 0),
(11, 147, 37, 0, 0),
(11, 169, 27, 0, 0),
(11, 179, 32, 0, 0),
(12, 2, 4, 10, 1),
(12, 20, 35, 10, 1),
(12, 25, 59, 0, 0),
(12, 32, 36, 10, 0),
(12, 40, 7, 0, 0),
(12, 48, 7, 10, 1),
(12, 55, 12, 0, 0),
(12, 59, 55, 0, 0),
(12, 73, 3, 0, 0),
(12, 80, 3, 10, 0),
(12, 141, 9, 0, 0),
(13, 8, 26, 10, 1),
(13, 18, 4, 10, 1),
(13, 27, 81, 10, 0),
(13, 28, 72, 0, 0),
(13, 37, 6, 10, 1),
(13, 53, 51, 10, 0),
(13, 82, 26, 0, 0),
(13, 108, 20, 10, 1),
(13, 147, 20, 0, 0),
(13, 147, 31, 0, 0),
(14, 2, 63, 10, 0),
(14, 9, 77, 10, 1),
(14, 20, 21, 10, 1),
(14, 25, 77, 0, 0),
(14, 27, 21, 0, 0),
(14, 35, 53, 10, 1),
(14, 51, 72, 0, 0),
(14, 53, 45, 0, 0),
(14, 55, 32, 0, 0),
(14, 67, 32, 10, 1),
(14, 72, 48, 0, 0),
(14, 75, 36, 0, 0),
(14, 76, 3, 10, 0),
(14, 79, 36, 0, 0),
(14, 82, 18, 0, 0),
(14, 87, 4, 10, 0),
(14, 99, 18, 0, 0),
(14, 125, 35, 0, 0),
(14, 156, 83, 10, 0),
(14, 161, 65, 0, 0),
(15, 16, 21, 10, 1),
(15, 18, 81, 0, 0),
(15, 25, 45, 0, 0),
(15, 27, 59, 0, 0),
(15, 37, 55, 0, 0),
(15, 43, 6, 10, 1),
(15, 51, 55, 0, 0),
(15, 92, 4, 10, 0),
(15, 140, 83, 10, 0),
(15, 147, 16, 0, 0),
(15, 157, 27, 10, 0),
(16, 2, 81, 0, 0),
(16, 13, 79, 10, 0),
(16, 14, 5, 10, 1),
(16, 16, 77, 10, 1),
(16, 27, 21, 10, 0),
(16, 46, 21, 10, 1),
(16, 47, 65, 10, 1),
(16, 54, 36, 0, 0),
(16, 65, 70, 10, 1),
(16, 74, 79, 0, 0),
(16, 101, 68, 0, 0),
(16, 107, 20, 10, 0),
(16, 140, 38, 10, 1),
(16, 142, 34, 0, 0),
(16, 142, 66, 0, 0),
(16, 145, 66, 0, 0),
(16, 147, 14, 0, 0),
(16, 147, 31, 0, 0),
(16, 151, 74, 10, 0),
(16, 157, 17, 10, 0),
(16, 179, 79, 0, 0),
(16, 181, 47, 10, 0),
(17, 25, 55, 10, 0),
(17, 27, 4, 10, 0),
(17, 31, 18, 10, 1),
(17, 36, 48, 10, 1),
(17, 37, 8, 10, 0),
(17, 42, 3, 10, 0),
(17, 48, 3, 10, 1),
(17, 51, 6, 10, 0),
(17, 55, 48, 10, 0),
(17, 86, 4, 10, 0),
(17, 121, 17, 10, 0),
(18, 16, 29, 10, 1),
(18, 18, 21, 0, 0),
(18, 21, 72, 10, 1),
(18, 26, 15, 10, 1),
(18, 27, 4, 0, 0),
(18, 37, 15, 0, 0),
(18, 48, 3, 10, 0),
(18, 77, 73, 0, 0),
(18, 83, 55, 0, 0),
(18, 108, 66, 10, 0),
(18, 109, 43, 10, 0),
(18, 114, 7, 0, 0),
(18, 120, 11, 10, 0),
(18, 123, 59, 0, 0),
(18, 147, 33, 0, 0),
(18, 147, 66, 0, 0),
(19, 2, 15, 10, 1),
(19, 10, 59, 10, 1),
(19, 37, 4, 0, 0),
(19, 39, 57, 0, 0),
(19, 49, 4, 10, 1),
(19, 61, 29, 0, 0),
(19, 74, 65, 0, 0),
(19, 93, 6, 0, 0),
(19, 100, 5, 0, 0),
(19, 121, 13, 10, 1),
(19, 142, 42, 0, 0),
(19, 145, 22, 10, 0),
(19, 147, 30, 0, 0),
(19, 147, 66, 0, 0),
(19, 147, 78, 0, 0),
(19, 147, 83, 0, 0),
(19, 154, 21, 0, 0),
(19, 174, 58, 0, 0),
(19, 184, 45, 0, 0),
(19, 188, 51, 10, 0),
(20, 3, 67, 10, 1),
(20, 9, 72, 10, 1),
(20, 11, 70, 10, 1),
(20, 27, 77, 0, 0),
(20, 30, 8, 10, 1),
(20, 37, 67, 0, 0),
(20, 51, 77, 0, 0),
(20, 53, 51, 0, 0),
(20, 54, 3, 0, 0),
(20, 55, 7, 0, 0),
(20, 63, 70, 0, 0),
(20, 64, 79, 0, 0),
(20, 73, 53, 0, 0),
(20, 76, 12, 0, 0),
(20, 84, 29, 10, 1),
(20, 143, 14, 0, 0),
(20, 165, 32, 10, 0),
(21, 42, 3, 10, 0),
(21, 48, 5, 10, 1),
(21, 57, 8, 10, 0),
(21, 64, 26, 10, 0),
(21, 72, 12, 0, 0),
(21, 77, 3, 0, 0),
(21, 79, 3, 0, 0),
(21, 82, 7, 0, 0),
(21, 115, 7, 0, 0),
(21, 172, 23, 10, 0),
(21, 176, 26, 0, 0),
(22, 83, 6, 10, 1),
(23, 2, 21, 10, 1),
(23, 18, 29, 10, 1),
(23, 25, 51, 10, 0),
(23, 36, 73, 10, 1),
(23, 41, 12, 0, 0),
(23, 42, 12, 10, 0),
(23, 51, 4, 10, 0),
(23, 53, 35, 10, 1),
(23, 54, 7, 10, 1),
(23, 55, 18, 10, 1),
(23, 57, 67, 0, 0),
(23, 63, 12, 10, 0),
(23, 75, 70, 0, 0),
(23, 103, 15, 10, 1),
(23, 112, 7, 0, 0),
(23, 116, 7, 0, 0),
(23, 119, 22, 0, 0),
(23, 146, 22, 0, 0),
(23, 147, 37, 0, 0),
(23, 147, 46, 0, 0),
(23, 156, 76, 0, 0),
(23, 169, 46, 0, 0),
(23, 173, 79, 0, 0),
(24, 2, 6, 10, 1),
(24, 3, 72, 10, 1),
(24, 4, 77, 0, 0),
(24, 20, 59, 10, 1),
(24, 35, 57, 10, 1),
(24, 51, 8, 10, 1),
(24, 52, 45, 0, 0),
(24, 56, 15, 0, 0),
(24, 67, 65, 0, 0),
(24, 75, 32, 10, 0),
(24, 82, 5, 0, 0),
(24, 118, 80, 10, 0),
(24, 124, 9, 10, 0),
(24, 138, 19, 0, 0),
(24, 147, 9, 0, 0),
(24, 147, 11, 0, 0),
(24, 148, 52, 0, 0),
(24, 164, 27, 10, 0),
(24, 171, 25, 10, 0),
(25, 2, 51, 0, 0),
(25, 4, 63, 0, 0),
(25, 9, 59, 10, 1),
(25, 18, 72, 10, 1),
(25, 48, 12, 10, 0),
(25, 50, 55, 10, 1),
(25, 51, 63, 10, 1),
(25, 53, 29, 10, 0),
(25, 56, 77, 10, 1),
(25, 57, 15, 10, 1),
(25, 58, 26, 10, 0),
(25, 59, 45, 0, 0),
(25, 71, 3, 10, 0),
(25, 115, 65, 0, 0),
(25, 126, 51, 0, 0),
(25, 133, 34, 0, 0),
(25, 137, 31, 0, 0),
(25, 147, 47, 0, 0),
(25, 148, 76, 0, 0),
(25, 152, 14, 0, 0),
(25, 156, 16, 0, 0),
(25, 164, 31, 0, 0),
(25, 171, 23, 10, 0),
(25, 172, 64, 10, 0),
(25, 192, 67, 10, 1),
(26, 66, 15, 10, 0),
(26, 72, 3, 0, 0),
(26, 82, 3, 0, 0),
(26, 127, 8, 10, 0),
(26, 133, 9, 0, 0),
(26, 138, 10, 10, 0),
(26, 155, 16, 10, 0),
(27, 2, 55, 10, 0),
(27, 18, 59, 10, 1),
(27, 37, 35, 10, 1),
(27, 53, 15, 10, 1),
(27, 56, 45, 10, 0),
(27, 59, 6, 10, 1),
(27, 99, 5, 10, 0),
(27, 117, 7, 0, 0),
(27, 133, 54, 0, 0),
(27, 147, 14, 0, 0),
(27, 147, 54, 0, 0),
(27, 147, 62, 0, 0),
(27, 147, 75, 0, 0),
(27, 187, 63, 0, 0),
(28, 18, 21, 10, 1),
(28, 27, 6, 10, 0),
(28, 30, 55, 10, 1),
(28, 82, 7, 0, 0),
(28, 103, 6, 10, 0),
(28, 119, 19, 10, 1),
(28, 147, 17, 0, 0),
(28, 147, 33, 0, 0),
(28, 152, 46, 10, 0),
(29, 14, 7, 10, 1),
(29, 25, 4, 0, 0),
(29, 41, 3, 0, 0),
(29, 48, 7, 10, 0),
(29, 60, 3, 10, 1),
(29, 116, 26, 0, 0),
(29, 173, 24, 0, 0),
(30, 2, 35, 10, 1),
(30, 9, 6, 10, 1),
(30, 19, 45, 10, 1),
(30, 37, 21, 0, 0),
(30, 49, 59, 10, 0),
(30, 53, 67, 0, 0),
(30, 56, 51, 10, 1),
(30, 61, 6, 10, 1),
(30, 82, 79, 0, 0),
(30, 93, 15, 10, 1),
(30, 121, 23, 10, 1),
(30, 133, 9, 0, 0),
(30, 142, 10, 10, 1),
(30, 145, 60, 10, 1),
(30, 147, 52, 0, 0),
(30, 154, 15, 0, 0),
(30, 156, 56, 0, 0),
(30, 189, 53, 10, 0),
(31, 41, 3, 10, 0),
(33, 85, 4, 10, 0),
(35, 31, 3, 10, 1),
(35, 40, 3, 0, 0),
(35, 63, 36, 0, 0),
(35, 67, 7, 10, 1),
(35, 95, 5, 0, 0),
(35, 99, 36, 0, 0),
(35, 126, 35, 10, 1),
(35, 130, 8, 0, 0),
(35, 133, 42, 0, 0),
(35, 158, 18, 0, 0),
(36, 2, 45, 10, 1),
(36, 18, 55, 10, 1),
(36, 27, 35, 0, 0),
(36, 36, 61, 10, 1),
(36, 37, 15, 10, 0),
(36, 48, 5, 10, 0),
(36, 53, 15, 10, 0),
(36, 55, 57, 10, 1),
(36, 62, 7, 10, 1),
(36, 63, 18, 10, 0),
(36, 68, 36, 10, 1),
(36, 69, 3, 10, 1),
(36, 82, 18, 0, 0),
(36, 98, 5, 10, 0),
(36, 121, 16, 10, 0),
(36, 147, 38, 0, 0),
(36, 147, 64, 0, 0),
(37, 13, 5, 10, 1),
(37, 18, 6, 10, 0),
(37, 41, 7, 0, 0),
(37, 55, 18, 10, 0),
(37, 81, 3, 10, 0),
(37, 140, 13, 10, 0),
(37, 142, 16, 10, 0),
(37, 147, 13, 0, 0),
(37, 151, 13, 10, 0),
(38, 14, 3, 10, 1),
(38, 18, 6, 10, 0),
(38, 40, 5, 0, 0),
(38, 51, 15, 10, 0),
(38, 53, 8, 10, 0),
(38, 55, 5, 10, 0),
(38, 81, 7, 10, 0),
(38, 101, 5, 0, 0),
(38, 104, 6, 10, 0),
(38, 107, 25, 10, 1),
(38, 142, 13, 0, 0),
(38, 147, 10, 0, 0),
(38, 157, 22, 10, 0),
(38, 170, 22, 10, 0),
(39, 2, 29, 10, 1),
(39, 18, 77, 10, 0),
(39, 25, 51, 10, 0),
(39, 27, 8, 10, 0),
(39, 37, 29, 10, 0),
(39, 40, 5, 10, 1),
(39, 42, 7, 10, 0),
(39, 48, 18, 10, 1),
(39, 48, 44, 10, 1),
(39, 51, 29, 10, 0),
(39, 53, 55, 10, 0),
(39, 55, 12, 10, 0),
(39, 63, 53, 10, 1),
(39, 64, 12, 10, 1),
(39, 68, 18, 10, 1),
(39, 77, 5, 0, 0),
(39, 82, 32, 0, 0),
(39, 97, 5, 10, 0),
(39, 98, 12, 10, 0),
(39, 147, 20, 0, 0),
(39, 147, 47, 0, 0),
(40, 25, 6, 0, 0),
(40, 39, 3, 10, 0),
(40, 51, 4, 10, 0),
(40, 63, 3, 10, 0),
(40, 82, 7, 0, 0),
(40, 147, 22, 0, 0),
(41, 40, 12, 0, 0),
(41, 41, 3, 10, 0),
(41, 54, 3, 10, 0),
(41, 55, 7, 10, 0),
(41, 64, 7, 10, 0),
(41, 64, 26, 10, 0),
(41, 95, 26, 10, 0),
(41, 113, 7, 10, 0),
(41, 142, 27, 10, 0),
(41, 150, 13, 10, 0),
(41, 181, 78, 10, 0),
(41, 183, 46, 0, 0),
(43, 41, 7, 0, 0),
(43, 42, 3, 0, 0),
(43, 54, 7, 0, 0),
(44, 18, 8, 10, 0),
(44, 48, 12, 10, 1),
(44, 76, 5, 10, 0),
(44, 96, 5, 10, 0),
(44, 121, 17, 10, 0),
(44, 148, 17, 0, 0),
(44, 156, 74, 10, 0),
(44, 169, 83, 0, 0),
(45, 6, 77, 10, 1),
(45, 8, 48, 10, 1),
(45, 18, 51, 10, 0),
(45, 23, 70, 10, 1),
(45, 25, 35, 10, 0),
(45, 27, 77, 10, 0),
(45, 37, 67, 0, 0),
(45, 40, 26, 0, 0),
(45, 41, 5, 0, 0),
(45, 42, 7, 10, 0),
(45, 51, 51, 10, 0),
(45, 53, 63, 10, 0),
(45, 54, 79, 0, 0),
(45, 55, 3, 10, 0),
(45, 64, 12, 0, 0),
(45, 77, 65, 0, 0),
(45, 82, 32, 10, 0),
(45, 94, 5, 10, 0),
(45, 95, 18, 0, 0),
(45, 95, 65, 10, 0),
(45, 98, 79, 0, 0),
(45, 109, 14, 10, 0),
(45, 147, 19, 0, 0),
(45, 147, 38, 0, 0),
(47, 95, 5, 10, 0),
(50, 15, 29, 10, 1),
(50, 16, 35, 10, 1),
(50, 17, 73, 10, 1),
(50, 25, 72, 0, 0),
(50, 27, 59, 0, 0),
(50, 37, 4, 10, 0),
(50, 51, 8, 10, 0),
(50, 85, 51, 10, 0),
(50, 107, 17, 10, 0),
(50, 142, 11, 10, 0),
(50, 147, 11, 0, 0),
(50, 147, 52, 0, 0),
(50, 181, 34, 0, 0),
(50, 185, 45, 0, 0),
(50, 209, 82, 10, 0),
(52, 18, 35, 0, 0),
(52, 25, 4, 10, 0),
(52, 27, 15, 0, 0),
(52, 37, 51, 0, 0),
(52, 43, 55, 10, 1),
(52, 46, 72, 10, 1),
(52, 51, 35, 10, 0),
(52, 53, 6, 10, 0),
(52, 55, 5, 10, 0),
(52, 63, 73, 0, 0),
(52, 64, 70, 0, 0),
(52, 88, 4, 10, 0),
(52, 89, 4, 10, 0),
(52, 101, 18, 0, 0),
(52, 102, 6, 0, 0),
(52, 107, 31, 10, 0),
(52, 140, 9, 10, 0),
(52, 147, 23, 0, 0),
(52, 147, 42, 0, 0),
(52, 149, 18, 10, 0),
(52, 153, 14, 0, 0),
(52, 157, 34, 10, 0),
(52, 168, 21, 0, 0),
(53, 18, 15, 0, 0),
(53, 25, 8, 10, 0),
(53, 27, 6, 10, 0),
(53, 37, 8, 10, 0),
(53, 45, 21, 10, 1),
(53, 60, 12, 0, 0),
(53, 113, 18, 0, 0),
(53, 142, 30, 10, 0),
(53, 147, 30, 10, 0),
(53, 147, 50, 0, 0),
(53, 157, 52, 10, 0),
(53, 162, 36, 10, 0),
(54, 63, 5, 10, 0),
(54, 133, 47, 10, 0),
(54, 142, 47, 10, 0),
(55, 18, 63, 0, 0),
(55, 27, 8, 10, 0),
(55, 53, 8, 10, 0),
(55, 63, 26, 10, 0),
(55, 81, 12, 10, 1),
(55, 88, 45, 10, 1),
(55, 90, 63, 10, 0),
(55, 113, 12, 10, 0),
(55, 150, 17, 0, 0),
(55, 157, 64, 10, 0),
(55, 162, 65, 0, 0),
(56, 8, 32, 10, 1),
(56, 18, 59, 10, 0),
(56, 23, 82, 10, 1),
(56, 25, 6, 10, 0),
(56, 27, 63, 10, 0),
(56, 29, 81, 10, 0),
(56, 39, 26, 10, 0),
(56, 41, 18, 10, 0),
(56, 42, 26, 10, 0),
(56, 51, 21, 10, 1),
(56, 53, 67, 10, 0),
(56, 55, 70, 10, 0),
(56, 63, 36, 10, 0),
(56, 64, 7, 10, 0),
(56, 82, 12, 0, 0),
(56, 93, 29, 0, 0),
(56, 104, 72, 0, 0),
(56, 135, 54, 0, 0),
(56, 142, 20, 0, 0),
(56, 147, 56, 0, 0),
(56, 177, 52, 0, 0),
(57, 38, 7, 10, 0),
(57, 40, 7, 10, 0),
(57, 95, 7, 10, 0),
(58, 41, 32, 10, 0),
(58, 55, 26, 10, 0),
(58, 63, 18, 10, 0),
(58, 118, 42, 10, 0),
(58, 142, 31, 10, 0),
(58, 152, 13, 10, 0),
(58, 159, 18, 10, 0),
(59, 42, 48, 10, 1),
(59, 63, 82, 10, 1),
(59, 82, 18, 0, 0),
(59, 119, 20, 10, 0),
(59, 133, 56, 0, 0),
(59, 142, 14, 0, 0),
(59, 146, 20, 10, 0),
(59, 147, 62, 0, 0),
(59, 152, 23, 10, 0),
(60, 37, 29, 10, 1),
(60, 57, 51, 10, 0),
(60, 63, 12, 0, 0),
(60, 82, 70, 0, 0),
(60, 116, 57, 0, 0),
(60, 118, 14, 10, 0),
(60, 125, 29, 10, 1),
(60, 142, 9, 10, 0),
(60, 147, 11, 0, 0),
(60, 147, 43, 0, 0),
(60, 193, 67, 0, 0),
(61, 40, 12, 0, 0),
(61, 42, 32, 0, 0),
(61, 48, 26, 10, 1),
(61, 54, 12, 0, 0),
(61, 55, 12, 0, 0),
(61, 63, 32, 0, 0),
(61, 94, 48, 10, 1),
(61, 95, 12, 0, 0),
(61, 114, 32, 0, 0),
(61, 180, 57, 0, 0),
(62, 147, 64, 0, 0),
(63, 40, 48, 10, 0),
(63, 54, 57, 10, 0),
(63, 55, 61, 10, 0),
(63, 63, 48, 10, 0),
(63, 119, 41, 10, 0),
(63, 133, 25, 10, 0),
(63, 152, 30, 10, 0),
(63, 156, 34, 10, 0),
(64, 42, 57, 0, 0),
(64, 63, 57, 10, 1),
(64, 135, 41, 0, 0),
(64, 142, 64, 0, 0),
(64, 147, 56, 0, 0),
(64, 147, 74, 0, 0),
(64, 169, 56, 0, 0),
(64, 177, 41, 0, 0),
(65, 31, 26, 10, 1),
(65, 148, 11, 10, 0),
(66, 13, 57, 10, 0),
(66, 18, 45, 10, 0),
(66, 25, 29, 10, 0),
(66, 27, 51, 10, 0),
(66, 37, 45, 10, 0),
(66, 41, 12, 10, 0),
(66, 45, 81, 10, 1),
(66, 51, 45, 10, 0),
(66, 53, 63, 10, 0),
(66, 54, 26, 10, 0),
(66, 55, 48, 10, 0),
(66, 65, 70, 10, 0),
(66, 70, 18, 10, 0),
(66, 85, 59, 10, 0),
(66, 95, 36, 0, 0),
(66, 104, 45, 10, 0),
(66, 142, 28, 10, 0),
(66, 147, 25, 0, 0),
(66, 147, 60, 0, 0),
(66, 149, 12, 10, 0),
(66, 153, 25, 10, 0),
(66, 157, 34, 10, 0),
(68, 8, 53, 10, 0),
(68, 18, 51, 0, 0),
(68, 27, 67, 0, 0),
(68, 40, 18, 10, 0),
(68, 41, 18, 10, 0),
(68, 82, 26, 0, 0),
(68, 94, 32, 10, 0),
(68, 108, 75, 10, 1),
(68, 109, 46, 10, 1),
(68, 114, 18, 10, 0),
(68, 120, 71, 10, 0),
(68, 123, 55, 10, 0),
(68, 147, 58, 0, 0),
(68, 147, 84, 0, 0),
(69, 142, 17, 0, 0),
(69, 153, 20, 10, 0),
(70, 15, 51, 10, 1),
(70, 16, 63, 10, 1),
(70, 18, 29, 10, 0),
(70, 25, 29, 10, 0),
(70, 27, 55, 10, 0),
(70, 38, 26, 10, 0),
(70, 46, 59, 10, 1),
(70, 51, 21, 10, 0),
(70, 65, 48, 10, 0),
(70, 82, 48, 0, 0),
(70, 85, 35, 10, 0),
(70, 90, 21, 0, 0),
(70, 110, 82, 10, 1),
(70, 128, 81, 0, 0),
(70, 140, 50, 10, 0),
(70, 142, 19, 10, 0),
(70, 147, 25, 0, 0),
(70, 147, 42, 0, 0),
(70, 151, 25, 10, 0),
(70, 157, 33, 10, 0),
(70, 170, 27, 10, 0),
(70, 177, 30, 10, 0),
(70, 181, 54, 10, 0),
(70, 209, 79, 0, 0),
(71, 119, 16, 10, 0),
(72, 55, 24, 0, 0),
(72, 142, 23, 0, 0),
(72, 155, 17, 0, 0),
(73, 25, 53, 0, 0),
(73, 42, 18, 0, 0),
(73, 47, 73, 10, 1),
(73, 54, 18, 0, 0),
(73, 55, 40, 0, 0),
(73, 63, 53, 0, 0),
(73, 64, 18, 0, 0),
(73, 74, 18, 10, 0),
(73, 82, 44, 0, 0),
(73, 88, 55, 10, 0),
(73, 89, 35, 10, 1),
(73, 90, 59, 0, 0),
(73, 95, 32, 0, 0),
(73, 101, 18, 0, 0),
(73, 107, 43, 10, 0),
(73, 129, 63, 0, 0),
(73, 142, 25, 10, 0),
(73, 149, 61, 10, 0),
(73, 161, 32, 10, 1),
(73, 162, 57, 10, 1),
(74, 40, 32, 10, 0),
(74, 41, 53, 10, 0),
(74, 42, 48, 10, 0),
(74, 54, 32, 0, 0),
(74, 55, 26, 10, 0),
(74, 63, 61, 10, 0),
(74, 64, 48, 10, 0),
(74, 95, 26, 10, 0),
(74, 142, 50, 10, 0),
(74, 147, 50, 0, 0),
(74, 148, 46, 10, 0),
(74, 159, 57, 0, 0),
(74, 169, 22, 0, 0),
(75, 18, 45, 10, 0),
(75, 25, 21, 10, 0),
(75, 27, 29, 10, 0),
(75, 48, 26, 0, 0),
(75, 53, 29, 10, 0),
(75, 54, 18, 0, 0),
(75, 55, 24, 10, 0),
(75, 64, 36, 10, 0),
(75, 66, 29, 10, 0),
(75, 75, 18, 10, 0),
(75, 76, 18, 10, 0),
(75, 118, 33, 10, 1),
(75, 119, 30, 10, 1),
(75, 147, 27, 0, 0),
(75, 159, 26, 10, 0),
(77, 25, 26, 10, 0),
(77, 41, 26, 10, 0),
(77, 54, 26, 10, 0),
(77, 55, 32, 10, 1),
(77, 72, 26, 0, 0),
(77, 180, 32, 10, 0),
(78, 42, 70, 10, 1),
(78, 142, 22, 10, 0),
(78, 156, 54, 10, 0),
(78, 174, 54, 0, 0),
(79, 55, 40, 10, 0),
(79, 82, 24, 0, 0),
(79, 150, 31, 10, 0),
(80, 48, 24, 10, 0),
(80, 133, 83, 0, 0),
(80, 142, 83, 10, 0),
(82, 41, 48, 10, 0),
(82, 95, 48, 10, 0),
(82, 142, 37, 10, 0),
(82, 150, 28, 10, 0),
(82, 183, 42, 10, 0),
(83, 41, 48, 10, 0),
(83, 64, 48, 10, 0),
(83, 135, 28, 10, 0),
(83, 142, 33, 10, 0),
(83, 161, 48, 10, 0),
(83, 174, 25, 10, 0),
(85, 40, 32, 10, 0),
(85, 41, 32, 10, 0),
(85, 42, 82, 10, 0),
(85, 48, 40, 10, 0),
(85, 62, 82, 10, 1),
(85, 64, 32, 10, 0),
(85, 82, 40, 0, 0),
(85, 95, 73, 10, 0),
(85, 97, 48, 10, 0),
(87, 48, 32, 10, 0),
(87, 82, 32, 0, 0),
(87, 133, 37, 0, 0),
(87, 137, 83, 0, 0),
(87, 148, 43, 0, 0),
(87, 172, 37, 10, 0),
(87, 179, 37, 0, 0),
(88, 142, 84, 10, 0),
(88, 157, 84, 10, 0),
(89, 48, 53, 10, 0),
(89, 54, 65, 0, 0),
(89, 67, 53, 10, 0),
(89, 82, 53, 0, 0),
(89, 99, 57, 0, 0),
(89, 117, 44, 10, 0),
(89, 133, 71, 10, 0),
(89, 152, 47, 10, 0),
(89, 156, 38, 10, 0),
(89, 172, 58, 0, 0),
(89, 190, 57, 0, 0),
(90, 18, 72, 0, 0),
(90, 25, 81, 10, 0),
(90, 27, 55, 10, 0),
(90, 37, 45, 0, 0),
(90, 41, 36, 0, 0),
(90, 47, 53, 10, 1),
(90, 53, 59, 0, 0),
(90, 55, 53, 10, 0),
(90, 63, 57, 0, 0),
(90, 74, 82, 0, 0),
(90, 91, 59, 10, 1),
(90, 106, 63, 10, 1),
(90, 107, 69, 10, 0),
(90, 147, 60, 0, 0),
(90, 151, 33, 10, 0),
(90, 162, 73, 10, 1),
(91, 54, 32, 10, 0),
(91, 74, 32, 0, 0),
(91, 81, 32, 10, 0),
(92, 35, 82, 0, 0),
(92, 40, 82, 10, 0),
(92, 41, 73, 10, 0),
(92, 48, 32, 10, 0),
(92, 63, 82, 10, 0),
(92, 64, 32, 10, 1),
(92, 71, 48, 10, 1),
(92, 73, 48, 10, 1),
(92, 99, 48, 10, 0),
(92, 124, 38, 0, 0),
(92, 133, 38, 0, 0),
(92, 142, 38, 10, 0),
(92, 171, 46, 10, 0),
(92, 173, 32, 10, 0),
(93, 36, 79, 10, 1),
(93, 68, 70, 10, 0),
(93, 118, 74, 10, 1),
(93, 119, 69, 10, 1),
(94, 41, 73, 10, 0),
(94, 42, 73, 10, 0),
(94, 48, 57, 0, 0),
(95, 81, 40, 10, 0),
(96, 2, 51, 10, 0),
(96, 18, 77, 0, 0),
(96, 40, 53, 0, 0),
(96, 48, 48, 10, 0),
(96, 53, 81, 0, 0),
(96, 61, 81, 10, 0),
(96, 74, 61, 0, 0),
(96, 78, 61, 0, 0),
(96, 93, 45, 10, 0),
(96, 94, 61, 0, 0),
(96, 133, 43, 10, 0),
(96, 142, 52, 0, 0),
(96, 154, 45, 10, 0),
(96, 165, 53, 10, 0),
(96, 184, 45, 10, 0),
(96, 187, 81, 10, 0),
(96, 191, 59, 0, 0),
(97, 2, 77, 10, 0),
(97, 32, 61, 10, 1),
(97, 37, 81, 10, 0),
(97, 40, 53, 10, 0),
(97, 41, 53, 10, 0),
(97, 49, 67, 10, 0),
(97, 55, 68, 10, 1),
(97, 57, 81, 0, 0),
(97, 63, 70, 10, 1),
(97, 82, 53, 0, 0),
(97, 147, 58, 0, 0),
(97, 147, 84, 0, 0),
(97, 152, 58, 10, 0),
(97, 197, 77, 10, 0),
(98, 157, 43, 10, 0),
(99, 18, 67, 0, 0),
(99, 51, 59, 0, 0),
(99, 54, 61, 10, 0),
(99, 70, 57, 0, 0),
(99, 92, 45, 10, 0),
(99, 107, 66, 10, 0),
(99, 157, 58, 10, 0),
(100, 2, 59, 10, 1),
(100, 35, 70, 10, 1),
(100, 37, 77, 0, 0),
(100, 40, 70, 0, 0),
(100, 50, 81, 10, 0),
(100, 51, 67, 0, 0),
(100, 53, 81, 0, 0),
(100, 54, 61, 0, 0),
(100, 55, 65, 0, 0),
(100, 59, 72, 0, 0),
(100, 63, 79, 0, 0),
(100, 67, 48, 10, 0),
(100, 72, 57, 0, 0),
(100, 75, 61, 0, 0),
(100, 82, 48, 0, 0),
(100, 116, 53, 0, 0),
(100, 124, 62, 0, 0),
(100, 125, 81, 0, 0),
(100, 133, 47, 0, 0),
(100, 147, 71, 0, 0),
(100, 147, 74, 0, 0),
(100, 147, 83, 0, 0),
(100, 165, 65, 10, 0),
(100, 171, 52, 0, 0),
(100, 194, 72, 0, 0),
(101, 40, 65, 0, 0),
(101, 42, 65, 0, 0),
(101, 48, 70, 10, 1),
(101, 54, 73, 10, 1),
(101, 55, 70, 0, 0),
(101, 64, 73, 0, 0),
(101, 77, 65, 0, 0),
(101, 95, 65, 0, 0),
(101, 135, 47, 10, 0),
(101, 151, 83, 10, 0),
(101, 153, 50, 10, 0),
(101, 157, 47, 10, 0),
(101, 157, 50, 10, 0),
(101, 174, 83, 0, 0),
(101, 186, 65, 0, 0),
(101, 189, 73, 0, 0),
(102, 2, 72, 10, 0),
(102, 40, 57, 10, 0),
(102, 53, 77, 10, 0),
(102, 63, 73, 10, 0),
(102, 138, 76, 0, 0),
(102, 147, 71, 0, 0),
(102, 147, 76, 0, 0),
(102, 156, 50, 10, 0),
(102, 178, 81, 10, 0),
(102, 184, 81, 0, 0),
(104, 42, 53, 0, 0),
(105, 48, 68, 0, 0),
(105, 70, 65, 0, 0),
(106, 37, 59, 10, 0),
(107, 40, 57, 10, 0),
(107, 41, 61, 10, 0),
(107, 95, 57, 10, 0),
(107, 142, 56, 10, 0),
(107, 147, 75, 0, 0),
(107, 170, 60, 10, 0),
(108, 40, 65, 10, 0),
(108, 54, 65, 10, 0),
(108, 55, 79, 10, 0),
(108, 82, 65, 0, 0),
(108, 133, 66, 10, 0),
(108, 152, 62, 10, 0),
(109, 2, 67, 10, 0),
(109, 32, 82, 10, 1),
(109, 55, 84, 0, 0),
(109, 66, 72, 10, 0),
(109, 75, 65, 10, 0),
(109, 80, 65, 10, 0),
(109, 119, 84, 10, 0),
(109, 146, 80, 10, 0),
(109, 165, 61, 10, 0),
(109, 171, 62, 10, 0),
(109, 172, 62, 0, 0),
(110, 95, 61, 10, 0),
(110, 135, 71, 10, 0),
(110, 142, 75, 10, 0),
(110, 149, 73, 10, 0),
(111, 48, 61, 10, 0),
(111, 82, 61, 0, 0),
(112, 142, 62, 10, 0),
(112, 170, 64, 10, 0),
(114, 64, 73, 10, 0),
(114, 142, 71, 10, 0),
(114, 157, 71, 10, 0),
(115, 37, 77, 10, 0),
(115, 77, 73, 10, 0),
(115, 169, 76, 0, 0),
(116, 41, 70, 0, 0),
(116, 42, 70, 10, 0),
(116, 54, 70, 0, 0),
(116, 55, 68, 10, 0),
(116, 147, 69, 0, 0),
(116, 147, 78, 0, 0),
(117, 75, 73, 10, 0),
(117, 97, 73, 10, 0),
(118, 37, 72, 10, 0),
(118, 51, 77, 10, 0),
(118, 147, 76, 0, 0),
(119, 39, 73, 0, 0),
(119, 40, 73, 10, 0),
(119, 42, 73, 10, 0),
(119, 63, 82, 0, 0),
(119, 161, 82, 10, 0),
(120, 40, 73, 10, 0),
(121, 40, 82, 0, 0),
(121, 135, 74, 10, 0),
(121, 142, 74, 10, 0),
(122, 48, 79, 10, 0),
(124, 142, 76, 0, 0),
(124, 157, 83, 10, 0),
(124, 167, 80, 0, 0),
(124, 177, 75, 10, 0),
(125, 142, 80, 10, 0),
(125, 152, 80, 10, 0),
(126, 147, 80, 0, 0),
(127, 48, 84, 10, 0),
(127, 97, 82, 0, 0);

-- --------------------------------------------------------

--
-- Table structure for table `player_wish`
--

CREATE TABLE `player_wish` (
  `player` int(11) NOT NULL,
  `item` int(11) NOT NULL,
  `ratio` int(11) NOT NULL,
  `running` tinyint(1) NOT NULL DEFAULT '1'
) ENGINE=InnoDB DEFAULT CHARSET=utf8mb4;

--
-- Dumping data for table `player_wish`
--

INSERT INTO `player_wish` (`player`, `item`, `ratio`, `running`) VALUES
(1, 7, 10, 0),
(1, 18, 10, 0),
(1, 21, 10, 1),
(1, 24, 10, 0),
(1, 25, 10, 0),
(1, 27, 10, 0),
(1, 38, 10, 0),
(1, 100, 10, 1),
(1, 108, 10, 0),
(2, 38, 10, 0),
(2, 39, 10, 0),
(2, 40, 10, 0),
(2, 41, 10, 0),
(2, 42, 10, 0),
(2, 101, 10, 0),
(3, 2, 10, 0),
(3, 3, 10, 0),
(3, 4, 10, 0),
(3, 10, 10, 0),
(3, 18, 10, 0),
(3, 25, 10, 0),
(3, 35, 10, 0),
(3, 37, 10, 0),
(3, 50, 10, 1),
(3, 51, 10, 0),
(3, 52, 10, 0),
(3, 53, 10, 0),
(3, 59, 10, 0),
(3, 63, 10, 0),
(3, 68, 10, 0),
(3, 69, 10, 1),
(3, 124, 10, 0),
(3, 178, 10, 0),
(4, 5, 10, 1),
(4, 6, 10, 1),
(4, 7, 10, 0),
(4, 8, 10, 1),
(4, 75, 10, 0),
(4, 108, 10, 1),
(5, 9, 10, 1),
(5, 10, 10, 0),
(5, 11, 10, 0),
(5, 12, 10, 1),
(5, 36, 10, 1),
(5, 68, 10, 0),
(5, 118, 10, 0),
(5, 119, 10, 0),
(6, 13, 10, 0),
(6, 14, 10, 1),
(6, 15, 10, 0),
(6, 16, 10, 1),
(6, 17, 10, 0),
(6, 44, 10, 1),
(6, 46, 10, 1),
(6, 47, 10, 1),
(7, 9, 10, 0),
(7, 10, 10, 1),
(7, 18, 10, 0),
(7, 19, 10, 0),
(7, 20, 10, 1),
(7, 30, 10, 1),
(7, 31, 10, 1),
(7, 69, 10, 0),
(7, 103, 10, 0),
(7, 146, 10, 0),
(8, 7, 10, 1),
(8, 16, 10, 0),
(8, 21, 10, 1),
(8, 22, 10, 0),
(8, 23, 10, 0),
(8, 26, 10, 1),
(8, 108, 10, 0),
(9, 7, 10, 0),
(9, 8, 10, 1),
(9, 18, 10, 0),
(9, 21, 10, 0),
(9, 24, 10, 1),
(9, 25, 10, 0),
(9, 108, 10, 0),
(10, 6, 10, 0),
(10, 7, 10, 1),
(10, 8, 10, 0),
(10, 16, 10, 1),
(10, 21, 10, 1),
(10, 26, 10, 0),
(10, 108, 10, 0),
(10, 122, 10, 1),
(11, 7, 10, 1),
(11, 21, 10, 1),
(11, 24, 10, 1),
(11, 27, 10, 0),
(11, 28, 10, 1),
(11, 29, 10, 0),
(11, 108, 10, 0),
(12, 2, 10, 0),
(12, 9, 10, 1),
(12, 19, 10, 0),
(12, 20, 10, 0),
(12, 30, 10, 1),
(12, 31, 10, 0),
(12, 34, 10, 0),
(12, 35, 10, 1),
(12, 48, 10, 0),
(12, 84, 10, 1),
(13, 7, 10, 1),
(13, 8, 10, 0),
(13, 18, 10, 0),
(13, 21, 10, 1),
(13, 24, 10, 1),
(13, 26, 10, 1),
(13, 27, 10, 0),
(13, 28, 10, 0),
(13, 37, 10, 0),
(13, 108, 10, 0),
(14, 3, 10, 1),
(14, 9, 10, 0),
(14, 20, 10, 0),
(14, 30, 10, 1),
(14, 35, 10, 0),
(14, 36, 10, 0),
(14, 67, 10, 0),
(15, 15, 10, 1),
(15, 16, 10, 0),
(15, 17, 10, 1),
(15, 43, 10, 0),
(15, 44, 10, 0),
(15, 45, 10, 1),
(15, 106, 10, 1),
(15, 110, 10, 1),
(16, 14, 10, 0),
(16, 16, 10, 0),
(16, 43, 10, 1),
(16, 45, 10, 1),
(16, 46, 10, 0),
(16, 47, 10, 0),
(16, 65, 10, 0),
(16, 110, 10, 1),
(16, 140, 10, 0),
(17, 9, 10, 1),
(17, 31, 10, 0),
(17, 32, 10, 0),
(17, 36, 10, 0),
(17, 48, 10, 0),
(17, 54, 10, 1),
(17, 64, 10, 1),
(17, 95, 10, 1),
(17, 119, 10, 0),
(17, 146, 10, 0),
(18, 5, 10, 1),
(18, 6, 10, 1),
(18, 7, 10, 1),
(18, 16, 10, 0),
(18, 21, 10, 0),
(18, 26, 10, 0),
(18, 29, 10, 0),
(18, 47, 10, 0),
(18, 110, 10, 1),
(19, 2, 10, 0),
(19, 9, 10, 1),
(19, 10, 10, 0),
(19, 19, 10, 1),
(19, 36, 10, 0),
(19, 49, 10, 0),
(19, 68, 10, 0),
(19, 87, 10, 0),
(19, 121, 10, 0),
(20, 3, 10, 0),
(20, 9, 10, 0),
(20, 11, 10, 0),
(20, 19, 10, 0),
(20, 20, 10, 1),
(20, 30, 10, 0),
(20, 36, 10, 1),
(20, 50, 10, 1),
(20, 69, 10, 1),
(20, 84, 10, 0),
(21, 18, 10, 1),
(21, 25, 10, 1),
(21, 48, 10, 0),
(21, 51, 10, 1),
(21, 52, 10, 1),
(21, 53, 10, 1),
(22, 21, 10, 1),
(22, 25, 10, 1),
(22, 83, 10, 0),
(22, 108, 10, 1),
(22, 120, 10, 1),
(23, 2, 10, 0),
(23, 9, 10, 1),
(23, 10, 10, 1),
(23, 18, 10, 0),
(23, 19, 10, 1),
(23, 36, 10, 0),
(23, 53, 10, 0),
(23, 54, 10, 0),
(23, 55, 10, 0),
(23, 64, 10, 0),
(23, 103, 10, 0),
(24, 2, 10, 0),
(24, 3, 10, 0),
(24, 4, 10, 0),
(24, 9, 10, 1),
(24, 20, 10, 0),
(24, 34, 10, 0),
(24, 35, 10, 0),
(24, 36, 10, 1),
(24, 51, 10, 0),
(24, 52, 10, 0),
(24, 56, 10, 0),
(24, 69, 10, 1),
(24, 119, 10, 0),
(24, 146, 10, 0),
(25, 3, 10, 1),
(25, 9, 10, 0),
(25, 18, 10, 0),
(25, 20, 10, 1),
(25, 30, 10, 0),
(25, 36, 10, 1),
(25, 49, 10, 0),
(25, 50, 10, 0),
(25, 51, 10, 0),
(25, 52, 10, 1),
(25, 56, 10, 0),
(25, 57, 10, 0),
(25, 146, 10, 0),
(25, 192, 10, 0),
(26, 11, 10, 1),
(26, 32, 10, 0),
(26, 35, 10, 1),
(26, 36, 10, 1),
(26, 56, 10, 0),
(26, 58, 10, 1),
(26, 117, 10, 1),
(27, 18, 10, 0),
(27, 34, 10, 1),
(27, 37, 10, 0),
(27, 53, 10, 0),
(27, 59, 10, 0),
(28, 9, 10, 1),
(28, 10, 10, 1),
(28, 18, 10, 0),
(28, 20, 10, 0),
(28, 30, 10, 0),
(28, 31, 10, 0),
(28, 36, 10, 0),
(28, 51, 10, 1),
(28, 69, 10, 1),
(28, 119, 10, 0),
(29, 5, 10, 1),
(29, 14, 10, 0),
(29, 45, 10, 1),
(29, 46, 10, 1),
(29, 60, 10, 0),
(30, 2, 10, 0),
(30, 9, 10, 0),
(30, 19, 10, 0),
(30, 56, 10, 0),
(30, 61, 10, 0),
(30, 93, 10, 0),
(30, 121, 10, 0),
(30, 142, 10, 0),
(30, 145, 10, 0),
(31, 18, 10, 0),
(31, 40, 10, 1),
(31, 55, 10, 1),
(31, 62, 10, 1),
(31, 63, 10, 1),
(31, 64, 10, 1),
(32, 5, 10, 1),
(32, 7, 10, 1),
(32, 8, 10, 1),
(32, 21, 10, 1),
(33, 13, 10, 1),
(33, 27, 10, 1),
(33, 65, 10, 1),
(35, 2, 10, 1),
(35, 3, 10, 0),
(35, 19, 10, 0),
(35, 31, 10, 0),
(35, 32, 10, 0),
(35, 34, 10, 1),
(35, 36, 10, 1),
(35, 50, 10, 1),
(35, 66, 10, 0),
(35, 67, 10, 0),
(35, 72, 10, 0),
(35, 84, 10, 1),
(35, 126, 10, 0),
(36, 2, 10, 0),
(36, 9, 10, 1),
(36, 10, 10, 1),
(36, 18, 10, 0),
(36, 36, 10, 0),
(36, 51, 10, 1),
(36, 55, 10, 0),
(36, 62, 10, 0),
(36, 68, 10, 0),
(36, 69, 10, 0),
(37, 13, 10, 0),
(37, 14, 10, 1),
(37, 16, 10, 1),
(37, 45, 10, 1),
(37, 63, 10, 1),
(37, 106, 10, 1),
(38, 13, 10, 0),
(38, 14, 10, 0),
(38, 15, 10, 1),
(38, 43, 10, 1),
(38, 47, 10, 0),
(38, 65, 10, 0),
(38, 70, 10, 0),
(38, 85, 10, 1),
(38, 106, 10, 1),
(38, 107, 10, 0),
(39, 2, 10, 0),
(39, 9, 10, 1),
(39, 32, 10, 0),
(39, 40, 10, 0),
(39, 48, 10, 0),
(39, 63, 10, 0),
(39, 64, 10, 0),
(39, 68, 10, 0),
(39, 69, 10, 1),
(40, 5, 10, 1),
(40, 6, 10, 1),
(40, 8, 10, 1),
(40, 24, 10, 1),
(40, 26, 10, 1),
(41, 13, 10, 1),
(41, 14, 10, 1),
(41, 17, 10, 1),
(41, 162, 10, 1),
(44, 3, 10, 1),
(44, 35, 10, 1),
(44, 48, 10, 0),
(44, 50, 10, 1),
(44, 84, 10, 0),
(44, 123, 10, 1),
(44, 126, 10, 1),
(45, 6, 10, 0),
(45, 7, 10, 1),
(45, 8, 10, 0),
(45, 16, 10, 1),
(45, 21, 10, 1),
(45, 23, 10, 0),
(45, 24, 10, 1),
(45, 39, 10, 0),
(45, 108, 10, 1),
(50, 15, 10, 0),
(50, 16, 0, 0),
(50, 17, 10, 0),
(50, 43, 10, 1),
(50, 46, 10, 1),
(50, 47, 10, 1),
(50, 91, 10, 1),
(50, 92, 10, 0),
(50, 110, 10, 1),
(51, 9, 10, 0),
(51, 34, 10, 0),
(51, 84, 10, 0),
(51, 126, 10, 0),
(51, 127, 10, 0),
(52, 14, 10, 1),
(52, 15, 10, 1),
(52, 38, 10, 0),
(52, 43, 10, 0),
(52, 45, 10, 1),
(52, 46, 10, 0),
(52, 47, 10, 1),
(53, 14, 10, 1),
(53, 16, 10, 0),
(53, 43, 10, 1),
(53, 45, 10, 0),
(53, 46, 10, 1),
(53, 88, 10, 0),
(53, 89, 10, 1),
(53, 106, 10, 1),
(55, 13, 10, 1),
(55, 45, 10, 1),
(55, 46, 10, 1),
(55, 47, 10, 1),
(55, 81, 10, 0),
(55, 88, 10, 0),
(55, 106, 10, 1),
(56, 5, 10, 1),
(56, 6, 10, 1),
(56, 8, 10, 0),
(56, 17, 10, 0),
(56, 21, 10, 1),
(56, 23, 10, 0),
(56, 24, 10, 1),
(56, 51, 10, 0),
(56, 91, 10, 0),
(56, 94, 10, 0),
(56, 108, 10, 0),
(59, 2, 10, 0),
(59, 18, 10, 0),
(59, 31, 10, 1),
(59, 32, 10, 1),
(59, 42, 10, 0),
(59, 63, 10, 0),
(59, 69, 10, 0),
(59, 103, 10, 0),
(60, 9, 10, 1),
(60, 10, 10, 1),
(60, 37, 10, 0),
(60, 58, 10, 1),
(60, 68, 10, 0),
(60, 125, 10, 0),
(61, 8, 10, 1),
(61, 13, 10, 0),
(61, 23, 10, 1),
(61, 39, 10, 0),
(61, 48, 10, 0),
(61, 94, 10, 0),
(61, 110, 10, 1),
(62, 3, 10, 0),
(62, 9, 10, 0),
(62, 35, 10, 0),
(62, 119, 10, 0),
(62, 146, 10, 0),
(62, 163, 10, 1),
(62, 165, 10, 1),
(62, 166, 10, 1),
(64, 8, 10, 1),
(64, 11, 0, 0),
(64, 24, 10, 1),
(64, 63, 10, 0),
(64, 108, 10, 0),
(65, 31, 10, 0),
(65, 32, 10, 1),
(65, 35, 10, 1),
(65, 48, 10, 1),
(65, 75, 10, 1),
(66, 14, 10, 1),
(66, 45, 10, 0),
(66, 46, 10, 1),
(66, 91, 10, 1),
(66, 151, 10, 1),
(68, 16, 10, 1),
(68, 21, 10, 1),
(68, 23, 10, 1),
(68, 108, 10, 0),
(68, 109, 10, 0),
(68, 110, 10, 1),
(68, 142, 10, 0),
(70, 13, 10, 0),
(70, 14, 10, 0),
(70, 15, 10, 0),
(70, 16, 10, 0),
(70, 43, 10, 1),
(70, 45, 10, 1),
(70, 46, 10, 0),
(70, 47, 10, 1),
(70, 110, 10, 0),
(73, 5, 10, 1),
(73, 14, 10, 0),
(73, 15, 10, 1),
(73, 17, 10, 0),
(73, 24, 10, 0),
(73, 45, 10, 1),
(73, 46, 10, 1),
(73, 47, 10, 0),
(73, 89, 10, 0),
(73, 106, 10, 1),
(73, 155, 0, 0),
(73, 161, 10, 0),
(73, 162, 10, 0),
(75, 9, 10, 1),
(75, 10, 10, 1),
(75, 11, 10, 1),
(75, 118, 10, 0),
(75, 119, 10, 0),
(77, 40, 10, 1),
(77, 55, 10, 0),
(77, 63, 10, 1),
(77, 64, 10, 1),
(77, 163, 10, 1),
(78, 42, 10, 0),
(78, 95, 10, 0),
(78, 186, 10, 1),
(85, 55, 10, 1),
(85, 62, 10, 0),
(85, 68, 10, 1),
(87, 40, 10, 1),
(87, 41, 10, 0),
(87, 42, 10, 0),
(87, 54, 10, 1),
(87, 64, 10, 0),
(87, 73, 10, 1),
(87, 77, 10, 1),
(87, 95, 10, 1),
(87, 186, 10, 0),
(89, 32, 10, 1),
(89, 35, 10, 1),
(89, 36, 10, 1),
(89, 69, 10, 1),
(89, 165, 10, 1),
(90, 15, 10, 1),
(90, 16, 10, 1),
(90, 17, 10, 0),
(90, 38, 10, 0),
(90, 43, 10, 1),
(90, 45, 10, 1),
(90, 46, 10, 1),
(90, 47, 10, 0),
(90, 89, 10, 0),
(90, 91, 10, 0),
(90, 106, 10, 0),
(90, 162, 10, 0),
(92, 42, 10, 1),
(92, 54, 10, 1),
(92, 64, 10, 0),
(92, 71, 10, 0),
(92, 73, 10, 0),
(92, 158, 10, 1),
(93, 9, 10, 1),
(93, 10, 10, 1),
(93, 36, 10, 0),
(93, 118, 10, 0),
(93, 119, 10, 0),
(97, 31, 10, 0),
(97, 32, 10, 0),
(97, 42, 10, 1),
(97, 55, 10, 0),
(97, 63, 10, 0),
(97, 64, 10, 1),
(97, 95, 10, 0),
(99, 15, 10, 1),
(99, 16, 10, 1),
(99, 44, 10, 1),
(99, 45, 10, 1),
(99, 106, 10, 1),
(100, 2, 10, 0),
(100, 3, 10, 0),
(100, 9, 10, 1),
(100, 19, 10, 1),
(100, 20, 10, 1),
(100, 30, 10, 1),
(100, 35, 10, 0),
(100, 69, 10, 1),
(101, 38, 10, 1),
(101, 48, 10, 0),
(101, 54, 10, 0),
(101, 65, 10, 1),
(101, 70, 10, 1),
(106, 9, 10, 1),
(106, 36, 10, 1),
(106, 68, 10, 1),
(106, 98, 10, 1),
(106, 103, 10, 1),
(109, 11, 10, 1),
(109, 20, 10, 1),
(109, 30, 10, 1),
(109, 32, 10, 0),
(109, 35, 10, 0),
(109, 69, 10, 1),
(110, 14, 10, 1),
(110, 38, 10, 1),
(110, 63, 10, 1),
(110, 65, 10, 1),
(118, 7, 10, 1),
(118, 18, 10, 1),
(118, 21, 10, 1),
(118, 25, 10, 1),
(118, 108, 10, 1),
(121, 47, 10, 1),
(121, 161, 10, 1),
(121, 162, 10, 1),
(126, 46, 10, 1),
(126, 106, 10, 1),
(126, 107, 10, 1),
(126, 151, 10, 1),
(127, 11, 10, 1),
(127, 36, 10, 1),
(127, 42, 10, 1),
(127, 62, 10, 1),
(127, 63, 10, 1);

-- --------------------------------------------------------

--
-- Stand-in structure for view `player_wish_wait`
-- (See below for the actual view)
--
CREATE TABLE `player_wish_wait` (
`item` int(11)
,`item_name` varchar(64)
,`player` int(11)
,`player_name` varchar(64)
,`rank` varchar(32)
,`class` varchar(16)
,`point` decimal(46,4)
);

-- --------------------------------------------------------

--
-- Table structure for table `raid`
--

CREATE TABLE `raid` (
  `id` int(11) NOT NULL,
  `name` varchar(128) NOT NULL,
  `instance` varchar(8) NOT NULL DEFAULT 'ZG',
  `date` datetime NOT NULL DEFAULT CURRENT_TIMESTAMP,
  `point` int(11) NOT NULL,
  `running` tinyint(1) NOT NULL DEFAULT '1'
) ENGINE=InnoDB DEFAULT CHARSET=utf8mb4;

--
-- Dumping data for table `raid`
--

INSERT INTO `raid` (`id`, `name`, `instance`, `date`, `point`, `running`) VALUES
(3, 'MC + Ony', 'MC', '2020-03-29 00:00:00', 10, 0),
(4, 'BWL', 'BWL', '2020-04-01 00:00:00', 10, 0),
(5, 'MC + Ony', 'MC', '2020-04-05 00:00:00', 10, 0),
(6, 'BWL', 'BWL', '2020-04-08 00:00:00', 10, 0),
(7, 'MC + Ony', 'MC', '2020-04-12 00:00:00', 10, 0),
(8, 'BWL', 'BWL', '2020-04-15 00:00:00', 10, 0),
(9, 'ZG Decouverte 24h', 'ZG', '2020-04-15 00:00:00', 0, 0),
(10, 'ZG 1', 'ZG', '2020-04-16 00:00:00', 5, 0),
(11, 'ZG 2', 'ZG', '2020-04-17 00:00:00', 5, 0),
(12, 'MC + Ony', 'MC', '2020-04-19 00:00:00', 10, 0),
(13, 'ZG 3', 'ZG', '2020-04-20 00:00:00', 5, 0),
(14, 'ZG 4', 'ZG', '2020-04-21 00:00:00', 5, 0),
(15, 'BWL 1 mois !!!', 'BWL', '2020-04-22 00:00:00', 10, 0),
(16, 'ZG 5', 'ZG', '2020-04-23 00:00:00', 5, 0),
(17, 'ZG 6', 'ZG', '2020-04-24 00:00:00', 5, 0),
(18, 'MC + Ony', 'MC', '2020-04-26 00:00:00', 10, 0),
(19, 'ZG 7', 'ZG', '2020-04-27 00:00:00', 5, 0),
(20, 'ZG 8', 'ZG', '2020-04-28 00:00:00', 5, 0),
(21, 'BWL 5', 'BWL', '2020-04-29 00:00:00', 10, 0),
(22, 'ZG 9', 'ZG', '2020-04-30 00:00:00', 5, 0),
(23, 'ZG 10', 'ZG', '2020-05-01 00:00:00', 5, 0),
(24, 'Ony improvisé', 'Boss', '2020-05-02 00:00:00', 0, 0),
(25, 'ZG Improvisé', 'ZG', '2020-05-02 00:00:00', 0, 0),
(26, 'MC + Ony', 'MC', '2020-05-03 00:00:00', 10, 0),
(27, 'ZG 11', 'ZG', '2020-05-04 00:00:00', 5, 0),
(28, 'ZG 12', 'ZG', '2020-05-05 00:00:00', 5, 0),
(29, 'BWL 6', 'BWL', '2020-05-06 00:00:00', 10, 0),
(30, 'ZG 13', 'ZG', '2020-05-07 00:00:00', 5, 0),
(31, 'ZG 14', 'ZG', '2020-05-08 00:00:00', 5, 0),
(32, 'MC + Ony', 'MC', '2020-05-10 00:00:00', 10, 0),
(33, 'ZG 15', 'ZG', '2020-05-11 00:00:00', 5, 0),
(34, 'ZG 16', 'ZG', '2020-05-12 00:00:00', 5, 0),
(35, 'BWL 7', 'BWL', '2020-05-13 00:00:00', 10, 0),
(36, 'MC Apres BWL', 'MC', '2020-05-13 00:00:00', 10, 0),
(37, 'ZG 17', 'ZG', '2020-05-14 00:00:00', 5, 0),
(38, 'ZG 18', 'ZG', '2020-05-15 00:00:00', 5, 0),
(40, 'Ony Suite du MC + BWL', 'Boss', '2020-05-17 00:00:00', 0, 0),
(41, 'ZG à la place de MC', 'ZG', '2020-05-17 00:00:00', 5, 0),
(42, 'ZG 19', 'ZG', '2020-05-18 00:00:00', 5, 0),
(43, 'ZG 20', 'ZG', '2020-05-19 00:00:00', 5, 0),
(44, 'Ony improvisé', 'Boss', '2020-05-19 00:00:00', 0, 0),
(45, 'BWL 8', 'BWL', '2020-05-20 00:00:00', 10, 0),
(46, 'ZG 21', 'ZG', '2020-05-21 00:00:00', 5, 0),
(47, 'ZG 22', 'ZG', '2020-05-22 00:00:00', 5, 0),
(48, 'MC + Ony', 'MC', '2020-05-24 00:00:00', 10, 0),
(49, 'Ony apres mc (changement de perso)', 'Boss', '2020-05-24 00:00:00', 0, 0),
(50, 'ZG 23', 'ZG', '2020-05-25 00:00:00', 5, 0),
(51, 'BWL', 'BWL', '2020-05-27 00:00:00', 10, 0),
(52, 'ZG 24', 'ZG', '2020-05-29 00:00:00', 5, 0),
(53, 'MC + Ony', 'MC', '2020-05-31 00:00:00', 10, 0),
(54, 'ZG 22', 'ZG', '2020-06-01 00:00:00', 5, 0),
(55, 'BWL 9 (timer)', 'BWL', '2020-06-03 00:00:00', 10, 0),
(56, 'ZG 23', 'ZG', '2020-06-05 00:00:00', 0, 0),
(57, 'MC + Ony', 'MC', '2020-06-07 00:00:00', 10, 0),
(58, 'ZG 24', 'ZG', '2020-06-08 00:00:00', 5, 0),
(59, 'BWL 10', 'BWL', '2020-06-10 00:00:00', 10, 0),
(60, 'ZG 25', 'ZG', '2020-06-12 00:00:00', 5, 0),
(61, 'MC + Ony', 'MC', '2020-06-14 00:00:00', 10, 0),
(62, 'ZG 25', 'ZG', '2020-06-15 00:00:00', 5, 0),
(63, 'BWL 11', 'BWL', '2020-06-17 00:00:00', 10, 0),
(64, 'ZG 26', 'ZG', '2020-06-19 00:00:00', 5, 0),
(65, 'MC + Ony', 'MC', '2020-06-21 00:00:00', 10, 0),
(66, 'ZG 27', 'ZG', '2020-06-22 00:00:00', 5, 0),
(67, 'BWL 12', 'BWL', '2020-06-24 00:00:00', 10, 0),
(68, 'Ony improvisé apres BWL', 'Boss', '2020-06-24 00:00:00', 0, 0),
(69, 'ZG 28', 'ZG', '2020-06-26 00:00:00', 5, 0),
(70, 'MC + Ony', 'MC', '2020-06-28 00:00:00', 10, 0),
(71, 'ZG 29', 'ZG', '2020-06-29 00:00:00', 5, 0),
(72, 'BWL 13', 'BWL', '2020-07-01 00:00:00', 10, 0),
(73, 'MC Apres BWL', 'MC', '2020-07-01 00:00:00', 10, 0),
(74, 'ZG Improvisé', 'ZG', '2020-07-02 00:00:00', 0, 0),
(75, 'ZG 30', 'ZG', '2020-07-03 00:00:00', 5, 0),
(76, 'ZG 31', 'ZG', '2020-07-06 00:00:00', 5, 0),
(77, 'BWL 14', 'BWL', '2020-07-08 00:00:00', 10, 0),
(78, 'ZG 32', 'ZG', '2020-07-10 00:00:00', 5, 0),
(79, 'MC + Ony', 'MC', '2020-07-12 00:00:00', 10, 0),
(80, 'ZG 33', 'ZG', '2020-07-13 00:00:00', 5, 0),
(81, 'BWL 15', 'BWL', '2020-07-15 00:00:00', 10, 0),
(82, 'MC Apres BWL', 'MC', '2020-07-15 00:00:00', 10, 0),
(83, 'ZG 34', 'ZG', '2020-07-17 00:00:00', 5, 0),
(84, 'ZG 35', 'ZG', '2020-07-20 00:00:00', 5, 0);

-- --------------------------------------------------------

--
-- Stand-in structure for view `raid_attendance`
-- (See below for the actual view)
--
CREATE TABLE `raid_attendance` (
`player` int(11)
,`player_name` varchar(64)
,`instance` varchar(8)
,`attendance` bigint(21)
);

-- --------------------------------------------------------

--
-- Table structure for table `raid_entry`
--

CREATE TABLE `raid_entry` (
  `raid` int(11) NOT NULL,
  `player` int(11) NOT NULL,
  `bench` tinyint(1) NOT NULL DEFAULT '0',
  `visible` tinyint(1) NOT NULL DEFAULT '1'
) ENGINE=InnoDB DEFAULT CHARSET=utf8mb4;

--
-- Dumping data for table `raid_entry`
--

INSERT INTO `raid_entry` (`raid`, `player`, `bench`, `visible`) VALUES
(3, 1, 0, 1),
(3, 3, 0, 1),
(3, 4, 1, 0),
(3, 5, 0, 1),
(3, 6, 0, 1),
(3, 7, 0, 1),
(3, 8, 0, 1),
(3, 9, 0, 1),
(3, 10, 0, 1),
(3, 11, 0, 1),
(3, 12, 0, 1),
(3, 13, 1, 0),
(3, 14, 0, 1),
(3, 15, 0, 1),
(3, 16, 0, 1),
(3, 17, 0, 1),
(3, 18, 0, 1),
(3, 19, 0, 1),
(3, 20, 0, 1),
(3, 21, 0, 1),
(3, 22, 0, 1),
(3, 23, 0, 1),
(3, 24, 0, 1),
(3, 25, 0, 1),
(3, 26, 0, 1),
(3, 27, 0, 1),
(3, 28, 0, 1),
(3, 29, 0, 1),
(3, 30, 1, 0),
(3, 31, 0, 1),
(3, 32, 0, 1),
(3, 33, 0, 1),
(3, 35, 0, 1),
(3, 36, 0, 1),
(3, 37, 0, 1),
(3, 38, 0, 1),
(3, 39, 0, 1),
(3, 40, 0, 1),
(3, 41, 0, 1),
(3, 43, 0, 1),
(3, 44, 1, 1),
(3, 45, 0, 1),
(3, 46, 0, 1),
(3, 47, 0, 1),
(4, 1, 0, 1),
(4, 3, 0, 1),
(4, 4, 0, 1),
(4, 5, 0, 1),
(4, 6, 0, 1),
(4, 7, 0, 1),
(4, 8, 0, 1),
(4, 9, 0, 1),
(4, 10, 0, 1),
(4, 11, 0, 1),
(4, 12, 0, 1),
(4, 13, 0, 1),
(4, 14, 0, 1),
(4, 15, 0, 1),
(4, 16, 0, 1),
(4, 17, 0, 1),
(4, 18, 0, 1),
(4, 19, 0, 1),
(4, 20, 0, 1),
(4, 21, 0, 1),
(4, 22, 0, 1),
(4, 23, 0, 1),
(4, 24, 0, 1),
(4, 25, 0, 1),
(4, 26, 0, 1),
(4, 27, 0, 1),
(4, 28, 0, 1),
(4, 29, 0, 1),
(4, 30, 0, 1),
(4, 32, 0, 1),
(4, 33, 0, 1),
(4, 35, 0, 1),
(4, 36, 0, 1),
(4, 38, 1, 0),
(4, 39, 0, 1),
(4, 40, 0, 1),
(4, 43, 0, 1),
(4, 44, 0, 1),
(4, 50, 0, 1),
(4, 51, 0, 1),
(4, 52, 0, 1),
(5, 1, 0, 1),
(5, 3, 0, 1),
(5, 4, 1, 0),
(5, 5, 0, 1),
(5, 6, 0, 1),
(5, 7, 0, 1),
(5, 8, 0, 1),
(5, 9, 0, 1),
(5, 10, 1, 1),
(5, 11, 0, 1),
(5, 12, 0, 1),
(5, 13, 1, 0),
(5, 14, 0, 1),
(5, 16, 0, 1),
(5, 17, 0, 1),
(5, 18, 0, 1),
(5, 19, 0, 1),
(5, 20, 0, 1),
(5, 21, 0, 1),
(5, 22, 0, 1),
(5, 23, 0, 1),
(5, 24, 0, 1),
(5, 25, 0, 1),
(5, 26, 0, 1),
(5, 27, 0, 1),
(5, 28, 0, 1),
(5, 29, 0, 1),
(5, 30, 1, 0),
(5, 33, 0, 1),
(5, 35, 0, 1),
(5, 36, 0, 1),
(5, 37, 0, 1),
(5, 38, 0, 1),
(5, 39, 0, 1),
(5, 40, 0, 1),
(5, 41, 0, 1),
(5, 43, 0, 1),
(5, 44, 0, 1),
(5, 45, 0, 1),
(5, 47, 0, 1),
(5, 50, 1, 1),
(5, 52, 0, 1),
(5, 53, 0, 1),
(5, 54, 0, 1),
(5, 55, 0, 1),
(6, 1, 0, 1),
(6, 3, 0, 1),
(6, 4, 0, 1),
(6, 5, 0, 1),
(6, 6, 0, 1),
(6, 7, 0, 1),
(6, 8, 0, 1),
(6, 9, 0, 1),
(6, 10, 0, 1),
(6, 11, 0, 1),
(6, 12, 0, 1),
(6, 13, 0, 1),
(6, 14, 0, 1),
(6, 15, 0, 1),
(6, 16, 0, 1),
(6, 17, 0, 1),
(6, 18, 0, 1),
(6, 19, 0, 1),
(6, 20, 0, 1),
(6, 22, 0, 1),
(6, 23, 0, 1),
(6, 24, 0, 1),
(6, 25, 0, 1),
(6, 26, 0, 1),
(6, 27, 0, 1),
(6, 28, 0, 1),
(6, 30, 0, 1),
(6, 35, 0, 1),
(6, 36, 0, 1),
(6, 37, 0, 1),
(6, 38, 0, 1),
(6, 39, 0, 1),
(6, 40, 0, 1),
(6, 43, 0, 1),
(6, 44, 0, 1),
(6, 50, 0, 1),
(6, 52, 0, 1),
(6, 53, 0, 1),
(6, 55, 0, 1),
(6, 56, 0, 1),
(7, 1, 0, 1),
(7, 3, 0, 1),
(7, 5, 0, 1),
(7, 6, 0, 1),
(7, 7, 0, 1),
(7, 8, 0, 1),
(7, 9, 0, 1),
(7, 10, 0, 1),
(7, 11, 0, 1),
(7, 12, 0, 1),
(7, 13, 1, 0),
(7, 14, 0, 1),
(7, 15, 0, 1),
(7, 16, 0, 1),
(7, 17, 0, 1),
(7, 18, 0, 1),
(7, 19, 0, 1),
(7, 20, 0, 1),
(7, 21, 0, 1),
(7, 22, 0, 1),
(7, 23, 0, 1),
(7, 24, 0, 1),
(7, 25, 0, 1),
(7, 26, 0, 1),
(7, 27, 0, 1),
(7, 28, 0, 1),
(7, 29, 0, 1),
(7, 30, 1, 0),
(7, 35, 0, 1),
(7, 36, 0, 1),
(7, 37, 0, 1),
(7, 38, 0, 1),
(7, 39, 0, 1),
(7, 40, 0, 1),
(7, 41, 0, 1),
(7, 43, 0, 1),
(7, 45, 0, 1),
(7, 52, 0, 1),
(7, 53, 0, 1),
(7, 55, 0, 1),
(7, 56, 0, 1),
(7, 57, 0, 1),
(8, 1, 0, 1),
(8, 3, 0, 1),
(8, 4, 0, 1),
(8, 5, 0, 1),
(8, 6, 0, 1),
(8, 7, 0, 1),
(8, 8, 0, 1),
(8, 9, 0, 1),
(8, 10, 0, 1),
(8, 11, 0, 1),
(8, 12, 0, 1),
(8, 13, 0, 1),
(8, 14, 0, 1),
(8, 15, 0, 1),
(8, 16, 0, 1),
(8, 17, 0, 1),
(8, 18, 0, 1),
(8, 19, 0, 1),
(8, 20, 0, 1),
(8, 21, 0, 1),
(8, 22, 0, 1),
(8, 23, 0, 1),
(8, 24, 0, 1),
(8, 25, 1, 1),
(8, 26, 0, 1),
(8, 27, 0, 1),
(8, 28, 0, 1),
(8, 29, 0, 1),
(8, 30, 0, 1),
(8, 35, 0, 1),
(8, 36, 0, 1),
(8, 37, 0, 1),
(8, 38, 0, 1),
(8, 39, 0, 1),
(8, 40, 0, 1),
(8, 44, 0, 1),
(8, 45, 1, 1),
(8, 50, 0, 1),
(8, 52, 0, 1),
(8, 53, 0, 1),
(8, 55, 0, 1),
(8, 56, 1, 1),
(8, 60, 0, 1),
(9, 1, 0, 1),
(9, 4, 0, 1),
(9, 5, 0, 1),
(9, 6, 0, 1),
(9, 7, 0, 1),
(9, 10, 0, 1),
(9, 12, 0, 1),
(9, 13, 0, 1),
(9, 16, 0, 1),
(9, 19, 0, 1),
(9, 24, 0, 1),
(9, 26, 0, 1),
(9, 30, 0, 1),
(9, 38, 0, 1),
(9, 44, 0, 1),
(9, 50, 0, 1),
(9, 52, 0, 1),
(9, 53, 0, 1),
(9, 56, 0, 1),
(9, 60, 0, 1),
(10, 4, 0, 1),
(10, 5, 0, 1),
(10, 6, 0, 1),
(10, 7, 0, 1),
(10, 8, 0, 1),
(10, 9, 0, 1),
(10, 11, 0, 1),
(10, 12, 0, 1),
(10, 14, 0, 1),
(10, 15, 0, 1),
(10, 19, 0, 1),
(10, 25, 0, 1),
(10, 26, 0, 1),
(10, 30, 0, 1),
(10, 37, 0, 1),
(10, 38, 0, 1),
(10, 52, 0, 1),
(10, 62, 0, 1),
(10, 63, 0, 1),
(10, 64, 0, 1),
(11, 1, 0, 1),
(11, 3, 0, 1),
(11, 10, 0, 1),
(11, 13, 0, 1),
(11, 16, 0, 1),
(11, 18, 0, 1),
(11, 20, 0, 1),
(11, 23, 0, 1),
(11, 24, 0, 1),
(11, 27, 0, 1),
(11, 29, 0, 1),
(11, 35, 0, 1),
(11, 39, 0, 1),
(11, 40, 0, 1),
(11, 44, 0, 1),
(11, 50, 0, 1),
(11, 53, 0, 1),
(11, 58, 0, 1),
(11, 60, 0, 1),
(11, 65, 0, 1),
(12, 1, 0, 1),
(12, 3, 0, 1),
(12, 4, 1, 0),
(12, 5, 1, 0),
(12, 6, 0, 1),
(12, 7, 0, 1),
(12, 8, 0, 1),
(12, 9, 0, 1),
(12, 10, 0, 1),
(12, 11, 0, 1),
(12, 12, 0, 1),
(12, 13, 0, 1),
(12, 14, 0, 1),
(12, 15, 0, 1),
(12, 16, 0, 1),
(12, 17, 0, 1),
(12, 18, 0, 1),
(12, 19, 1, 0),
(12, 20, 0, 1),
(12, 21, 0, 1),
(12, 23, 0, 1),
(12, 24, 0, 1),
(12, 25, 0, 1),
(12, 26, 0, 1),
(12, 30, 1, 0),
(12, 35, 0, 1),
(12, 36, 0, 1),
(12, 37, 0, 1),
(12, 38, 0, 1),
(12, 39, 0, 1),
(12, 40, 1, 0),
(12, 41, 0, 1),
(12, 44, 0, 1),
(12, 45, 0, 1),
(12, 53, 0, 1),
(12, 55, 0, 1),
(12, 56, 0, 1),
(12, 59, 0, 1),
(12, 60, 0, 1),
(12, 61, 0, 1),
(12, 65, 0, 1),
(12, 66, 0, 1),
(13, 3, 0, 1),
(13, 4, 0, 1),
(13, 5, 0, 1),
(13, 7, 0, 1),
(13, 8, 0, 1),
(13, 9, 0, 1),
(13, 11, 0, 1),
(13, 14, 0, 1),
(13, 15, 0, 1),
(13, 18, 0, 1),
(13, 19, 0, 1),
(13, 24, 0, 1),
(13, 26, 0, 1),
(13, 28, 0, 1),
(13, 35, 0, 1),
(13, 36, 0, 1),
(13, 37, 0, 1),
(13, 38, 0, 1),
(13, 41, 0, 1),
(13, 58, 0, 1),
(14, 1, 0, 1),
(14, 10, 0, 1),
(14, 13, 0, 1),
(14, 16, 0, 1),
(14, 17, 0, 1),
(14, 20, 0, 1),
(14, 25, 0, 1),
(14, 27, 0, 1),
(14, 30, 0, 1),
(14, 39, 0, 1),
(14, 44, 0, 1),
(14, 45, 0, 1),
(14, 51, 0, 1),
(14, 52, 0, 1),
(14, 53, 0, 1),
(14, 56, 0, 1),
(14, 59, 0, 1),
(14, 60, 0, 1),
(14, 62, 0, 1),
(14, 69, 0, 1),
(15, 1, 0, 1),
(15, 3, 0, 1),
(15, 4, 0, 1),
(15, 5, 0, 1),
(15, 6, 0, 1),
(15, 7, 0, 1),
(15, 8, 0, 1),
(15, 9, 0, 1),
(15, 10, 0, 1),
(15, 11, 0, 1),
(15, 12, 0, 1),
(15, 13, 0, 1),
(15, 14, 0, 1),
(15, 15, 0, 1),
(15, 16, 0, 1),
(15, 18, 0, 1),
(15, 19, 0, 1),
(15, 20, 0, 1),
(15, 23, 0, 1),
(15, 24, 0, 1),
(15, 25, 0, 1),
(15, 26, 0, 1),
(15, 27, 0, 1),
(15, 28, 0, 1),
(15, 30, 0, 1),
(15, 35, 0, 1),
(15, 36, 0, 1),
(15, 37, 0, 1),
(15, 38, 0, 1),
(15, 39, 0, 1),
(15, 40, 0, 1),
(15, 44, 0, 1),
(15, 45, 0, 1),
(15, 50, 0, 1),
(15, 52, 0, 1),
(15, 53, 0, 1),
(15, 55, 0, 1),
(15, 56, 0, 1),
(15, 60, 0, 1),
(16, 3, 0, 1),
(16, 4, 0, 1),
(16, 5, 0, 1),
(16, 7, 0, 1),
(16, 8, 0, 1),
(16, 9, 0, 1),
(16, 11, 0, 1),
(16, 14, 0, 1),
(16, 15, 0, 1),
(16, 18, 0, 1),
(16, 23, 0, 1),
(16, 24, 0, 1),
(16, 25, 0, 1),
(16, 26, 0, 1),
(16, 35, 0, 1),
(16, 36, 0, 1),
(16, 37, 0, 1),
(16, 38, 0, 1),
(16, 70, 0, 1),
(16, 71, 0, 1),
(17, 1, 0, 1),
(17, 10, 0, 1),
(17, 13, 0, 1),
(17, 16, 0, 1),
(17, 17, 0, 1),
(17, 19, 0, 1),
(17, 20, 0, 1),
(17, 28, 0, 1),
(17, 30, 0, 1),
(17, 39, 0, 1),
(17, 40, 0, 1),
(17, 44, 0, 1),
(17, 50, 0, 1),
(17, 51, 0, 1),
(17, 55, 0, 1),
(17, 56, 0, 1),
(17, 60, 0, 1),
(17, 62, 0, 1),
(17, 69, 0, 1),
(17, 72, 0, 1),
(18, 1, 0, 1),
(18, 3, 0, 1),
(18, 6, 0, 1),
(18, 7, 0, 1),
(18, 8, 0, 1),
(18, 9, 0, 1),
(18, 10, 0, 1),
(18, 11, 0, 1),
(18, 12, 0, 1),
(18, 13, 1, 0),
(18, 14, 0, 1),
(18, 15, 0, 1),
(18, 16, 0, 1),
(18, 17, 0, 1),
(18, 18, 0, 1),
(18, 20, 0, 1),
(18, 23, 0, 1),
(18, 24, 0, 1),
(18, 25, 0, 1),
(18, 26, 0, 1),
(18, 27, 1, 1),
(18, 28, 0, 1),
(18, 30, 0, 1),
(18, 35, 0, 1),
(18, 36, 0, 1),
(18, 37, 0, 1),
(18, 38, 0, 1),
(18, 39, 0, 1),
(18, 45, 0, 1),
(18, 52, 0, 1),
(18, 53, 0, 1),
(18, 55, 0, 1),
(18, 56, 0, 1),
(18, 58, 0, 1),
(18, 59, 0, 1),
(18, 60, 1, 1),
(18, 61, 0, 1),
(18, 65, 0, 1),
(18, 66, 0, 1),
(18, 68, 0, 1),
(18, 70, 0, 1),
(18, 72, 1, 1),
(18, 73, 0, 1),
(18, 75, 0, 1),
(19, 1, 0, 1),
(19, 3, 0, 1),
(19, 7, 0, 1),
(19, 8, 0, 1),
(19, 9, 0, 1),
(19, 14, 0, 1),
(19, 15, 0, 1),
(19, 18, 0, 1),
(19, 19, 0, 1),
(19, 23, 0, 1),
(19, 24, 0, 1),
(19, 26, 0, 1),
(19, 28, 0, 1),
(19, 37, 0, 1),
(19, 38, 0, 1),
(19, 45, 0, 1),
(19, 58, 1, 1),
(19, 63, 0, 1),
(19, 70, 0, 1),
(19, 74, 0, 1),
(20, 4, 0, 1),
(20, 5, 0, 1),
(20, 10, 0, 1),
(20, 11, 0, 1),
(20, 12, 0, 1),
(20, 13, 0, 1),
(20, 16, 0, 1),
(20, 17, 0, 1),
(20, 25, 0, 1),
(20, 30, 0, 1),
(20, 39, 0, 1),
(20, 51, 0, 1),
(20, 52, 0, 1),
(20, 56, 0, 1),
(20, 59, 0, 1),
(20, 60, 0, 1),
(20, 62, 0, 1),
(20, 69, 0, 1),
(20, 72, 0, 1),
(20, 77, 0, 1),
(21, 1, 0, 1),
(21, 3, 0, 1),
(21, 4, 0, 1),
(21, 5, 0, 1),
(21, 6, 0, 1),
(21, 7, 0, 1),
(21, 8, 0, 1),
(21, 9, 0, 1),
(21, 10, 0, 1),
(21, 11, 0, 1),
(21, 12, 0, 1),
(21, 13, 0, 1),
(21, 14, 0, 1),
(21, 15, 0, 1),
(21, 16, 0, 1),
(21, 17, 0, 1),
(21, 18, 0, 1),
(21, 19, 0, 1),
(21, 20, 0, 1),
(21, 23, 0, 1),
(21, 24, 0, 1),
(21, 25, 0, 1),
(21, 26, 0, 1),
(21, 27, 0, 1),
(21, 28, 0, 1),
(21, 30, 0, 1),
(21, 35, 0, 1),
(21, 36, 0, 1),
(21, 37, 0, 1),
(21, 38, 0, 1),
(21, 39, 0, 1),
(21, 50, 0, 1),
(21, 52, 0, 1),
(21, 53, 0, 1),
(21, 55, 0, 1),
(21, 56, 0, 1),
(21, 60, 0, 1),
(21, 70, 0, 1),
(21, 73, 0, 1),
(21, 75, 0, 1),
(22, 3, 0, 1),
(22, 7, 0, 1),
(22, 8, 0, 1),
(22, 9, 0, 1),
(22, 14, 0, 1),
(22, 18, 0, 1),
(22, 19, 0, 1),
(22, 23, 0, 1),
(22, 24, 0, 1),
(22, 26, 0, 1),
(22, 28, 0, 1),
(22, 37, 0, 1),
(22, 38, 0, 1),
(22, 40, 0, 1),
(22, 58, 0, 1),
(22, 63, 0, 1),
(22, 70, 0, 1),
(22, 74, 0, 1),
(22, 78, 0, 1),
(23, 1, 0, 1),
(23, 4, 0, 1),
(23, 5, 0, 1),
(23, 10, 0, 1),
(23, 13, 0, 1),
(23, 16, 0, 1),
(23, 17, 0, 1),
(23, 21, 0, 1),
(23, 25, 0, 1),
(23, 27, 0, 1),
(23, 30, 0, 1),
(23, 39, 0, 1),
(23, 50, 0, 1),
(23, 51, 0, 1),
(23, 52, 0, 1),
(23, 56, 0, 1),
(23, 59, 0, 1),
(23, 68, 0, 1),
(23, 72, 0, 1),
(23, 75, 0, 1),
(24, 8, 0, 1),
(24, 9, 0, 1),
(24, 12, 0, 1),
(24, 18, 0, 1),
(24, 20, 0, 1),
(24, 25, 0, 1),
(24, 28, 0, 1),
(24, 29, 0, 1),
(24, 30, 0, 1),
(24, 55, 0, 1),
(24, 59, 0, 1),
(24, 63, 0, 1),
(24, 65, 0, 1),
(24, 66, 0, 1),
(24, 68, 0, 1),
(24, 72, 0, 1),
(24, 73, 0, 1),
(24, 75, 0, 1),
(24, 79, 0, 1),
(24, 80, 0, 1),
(25, 7, 0, 1),
(25, 9, 0, 1),
(25, 14, 0, 1),
(25, 16, 0, 1),
(25, 18, 0, 1),
(25, 24, 0, 1),
(25, 35, 0, 1),
(25, 38, 0, 1),
(25, 54, 0, 1),
(25, 55, 0, 1),
(25, 61, 0, 1),
(25, 63, 0, 1),
(25, 65, 0, 1),
(25, 66, 0, 1),
(25, 70, 0, 1),
(25, 73, 0, 1),
(25, 81, 0, 1),
(25, 82, 0, 1),
(25, 83, 0, 1),
(25, 84, 0, 1),
(26, 1, 0, 1),
(26, 3, 0, 1),
(26, 6, 0, 1),
(26, 7, 0, 1),
(26, 8, 0, 1),
(26, 9, 0, 1),
(26, 10, 0, 1),
(26, 11, 0, 1),
(26, 12, 0, 1),
(26, 13, 0, 1),
(26, 14, 0, 1),
(26, 15, 0, 1),
(26, 18, 0, 1),
(26, 20, 0, 1),
(26, 21, 0, 1),
(26, 23, 0, 1),
(26, 25, 0, 1),
(26, 26, 0, 1),
(26, 29, 0, 1),
(26, 35, 0, 1),
(26, 36, 0, 1),
(26, 39, 0, 1),
(26, 41, 0, 1),
(26, 45, 0, 1),
(26, 50, 0, 1),
(26, 52, 0, 1),
(26, 55, 0, 1),
(26, 56, 0, 1),
(26, 58, 0, 1),
(26, 59, 0, 1),
(26, 61, 0, 1),
(26, 62, 0, 1),
(26, 65, 0, 1),
(26, 66, 0, 1),
(26, 68, 0, 1),
(26, 70, 0, 1),
(26, 74, 0, 1),
(26, 75, 0, 1),
(26, 77, 0, 1),
(26, 85, 0, 1),
(27, 3, 0, 1),
(27, 7, 0, 1),
(27, 9, 0, 1),
(27, 11, 0, 1),
(27, 14, 0, 1),
(27, 15, 0, 1),
(27, 18, 0, 1),
(27, 19, 0, 1),
(27, 24, 0, 1),
(27, 26, 0, 1),
(27, 28, 0, 1),
(27, 41, 0, 1),
(27, 45, 0, 1),
(27, 60, 0, 1),
(27, 65, 0, 1),
(27, 68, 0, 1),
(27, 70, 0, 1),
(27, 74, 0, 1),
(27, 75, 0, 1),
(27, 88, 0, 1),
(28, 4, 0, 1),
(28, 5, 0, 1),
(28, 10, 0, 1),
(28, 12, 0, 1),
(28, 13, 0, 1),
(28, 16, 0, 1),
(28, 17, 0, 1),
(28, 25, 0, 1),
(28, 30, 0, 1),
(28, 39, 0, 1),
(28, 52, 1, 1),
(28, 56, 0, 1),
(28, 58, 0, 1),
(28, 59, 1, 1),
(28, 62, 0, 1),
(28, 66, 0, 1),
(28, 69, 0, 1),
(28, 77, 0, 1),
(28, 82, 0, 1),
(28, 83, 0, 1),
(28, 87, 0, 1),
(28, 89, 0, 1),
(29, 1, 0, 1),
(29, 3, 0, 1),
(29, 5, 0, 1),
(29, 6, 0, 1),
(29, 7, 0, 1),
(29, 8, 0, 1),
(29, 9, 0, 1),
(29, 10, 0, 1),
(29, 11, 0, 1),
(29, 12, 0, 1),
(29, 13, 0, 1),
(29, 14, 0, 1),
(29, 15, 0, 1),
(29, 16, 0, 1),
(29, 17, 0, 1),
(29, 18, 0, 1),
(29, 19, 0, 1),
(29, 20, 0, 1),
(29, 23, 0, 1),
(29, 24, 0, 1),
(29, 25, 0, 1),
(29, 27, 0, 1),
(29, 28, 0, 1),
(29, 30, 0, 1),
(29, 36, 0, 1),
(29, 39, 0, 1),
(29, 50, 0, 1),
(29, 52, 0, 1),
(29, 53, 0, 1),
(29, 55, 0, 1),
(29, 56, 0, 1),
(29, 60, 0, 1),
(29, 66, 0, 1),
(29, 68, 0, 1),
(29, 70, 0, 1),
(29, 73, 0, 1),
(29, 75, 0, 1),
(29, 90, 0, 1),
(30, 3, 0, 1),
(30, 8, 0, 1),
(30, 9, 0, 1),
(30, 11, 0, 1),
(30, 14, 0, 1),
(30, 18, 0, 1),
(30, 19, 0, 1),
(30, 23, 0, 1),
(30, 24, 0, 1),
(30, 28, 0, 1),
(30, 41, 0, 1),
(30, 53, 0, 1),
(30, 56, 0, 1),
(30, 63, 0, 1),
(30, 70, 0, 1),
(30, 74, 0, 1),
(30, 75, 0, 1),
(30, 85, 0, 1),
(30, 91, 0, 1),
(30, 92, 0, 1),
(31, 1, 0, 1),
(31, 5, 0, 1),
(31, 10, 0, 1),
(31, 12, 1, 1),
(31, 13, 0, 1),
(31, 16, 0, 1),
(31, 17, 0, 1),
(31, 20, 0, 1),
(31, 25, 0, 1),
(31, 30, 0, 1),
(31, 35, 1, 1),
(31, 39, 0, 1),
(31, 50, 0, 1),
(31, 52, 0, 1),
(31, 58, 0, 1),
(31, 59, 0, 1),
(31, 60, 0, 1),
(31, 66, 0, 1),
(31, 68, 0, 1),
(31, 69, 1, 1),
(31, 77, 1, 1),
(31, 79, 0, 1),
(31, 82, 0, 1),
(31, 83, 0, 1),
(31, 89, 1, 1),
(32, 3, 0, 1),
(32, 6, 0, 1),
(32, 8, 0, 1),
(32, 9, 0, 1),
(32, 10, 0, 1),
(32, 11, 0, 1),
(32, 12, 0, 1),
(32, 14, 0, 1),
(32, 15, 0, 1),
(32, 17, 0, 1),
(32, 18, 0, 1),
(32, 20, 0, 1),
(32, 24, 0, 1),
(32, 25, 0, 1),
(32, 28, 0, 1),
(32, 30, 0, 1),
(32, 36, 0, 1),
(32, 39, 0, 1),
(32, 45, 0, 1),
(32, 50, 0, 1),
(32, 52, 0, 1),
(32, 55, 0, 1),
(32, 56, 0, 1),
(32, 58, 0, 1),
(32, 59, 0, 1),
(32, 60, 0, 1),
(32, 61, 0, 1),
(32, 64, 0, 1),
(32, 66, 0, 1),
(32, 68, 0, 1),
(32, 70, 0, 1),
(32, 73, 0, 1),
(32, 74, 0, 1),
(32, 77, 0, 1),
(32, 85, 0, 1),
(32, 87, 0, 1),
(32, 90, 0, 1),
(32, 91, 0, 1),
(32, 92, 0, 1),
(33, 7, 0, 1),
(33, 8, 0, 1),
(33, 9, 0, 1),
(33, 11, 0, 1),
(33, 14, 0, 1),
(33, 15, 0, 1),
(33, 18, 0, 1),
(33, 24, 0, 1),
(33, 28, 0, 1),
(33, 35, 0, 1),
(33, 41, 0, 1),
(33, 59, 0, 1),
(33, 70, 0, 1),
(33, 74, 0, 1),
(33, 75, 0, 1),
(33, 80, 0, 1),
(33, 82, 0, 1),
(33, 83, 0, 1),
(33, 87, 0, 1),
(33, 90, 0, 1),
(34, 1, 0, 1),
(34, 3, 0, 1),
(34, 5, 0, 1),
(34, 10, 0, 1),
(34, 13, 0, 1),
(34, 16, 0, 1),
(34, 19, 0, 1),
(34, 25, 0, 1),
(34, 30, 0, 1),
(34, 39, 0, 1),
(34, 50, 0, 1),
(34, 52, 0, 1),
(34, 56, 0, 1),
(34, 58, 0, 1),
(34, 60, 0, 1),
(34, 62, 1, 1),
(34, 63, 0, 1),
(34, 66, 0, 1),
(34, 68, 0, 1),
(34, 89, 0, 1),
(34, 92, 0, 1),
(35, 1, 0, 1),
(35, 3, 0, 1),
(35, 5, 0, 1),
(35, 7, 0, 1),
(35, 8, 0, 1),
(35, 9, 0, 1),
(35, 10, 0, 1),
(35, 11, 0, 1),
(35, 12, 0, 1),
(35, 13, 0, 1),
(35, 14, 0, 1),
(35, 15, 0, 1),
(35, 16, 0, 1),
(35, 20, 0, 1),
(35, 23, 0, 1),
(35, 24, 0, 1),
(35, 25, 0, 1),
(35, 27, 0, 1),
(35, 28, 0, 1),
(35, 30, 0, 1),
(35, 35, 0, 1),
(35, 36, 0, 1),
(35, 39, 0, 1),
(35, 45, 0, 1),
(35, 50, 0, 1),
(35, 52, 0, 1),
(35, 53, 0, 1),
(35, 55, 0, 1),
(35, 56, 0, 1),
(35, 60, 0, 1),
(35, 66, 0, 1),
(35, 68, 0, 1),
(35, 70, 0, 1),
(35, 73, 0, 1),
(35, 75, 0, 1),
(35, 90, 0, 1),
(36, 1, 0, 1),
(36, 3, 0, 1),
(36, 5, 0, 1),
(36, 7, 0, 1),
(36, 8, 0, 1),
(36, 9, 0, 1),
(36, 10, 0, 1),
(36, 11, 0, 1),
(36, 12, 0, 1),
(36, 13, 0, 1),
(36, 14, 0, 1),
(36, 15, 0, 1),
(36, 16, 0, 1),
(36, 19, 0, 1),
(36, 23, 0, 1),
(36, 24, 0, 1),
(36, 25, 0, 1),
(36, 27, 0, 1),
(36, 28, 0, 1),
(36, 30, 0, 1),
(36, 35, 0, 1),
(36, 36, 0, 1),
(36, 39, 0, 1),
(36, 45, 0, 1),
(36, 50, 0, 1),
(36, 52, 0, 1),
(36, 53, 0, 1),
(36, 55, 0, 1),
(36, 56, 0, 1),
(36, 60, 0, 1),
(36, 66, 0, 1),
(36, 68, 0, 1),
(36, 70, 0, 1),
(36, 73, 0, 1),
(36, 75, 0, 1),
(36, 90, 0, 1),
(37, 7, 0, 1),
(37, 8, 0, 1),
(37, 11, 0, 1),
(37, 12, 0, 1),
(37, 14, 0, 1),
(37, 15, 0, 1),
(37, 19, 0, 1),
(37, 23, 0, 1),
(37, 24, 0, 1),
(37, 28, 0, 1),
(37, 30, 0, 1),
(37, 35, 0, 1),
(37, 52, 0, 1),
(37, 56, 0, 1),
(37, 70, 0, 1),
(37, 74, 0, 1),
(37, 82, 0, 1),
(37, 83, 0, 1),
(37, 85, 0, 1),
(37, 87, 0, 1),
(38, 3, 0, 1),
(38, 5, 0, 1),
(38, 9, 0, 1),
(38, 13, 0, 1),
(38, 16, 0, 1),
(38, 17, 0, 1),
(38, 25, 0, 1),
(38, 36, 0, 1),
(38, 39, 0, 1),
(38, 45, 0, 1),
(38, 50, 0, 1),
(38, 53, 0, 1),
(38, 59, 0, 1),
(38, 60, 0, 1),
(38, 68, 0, 1),
(38, 75, 0, 1),
(38, 89, 0, 1),
(38, 90, 0, 1),
(38, 91, 0, 1),
(38, 92, 0, 1),
(40, 1, 0, 1),
(40, 7, 0, 1),
(40, 8, 0, 1),
(40, 9, 0, 1),
(40, 12, 0, 1),
(40, 13, 0, 1),
(40, 17, 0, 1),
(40, 23, 0, 1),
(40, 25, 0, 1),
(40, 41, 0, 1),
(40, 45, 0, 1),
(40, 52, 0, 1),
(40, 53, 0, 1),
(40, 56, 0, 1),
(40, 58, 0, 1),
(40, 59, 0, 1),
(40, 60, 0, 1),
(40, 63, 0, 1),
(40, 66, 0, 1),
(40, 68, 0, 1),
(40, 70, 0, 1),
(40, 73, 0, 1),
(40, 74, 0, 1),
(40, 79, 0, 1),
(40, 85, 0, 1),
(40, 93, 0, 1),
(40, 94, 0, 1),
(40, 95, 0, 1),
(41, 1, 0, 1),
(41, 3, 0, 1),
(41, 5, 0, 1),
(41, 7, 0, 1),
(41, 8, 0, 1),
(41, 12, 0, 1),
(41, 16, 0, 1),
(41, 17, 0, 1),
(41, 30, 0, 1),
(41, 45, 0, 1),
(41, 54, 0, 1),
(41, 56, 0, 1),
(41, 59, 0, 1),
(41, 60, 0, 1),
(41, 63, 0, 1),
(41, 64, 0, 1),
(41, 73, 0, 1),
(41, 85, 0, 1),
(41, 93, 0, 1),
(41, 96, 0, 1),
(42, 9, 0, 1),
(42, 11, 0, 1),
(42, 14, 0, 1),
(42, 15, 0, 1),
(42, 18, 0, 1),
(42, 19, 0, 1),
(42, 20, 0, 1),
(42, 24, 0, 1),
(42, 28, 0, 1),
(42, 35, 0, 1),
(42, 41, 0, 1),
(42, 52, 0, 1),
(42, 58, 0, 1),
(42, 68, 0, 1),
(42, 70, 0, 1),
(42, 78, 0, 1),
(42, 82, 0, 1),
(42, 83, 0, 1),
(42, 92, 0, 1),
(43, 5, 0, 1),
(43, 7, 0, 1),
(43, 8, 0, 1),
(43, 10, 0, 1),
(43, 12, 0, 1),
(43, 16, 0, 1),
(43, 18, 0, 1),
(43, 25, 0, 1),
(43, 39, 0, 1),
(43, 56, 0, 1),
(43, 60, 0, 1),
(43, 66, 0, 1),
(43, 73, 0, 1),
(43, 87, 0, 1),
(43, 89, 0, 1),
(43, 93, 0, 1),
(43, 94, 0, 1),
(43, 96, 0, 1),
(43, 97, 0, 1),
(43, 98, 0, 1),
(44, 7, 0, 1),
(44, 9, 0, 1),
(44, 12, 0, 1),
(44, 16, 0, 1),
(44, 18, 0, 1),
(44, 23, 0, 1),
(44, 25, 0, 1),
(44, 30, 0, 1),
(44, 35, 0, 1),
(44, 36, 0, 1),
(44, 39, 0, 1),
(44, 56, 0, 1),
(44, 66, 0, 1),
(44, 68, 0, 1),
(44, 73, 0, 1),
(44, 79, 0, 1),
(44, 89, 0, 1),
(44, 94, 0, 1),
(44, 96, 0, 1),
(44, 97, 0, 1),
(45, 1, 0, 1),
(45, 3, 0, 1),
(45, 5, 0, 1),
(45, 7, 0, 1),
(45, 8, 0, 1),
(45, 9, 0, 1),
(45, 10, 0, 1),
(45, 11, 0, 1),
(45, 12, 0, 1),
(45, 13, 0, 1),
(45, 14, 0, 1),
(45, 15, 0, 1),
(45, 16, 0, 1),
(45, 17, 0, 1),
(45, 18, 0, 1),
(45, 19, 0, 1),
(45, 20, 1, 1),
(45, 23, 0, 1),
(45, 24, 0, 1),
(45, 25, 0, 1),
(45, 27, 0, 1),
(45, 28, 0, 1),
(45, 30, 0, 1),
(45, 35, 1, 1),
(45, 36, 0, 1),
(45, 39, 0, 1),
(45, 45, 0, 1),
(45, 50, 0, 1),
(45, 52, 0, 1),
(45, 53, 0, 1),
(45, 55, 0, 1),
(45, 56, 0, 1),
(45, 60, 0, 1),
(45, 66, 0, 1),
(45, 68, 0, 1),
(45, 70, 0, 1),
(45, 75, 0, 1),
(45, 90, 0, 1),
(45, 93, 0, 1),
(45, 96, 0, 1),
(45, 97, 0, 1),
(45, 99, 0, 1),
(46, 1, 0, 1),
(46, 3, 0, 1),
(46, 11, 0, 1),
(46, 14, 0, 1),
(46, 19, 0, 1),
(46, 23, 0, 1),
(46, 24, 0, 1),
(46, 28, 0, 1),
(46, 29, 0, 1),
(46, 41, 0, 1),
(46, 45, 0, 1),
(46, 63, 0, 1),
(46, 68, 0, 1),
(46, 70, 0, 1),
(46, 74, 0, 1),
(46, 82, 0, 1),
(46, 83, 0, 1),
(46, 92, 0, 1),
(46, 95, 0, 1),
(46, 101, 0, 1),
(47, 5, 0, 1),
(47, 7, 0, 1),
(47, 8, 0, 1),
(47, 10, 0, 1),
(47, 16, 0, 1),
(47, 24, 0, 1),
(47, 25, 0, 1),
(47, 39, 0, 1),
(47, 50, 0, 1),
(47, 52, 0, 1),
(47, 54, 0, 1),
(47, 56, 0, 1),
(47, 68, 0, 1),
(47, 70, 0, 1),
(47, 89, 0, 1),
(47, 90, 0, 1),
(47, 93, 0, 1),
(47, 99, 0, 1),
(47, 100, 0, 1),
(47, 101, 0, 1),
(48, 1, 0, 1),
(48, 3, 0, 1),
(48, 8, 0, 1),
(48, 10, 0, 1),
(48, 11, 1, 1),
(48, 12, 0, 1),
(48, 14, 0, 1),
(48, 15, 0, 1),
(48, 17, 0, 1),
(48, 18, 0, 1),
(48, 20, 0, 1),
(48, 24, 0, 1),
(48, 30, 0, 1),
(48, 39, 0, 1),
(48, 45, 0, 1),
(48, 52, 0, 1),
(48, 54, 0, 1),
(48, 55, 0, 1),
(48, 56, 0, 1),
(48, 59, 0, 1),
(48, 60, 0, 1),
(48, 61, 0, 1),
(48, 63, 0, 1),
(48, 64, 0, 1),
(48, 66, 0, 1),
(48, 68, 0, 1),
(48, 70, 0, 1),
(48, 73, 0, 1),
(48, 74, 0, 1),
(48, 75, 0, 1),
(48, 77, 0, 1),
(48, 82, 0, 1),
(48, 83, 0, 1),
(48, 85, 0, 1),
(48, 89, 0, 1),
(48, 90, 0, 1),
(48, 92, 0, 1),
(48, 96, 0, 1),
(48, 97, 0, 1),
(48, 100, 0, 1),
(48, 101, 0, 1),
(49, 11, 0, 1),
(49, 13, 0, 1),
(49, 28, 0, 1),
(50, 7, 0, 1),
(50, 8, 0, 1),
(50, 10, 0, 1),
(50, 11, 0, 1),
(50, 12, 0, 1),
(50, 24, 0, 1),
(50, 25, 0, 1),
(50, 41, 0, 1),
(50, 53, 0, 1),
(50, 56, 0, 1),
(50, 59, 0, 1),
(50, 60, 0, 1),
(50, 70, 0, 1),
(50, 74, 0, 1),
(50, 85, 0, 1),
(50, 89, 0, 1),
(50, 100, 0, 1),
(50, 101, 0, 1),
(50, 102, 0, 1),
(50, 103, 0, 1),
(51, 1, 0, 1),
(51, 3, 0, 1),
(51, 5, 0, 1),
(51, 7, 0, 1),
(51, 8, 0, 1),
(51, 9, 0, 1),
(51, 10, 0, 1),
(51, 11, 0, 1),
(51, 12, 0, 1),
(51, 13, 0, 1),
(51, 14, 0, 1),
(51, 16, 0, 1),
(51, 17, 0, 1),
(51, 18, 0, 1),
(51, 19, 0, 1),
(51, 20, 0, 1),
(51, 23, 0, 1),
(51, 24, 0, 1),
(51, 25, 0, 1),
(51, 27, 0, 1),
(51, 28, 0, 1),
(51, 30, 0, 1),
(51, 36, 0, 1),
(51, 39, 0, 1),
(51, 45, 0, 1),
(51, 50, 0, 1),
(51, 52, 0, 1),
(51, 53, 0, 1),
(51, 55, 0, 1),
(51, 56, 0, 1),
(51, 60, 0, 1),
(51, 66, 0, 1),
(51, 68, 0, 1),
(51, 70, 0, 1),
(51, 73, 0, 1),
(51, 90, 0, 1),
(51, 93, 0, 1),
(51, 96, 0, 1),
(51, 99, 0, 1),
(51, 100, 0, 1),
(52, 5, 0, 1),
(52, 7, 0, 1),
(52, 8, 1, 1),
(52, 9, 0, 1),
(52, 16, 1, 1),
(52, 19, 0, 1),
(52, 24, 0, 1),
(52, 28, 0, 1),
(52, 30, 0, 1),
(52, 39, 0, 1),
(52, 50, 0, 1),
(52, 52, 0, 1),
(52, 53, 0, 1),
(52, 56, 0, 1),
(52, 64, 0, 1),
(52, 66, 0, 1),
(52, 68, 0, 1),
(52, 70, 0, 1),
(52, 93, 0, 1),
(52, 94, 1, 1),
(52, 96, 0, 1),
(52, 99, 0, 1),
(52, 100, 0, 1),
(53, 1, 0, 1),
(53, 3, 0, 1),
(53, 7, 0, 1),
(53, 8, 0, 1),
(53, 10, 0, 1),
(53, 12, 0, 1),
(53, 14, 0, 1),
(53, 19, 0, 1),
(53, 20, 0, 1),
(53, 23, 0, 1),
(53, 24, 0, 1),
(53, 25, 0, 1),
(53, 30, 0, 1),
(53, 39, 0, 1),
(53, 45, 0, 1),
(53, 52, 0, 1),
(53, 56, 0, 1),
(53, 60, 0, 1),
(53, 61, 0, 1),
(53, 66, 0, 1),
(53, 68, 0, 1),
(53, 70, 0, 1),
(53, 73, 0, 1),
(53, 74, 0, 1),
(53, 89, 0, 1),
(53, 90, 0, 1),
(53, 93, 0, 1),
(53, 96, 0, 1),
(53, 97, 0, 1),
(53, 99, 0, 1),
(53, 100, 0, 1),
(53, 104, 0, 1),
(54, 3, 0, 1),
(54, 7, 0, 1),
(54, 8, 0, 1),
(54, 10, 0, 1),
(54, 25, 0, 1),
(54, 27, 0, 1),
(54, 41, 0, 1),
(54, 53, 0, 1),
(54, 56, 0, 1),
(54, 59, 0, 1),
(54, 60, 0, 1),
(54, 61, 0, 1),
(54, 70, 0, 1),
(54, 71, 0, 1),
(54, 78, 0, 1),
(54, 89, 0, 1),
(54, 93, 0, 1),
(54, 97, 0, 1),
(54, 99, 0, 1),
(54, 105, 0, 1),
(55, 1, 0, 1),
(55, 3, 0, 1),
(55, 5, 0, 1),
(55, 7, 0, 1),
(55, 8, 0, 1),
(55, 10, 0, 1),
(55, 11, 0, 1),
(55, 12, 0, 1),
(55, 13, 0, 1),
(55, 14, 0, 1),
(55, 15, 0, 1),
(55, 16, 0, 1),
(55, 17, 0, 1),
(55, 18, 0, 1),
(55, 19, 0, 1),
(55, 20, 0, 1),
(55, 23, 0, 1),
(55, 24, 0, 1),
(55, 25, 0, 1),
(55, 27, 0, 1),
(55, 28, 0, 1),
(55, 30, 0, 1),
(55, 36, 0, 1),
(55, 39, 0, 1),
(55, 45, 0, 1),
(55, 50, 0, 1),
(55, 52, 0, 1),
(55, 53, 0, 1),
(55, 56, 0, 1),
(55, 60, 0, 1),
(55, 66, 0, 1),
(55, 68, 0, 1),
(55, 70, 0, 1),
(55, 73, 0, 1),
(55, 90, 0, 1),
(55, 93, 0, 1),
(55, 96, 0, 1),
(55, 97, 0, 1),
(55, 99, 0, 1),
(55, 100, 0, 1),
(56, 30, 0, 1),
(56, 56, 0, 1),
(56, 59, 0, 1),
(56, 64, 0, 1),
(56, 107, 0, 1),
(57, 1, 0, 1),
(57, 3, 0, 1),
(57, 8, 0, 1),
(57, 10, 0, 1),
(57, 15, 0, 1),
(57, 17, 0, 1),
(57, 19, 0, 1),
(57, 24, 0, 1),
(57, 25, 0, 1),
(57, 30, 0, 1),
(57, 36, 0, 1),
(57, 39, 0, 1),
(57, 52, 0, 1),
(57, 56, 0, 1),
(57, 60, 0, 1),
(57, 61, 0, 1),
(57, 63, 0, 1),
(57, 64, 0, 1),
(57, 66, 0, 1),
(57, 70, 0, 1),
(57, 73, 0, 1),
(57, 74, 0, 1),
(57, 84, 0, 1),
(57, 85, 0, 1),
(57, 89, 0, 1),
(57, 90, 0, 1),
(57, 94, 0, 1),
(57, 97, 0, 1),
(57, 99, 0, 1),
(57, 100, 0, 1),
(57, 102, 0, 1),
(57, 106, 0, 1),
(57, 107, 0, 1),
(58, 1, 0, 1),
(58, 3, 0, 1),
(58, 5, 0, 1),
(58, 7, 0, 1),
(58, 10, 0, 1),
(58, 16, 0, 1),
(58, 18, 0, 1),
(58, 19, 0, 1),
(58, 24, 0, 1),
(58, 27, 0, 1),
(58, 41, 0, 1),
(58, 68, 0, 1),
(58, 70, 0, 1),
(58, 73, 0, 1),
(58, 89, 0, 1),
(58, 93, 0, 1),
(58, 97, 0, 1),
(58, 99, 0, 1),
(58, 100, 0, 1),
(58, 108, 0, 1),
(59, 1, 0, 1),
(59, 3, 0, 1),
(59, 5, 0, 1),
(59, 7, 0, 1),
(59, 8, 0, 1),
(59, 10, 0, 1),
(59, 11, 0, 1),
(59, 12, 0, 1),
(59, 13, 0, 1),
(59, 14, 0, 1),
(59, 15, 0, 1),
(59, 16, 0, 1),
(59, 18, 0, 1),
(59, 19, 0, 1),
(59, 20, 0, 1),
(59, 24, 0, 1),
(59, 25, 0, 1),
(59, 27, 0, 1),
(59, 28, 0, 1),
(59, 30, 0, 1),
(59, 36, 0, 1),
(59, 39, 0, 1),
(59, 45, 0, 1),
(59, 50, 0, 1),
(59, 52, 0, 1),
(59, 56, 0, 1),
(59, 60, 0, 1),
(59, 66, 0, 1),
(59, 68, 0, 1),
(59, 70, 0, 1),
(59, 73, 0, 1),
(59, 90, 0, 1),
(59, 93, 0, 1),
(59, 96, 0, 1),
(59, 99, 0, 1),
(59, 100, 0, 1),
(59, 106, 0, 1),
(60, 5, 0, 1),
(60, 7, 0, 1),
(60, 8, 0, 1),
(60, 10, 0, 1),
(60, 24, 0, 1),
(60, 30, 0, 1),
(60, 52, 0, 1),
(60, 64, 0, 1),
(60, 66, 0, 1),
(60, 68, 0, 1),
(60, 74, 0, 1),
(60, 80, 0, 1),
(60, 89, 0, 1),
(60, 90, 0, 1),
(60, 93, 0, 1),
(60, 94, 0, 1),
(60, 99, 0, 1),
(60, 100, 0, 1),
(60, 107, 0, 1),
(60, 109, 0, 1),
(61, 1, 0, 1),
(61, 3, 0, 1),
(61, 8, 0, 1),
(61, 10, 0, 1),
(61, 11, 0, 1),
(61, 14, 0, 1),
(61, 15, 0, 1),
(61, 19, 0, 1),
(61, 23, 0, 1),
(61, 24, 0, 1),
(61, 25, 0, 1),
(61, 36, 0, 1),
(61, 39, 0, 1),
(61, 41, 0, 1),
(61, 45, 0, 1),
(61, 52, 0, 1),
(61, 55, 0, 1),
(61, 56, 0, 1),
(61, 60, 0, 1),
(61, 63, 0, 1),
(61, 66, 0, 1),
(61, 68, 0, 1),
(61, 70, 0, 1),
(61, 73, 0, 1),
(61, 74, 0, 1),
(61, 89, 0, 1),
(61, 94, 0, 1),
(61, 96, 0, 1),
(61, 97, 0, 1),
(61, 99, 0, 1),
(61, 100, 0, 1),
(61, 106, 0, 1),
(61, 107, 0, 1),
(61, 109, 0, 1),
(61, 110, 0, 1),
(61, 111, 0, 1),
(62, 1, 0, 1),
(62, 5, 0, 1),
(62, 7, 0, 1),
(62, 10, 0, 1),
(62, 16, 0, 1),
(62, 18, 0, 1),
(62, 24, 0, 1),
(62, 25, 0, 1),
(62, 27, 0, 1),
(62, 41, 0, 1),
(62, 59, 0, 1),
(62, 68, 0, 1),
(62, 89, 0, 1),
(62, 93, 0, 1),
(62, 99, 0, 1),
(62, 100, 0, 1),
(62, 106, 0, 1),
(62, 108, 0, 1),
(62, 109, 0, 1),
(62, 112, 0, 1),
(63, 1, 0, 1),
(63, 3, 0, 1),
(63, 5, 0, 1),
(63, 7, 0, 1),
(63, 8, 0, 1),
(63, 10, 0, 1),
(63, 11, 0, 1),
(63, 13, 0, 1),
(63, 14, 0, 1),
(63, 15, 0, 1),
(63, 16, 0, 1),
(63, 18, 0, 1),
(63, 19, 0, 1),
(63, 20, 0, 1),
(63, 23, 0, 1),
(63, 24, 0, 1),
(63, 25, 0, 1),
(63, 27, 0, 1),
(63, 28, 0, 1),
(63, 30, 0, 1),
(63, 36, 0, 1),
(63, 39, 0, 1),
(63, 45, 0, 1),
(63, 50, 0, 1),
(63, 52, 0, 1),
(63, 55, 0, 1),
(63, 56, 0, 1),
(63, 60, 0, 1),
(63, 66, 0, 1),
(63, 68, 0, 1),
(63, 70, 0, 1),
(63, 73, 0, 1),
(63, 90, 0, 1),
(63, 93, 0, 1),
(63, 97, 0, 1),
(63, 99, 0, 1),
(63, 100, 0, 1),
(63, 106, 0, 1),
(63, 109, 0, 1),
(63, 113, 0, 1),
(64, 7, 0, 1),
(64, 8, 0, 1),
(64, 10, 0, 1),
(64, 12, 0, 1),
(64, 24, 0, 1),
(64, 25, 0, 1),
(64, 36, 0, 1),
(64, 41, 0, 1),
(64, 55, 0, 1),
(64, 62, 0, 1),
(64, 64, 0, 1),
(64, 68, 0, 1),
(64, 70, 0, 1),
(64, 80, 0, 1),
(64, 93, 0, 1),
(64, 100, 0, 1),
(64, 109, 0, 1),
(64, 112, 0, 1),
(64, 114, 0, 1),
(64, 115, 0, 1),
(65, 1, 0, 1),
(65, 3, 0, 1),
(65, 7, 0, 1),
(65, 10, 0, 1),
(65, 11, 0, 1),
(65, 14, 0, 1),
(65, 16, 0, 1),
(65, 18, 0, 1),
(65, 19, 0, 1),
(65, 23, 0, 1),
(65, 24, 0, 1),
(65, 25, 0, 1),
(65, 30, 0, 1),
(65, 39, 0, 1),
(65, 45, 0, 1),
(65, 55, 0, 1),
(65, 56, 0, 1),
(65, 60, 0, 1),
(65, 66, 0, 1),
(65, 68, 0, 1),
(65, 70, 0, 1),
(65, 89, 0, 1),
(65, 100, 0, 1),
(65, 101, 0, 1),
(65, 105, 0, 1),
(65, 106, 0, 1),
(65, 108, 0, 1),
(65, 109, 0, 1),
(65, 110, 0, 1),
(66, 1, 0, 1),
(66, 7, 0, 1),
(66, 10, 0, 1),
(66, 16, 0, 1),
(66, 18, 0, 1),
(66, 19, 0, 1),
(66, 24, 0, 1),
(66, 25, 0, 1),
(66, 27, 0, 1),
(66, 62, 0, 1),
(66, 70, 0, 1),
(66, 84, 0, 1),
(66, 89, 0, 1),
(66, 93, 0, 1),
(66, 99, 0, 1),
(66, 100, 0, 1),
(66, 108, 0, 1),
(66, 109, 0, 1),
(66, 112, 0, 1),
(67, 1, 0, 1),
(67, 3, 0, 1),
(67, 5, 0, 1),
(67, 7, 0, 1),
(67, 8, 0, 1),
(67, 10, 0, 1),
(67, 11, 0, 1),
(67, 13, 0, 1),
(67, 14, 0, 1),
(67, 15, 0, 1),
(67, 16, 0, 1),
(67, 18, 0, 1),
(67, 19, 0, 1),
(67, 20, 0, 1),
(67, 23, 0, 1),
(67, 24, 0, 1),
(67, 25, 0, 1),
(67, 27, 0, 1),
(67, 28, 0, 1),
(67, 30, 0, 1),
(67, 36, 0, 1),
(67, 39, 0, 1),
(67, 45, 0, 1),
(67, 50, 0, 1),
(67, 52, 0, 1),
(67, 56, 0, 1),
(67, 60, 0, 1),
(67, 66, 0, 1),
(67, 68, 0, 1),
(67, 70, 0, 1),
(67, 93, 0, 1),
(67, 97, 0, 1),
(67, 99, 0, 1),
(67, 100, 0, 1),
(67, 106, 0, 1),
(67, 109, 0, 1),
(68, 3, 0, 1),
(68, 8, 0, 1),
(68, 13, 0, 1),
(68, 16, 0, 1),
(68, 19, 0, 1),
(68, 23, 0, 1),
(68, 25, 0, 1),
(68, 30, 0, 1),
(68, 45, 0, 1),
(68, 52, 0, 1),
(68, 56, 0, 1),
(68, 60, 0, 1),
(68, 63, 0, 1),
(68, 68, 0, 1),
(68, 80, 0, 1),
(68, 93, 0, 1),
(68, 97, 0, 1),
(68, 100, 0, 1),
(68, 105, 0, 1),
(68, 106, 0, 1),
(68, 109, 0, 1),
(68, 116, 0, 1),
(69, 7, 0, 1),
(69, 10, 0, 1),
(69, 13, 0, 1),
(69, 16, 0, 1),
(69, 24, 0, 1),
(69, 25, 0, 1),
(69, 36, 0, 1),
(69, 44, 0, 1),
(69, 68, 0, 1),
(69, 80, 0, 1),
(69, 90, 0, 1),
(69, 93, 0, 1),
(69, 100, 0, 1),
(69, 108, 0, 1),
(69, 109, 0, 1),
(69, 112, 0, 1),
(69, 116, 0, 1),
(69, 117, 0, 1),
(70, 1, 0, 1),
(70, 10, 0, 1),
(70, 13, 0, 1),
(70, 16, 0, 1),
(70, 18, 0, 1),
(70, 19, 0, 1),
(70, 20, 0, 1),
(70, 23, 0, 1),
(70, 24, 0, 1),
(70, 25, 0, 1),
(70, 30, 0, 1),
(70, 36, 0, 1),
(70, 39, 0, 1),
(70, 45, 0, 1),
(70, 52, 0, 1),
(70, 56, 0, 1),
(70, 60, 0, 1),
(70, 66, 0, 1),
(70, 68, 0, 1),
(70, 70, 0, 1),
(70, 73, 0, 1),
(70, 78, 0, 1),
(70, 90, 0, 1),
(70, 93, 0, 1),
(70, 96, 0, 1),
(70, 97, 0, 1),
(70, 99, 0, 1),
(70, 100, 0, 1),
(70, 101, 0, 1),
(70, 108, 0, 1),
(70, 109, 0, 1),
(70, 116, 0, 1),
(71, 1, 0, 1),
(71, 5, 0, 1),
(71, 7, 0, 1),
(71, 9, 0, 1),
(71, 10, 0, 1),
(71, 16, 0, 1),
(71, 19, 0, 1),
(71, 24, 0, 1),
(71, 25, 0, 1),
(71, 39, 0, 1),
(71, 44, 0, 1),
(71, 52, 0, 1),
(71, 68, 0, 1),
(71, 89, 0, 1),
(71, 99, 0, 1),
(71, 100, 0, 1),
(71, 102, 0, 1),
(71, 109, 0, 1),
(71, 110, 0, 1),
(71, 114, 0, 1),
(72, 1, 0, 1),
(72, 3, 0, 1),
(72, 5, 0, 1),
(72, 7, 0, 1),
(72, 8, 0, 1),
(72, 9, 0, 1),
(72, 10, 0, 1),
(72, 13, 0, 1),
(72, 14, 0, 1),
(72, 16, 0, 1),
(72, 18, 0, 1),
(72, 20, 0, 1),
(72, 23, 0, 1),
(72, 24, 0, 1),
(72, 25, 0, 1),
(72, 27, 0, 1),
(72, 28, 0, 1),
(72, 30, 0, 1),
(72, 36, 0, 1),
(72, 39, 0, 1),
(72, 45, 0, 1),
(72, 50, 0, 1),
(72, 52, 0, 1),
(72, 56, 0, 1),
(72, 60, 0, 1),
(72, 66, 0, 1),
(72, 68, 0, 1),
(72, 73, 0, 1),
(72, 90, 0, 1),
(72, 93, 0, 1),
(72, 99, 0, 1),
(72, 100, 0, 1),
(72, 102, 0, 1),
(72, 106, 0, 1),
(72, 109, 0, 1),
(72, 115, 0, 1),
(72, 118, 0, 1),
(73, 1, 0, 1),
(73, 8, 0, 1),
(73, 10, 0, 1),
(73, 16, 0, 1),
(73, 18, 0, 1),
(73, 20, 0, 1),
(73, 23, 0, 1),
(73, 24, 0, 1),
(73, 25, 0, 1),
(73, 30, 0, 1),
(73, 39, 0, 1),
(73, 50, 0, 1),
(73, 52, 0, 1),
(73, 56, 0, 1),
(73, 60, 0, 1),
(73, 62, 0, 1),
(73, 63, 0, 1),
(73, 66, 0, 1),
(73, 68, 0, 1),
(73, 73, 0, 1),
(73, 85, 0, 1),
(73, 89, 0, 1),
(73, 90, 0, 1),
(73, 92, 0, 1),
(73, 94, 0, 1),
(73, 100, 0, 1),
(73, 101, 0, 1),
(73, 102, 0, 1),
(73, 107, 0, 1),
(73, 109, 0, 1),
(73, 110, 0, 1),
(73, 114, 0, 1),
(73, 115, 0, 1),
(73, 116, 0, 1),
(73, 117, 0, 1),
(73, 118, 0, 1),
(73, 119, 0, 1),
(73, 120, 0, 1),
(74, 8, 0, 1),
(74, 16, 0, 1),
(74, 24, 0, 1),
(74, 25, 0, 1),
(74, 36, 0, 1),
(74, 41, 0, 1),
(74, 44, 0, 1),
(74, 64, 0, 1),
(74, 93, 0, 1),
(74, 100, 0, 1),
(74, 112, 0, 1),
(74, 116, 0, 1),
(74, 121, 0, 1),
(74, 122, 0, 1),
(74, 123, 0, 1),
(75, 10, 0, 1),
(75, 20, 0, 1),
(75, 24, 0, 1),
(75, 27, 0, 1),
(75, 36, 0, 1),
(75, 41, 0, 1),
(75, 64, 0, 1),
(75, 68, 0, 1),
(75, 74, 0, 1),
(75, 100, 0, 1),
(75, 101, 0, 1),
(75, 107, 0, 1),
(75, 108, 0, 1),
(75, 110, 0, 1),
(75, 112, 0, 1),
(75, 116, 0, 1),
(75, 124, 0, 1),
(76, 8, 0, 1),
(76, 10, 0, 1),
(76, 16, 0, 1),
(76, 23, 0, 1),
(76, 24, 0, 1),
(76, 25, 0, 1),
(76, 41, 0, 1),
(76, 44, 0, 1),
(76, 60, 0, 1),
(76, 68, 0, 1),
(76, 90, 0, 1),
(76, 100, 0, 1),
(76, 102, 0, 1),
(76, 107, 0, 1),
(76, 109, 0, 1),
(76, 110, 0, 1),
(76, 115, 0, 1),
(76, 118, 0, 1),
(76, 121, 0, 1),
(76, 124, 0, 1),
(77, 1, 0, 1),
(77, 7, 0, 1),
(77, 8, 0, 1),
(77, 9, 0, 1),
(77, 10, 0, 1),
(77, 11, 0, 1),
(77, 13, 0, 1),
(77, 14, 0, 1),
(77, 16, 0, 1),
(77, 18, 0, 1),
(77, 19, 0, 1),
(77, 20, 0, 1),
(77, 23, 0, 1),
(77, 24, 0, 1),
(77, 25, 0, 1),
(77, 27, 0, 1),
(77, 30, 0, 1),
(77, 36, 0, 1),
(77, 39, 0, 1),
(77, 45, 0, 1),
(77, 52, 0, 1),
(77, 56, 0, 1),
(77, 60, 0, 1),
(77, 66, 0, 1),
(77, 68, 0, 1),
(77, 70, 0, 1),
(77, 73, 0, 1),
(77, 90, 0, 1),
(77, 93, 0, 1),
(77, 96, 0, 1),
(77, 97, 0, 1),
(77, 100, 0, 1),
(77, 102, 0, 1),
(77, 109, 0, 1),
(77, 115, 0, 1),
(77, 118, 0, 1),
(78, 8, 0, 1),
(78, 9, 0, 1),
(78, 10, 0, 1),
(78, 19, 0, 1),
(78, 23, 0, 1),
(78, 24, 0, 1),
(78, 25, 0, 1),
(78, 36, 0, 1),
(78, 41, 0, 1),
(78, 44, 0, 1),
(78, 68, 0, 1),
(78, 70, 0, 1),
(78, 90, 0, 1),
(78, 100, 0, 1),
(78, 107, 0, 1),
(78, 109, 0, 1),
(78, 110, 0, 1),
(78, 116, 0, 1),
(78, 124, 0, 1),
(78, 125, 0, 1),
(79, 1, 0, 1),
(79, 7, 0, 1),
(79, 8, 0, 1),
(79, 9, 0, 1),
(79, 10, 0, 1),
(79, 11, 0, 1),
(79, 16, 0, 1),
(79, 20, 0, 1),
(79, 23, 0, 1),
(79, 24, 0, 1),
(79, 25, 0, 1),
(79, 30, 0, 1),
(79, 39, 0, 1),
(79, 45, 0, 1),
(79, 52, 0, 1),
(79, 56, 0, 1),
(79, 60, 0, 1),
(79, 66, 0, 1),
(79, 68, 0, 1),
(79, 70, 0, 1),
(79, 73, 0, 1),
(79, 90, 0, 1),
(79, 93, 0, 1),
(79, 100, 0, 1),
(79, 108, 0, 1),
(79, 122, 0, 1),
(79, 125, 0, 1),
(79, 126, 0, 1),
(80, 8, 0, 1),
(80, 10, 0, 1),
(80, 24, 0, 1),
(80, 60, 0, 1),
(80, 64, 0, 1),
(80, 66, 0, 1),
(80, 68, 0, 1),
(80, 74, 0, 1),
(80, 100, 0, 1),
(80, 101, 0, 1),
(80, 109, 0, 1),
(80, 117, 0, 1),
(80, 121, 0, 1),
(80, 122, 0, 1),
(80, 124, 0, 1),
(80, 125, 0, 1),
(80, 126, 0, 1),
(80, 127, 0, 1),
(81, 1, 0, 1),
(81, 5, 0, 1),
(81, 7, 0, 1),
(81, 8, 0, 1),
(81, 9, 0, 1),
(81, 10, 0, 1),
(81, 11, 0, 1),
(81, 13, 0, 1),
(81, 14, 0, 1),
(81, 15, 0, 1),
(81, 16, 0, 1),
(81, 19, 0, 1),
(81, 20, 0, 1),
(81, 24, 0, 1),
(81, 25, 0, 1),
(81, 27, 0, 1),
(81, 28, 0, 1),
(81, 30, 0, 1),
(81, 36, 0, 1),
(81, 45, 0, 1),
(81, 50, 0, 1),
(81, 52, 0, 1),
(81, 56, 0, 1),
(81, 60, 0, 1),
(81, 66, 0, 1),
(81, 68, 0, 1),
(81, 70, 0, 1),
(81, 73, 0, 1),
(81, 90, 0, 1),
(81, 93, 0, 1),
(81, 96, 0, 1),
(81, 97, 0, 1),
(81, 99, 0, 1),
(81, 100, 0, 1),
(81, 102, 0, 1),
(81, 109, 0, 1),
(81, 115, 0, 1),
(81, 118, 0, 1),
(81, 126, 0, 1),
(82, 8, 0, 1),
(82, 9, 0, 1),
(82, 10, 0, 1),
(82, 11, 0, 1),
(82, 14, 0, 1),
(82, 15, 0, 1),
(82, 16, 0, 1),
(82, 20, 0, 1),
(82, 24, 0, 1),
(82, 25, 0, 1),
(82, 30, 0, 1),
(82, 50, 0, 1),
(82, 52, 0, 1),
(82, 56, 0, 1),
(82, 59, 0, 1),
(82, 60, 0, 1),
(82, 63, 0, 1),
(82, 64, 0, 1),
(82, 66, 0, 1),
(82, 70, 0, 1),
(82, 85, 0, 1),
(82, 90, 0, 1),
(82, 92, 0, 1),
(82, 99, 0, 1),
(82, 100, 0, 1),
(82, 102, 0, 1),
(82, 107, 0, 1),
(82, 109, 0, 1),
(82, 118, 0, 1),
(82, 119, 0, 1),
(82, 121, 0, 1),
(82, 127, 0, 1),
(83, 10, 0, 1),
(83, 14, 0, 1),
(83, 15, 0, 1),
(83, 19, 0, 1),
(83, 24, 0, 1),
(83, 25, 0, 1),
(83, 41, 0, 1),
(83, 44, 0, 1),
(83, 64, 0, 1),
(83, 66, 0, 1),
(83, 68, 0, 1),
(83, 80, 0, 1),
(83, 87, 0, 1),
(83, 100, 0, 1),
(83, 101, 0, 1),
(83, 108, 0, 1),
(83, 110, 0, 1),
(83, 117, 0, 1),
(83, 124, 0, 1),
(83, 126, 0, 1),
(84, 8, 0, 1),
(84, 10, 0, 1),
(84, 15, 0, 1),
(84, 24, 0, 1),
(84, 25, 0, 1),
(84, 27, 0, 1),
(84, 41, 0, 1),
(84, 66, 0, 1),
(84, 68, 0, 1),
(84, 78, 0, 1),
(84, 88, 0, 1),
(84, 97, 0, 1),
(84, 99, 0, 1),
(84, 101, 0, 1),
(84, 102, 0, 1),
(84, 109, 0, 1),
(84, 127, 0, 1),
(84, 128, 0, 1);

-- --------------------------------------------------------

--
-- Stand-in structure for view `raid_ev`
-- (See below for the actual view)
--
CREATE TABLE `raid_ev` (
`raid` int(11)
,`name` varchar(128)
,`instance` varchar(8)
,`date` datetime
,`size` bigint(21)
,`initial_ev` decimal(32,0)
,`week_ago` int(7)
,`ev` double(17,0)
,`ev_per_player_initial` bigint(21)
,`ev_per_player` bigint(17)
);

-- --------------------------------------------------------

--
-- Table structure for table `raid_player_wish`
--

CREATE TABLE `raid_player_wish` (
  `raid` int(11) NOT NULL,
  `player` int(11) NOT NULL,
  `item` int(11) NOT NULL,
  `ratio` int(11) NOT NULL
) ENGINE=InnoDB DEFAULT CHARSET=utf8mb4;

--
-- Dumping data for table `raid_player_wish`
--

INSERT INTO `raid_player_wish` (`raid`, `player`, `item`, `ratio`) VALUES
(3, 1, 7, 10),
(3, 1, 18, 10),
(3, 1, 21, 10),
(3, 1, 25, 10),
(3, 1, 27, 10),
(3, 3, 2, 10),
(3, 3, 3, 10),
(3, 3, 4, 10),
(3, 4, 5, 10),
(3, 4, 6, 10),
(3, 4, 7, 10),
(3, 4, 8, 10),
(3, 5, 9, 10),
(3, 5, 10, 10),
(3, 5, 11, 10),
(3, 5, 36, 10),
(3, 5, 68, 10),
(3, 6, 13, 10),
(3, 6, 14, 10),
(3, 6, 15, 10),
(3, 6, 16, 10),
(3, 6, 17, 10),
(3, 7, 9, 10),
(3, 7, 10, 10),
(3, 7, 18, 10),
(3, 7, 19, 10),
(3, 7, 20, 10),
(3, 8, 7, 10),
(3, 8, 16, 10),
(3, 8, 21, 10),
(3, 8, 22, 10),
(3, 8, 23, 10),
(3, 9, 7, 10),
(3, 9, 8, 10),
(3, 9, 18, 10),
(3, 9, 21, 10),
(3, 9, 24, 10),
(3, 10, 6, 10),
(3, 10, 7, 10),
(3, 10, 8, 10),
(3, 10, 21, 10),
(3, 10, 26, 10),
(3, 11, 7, 10),
(3, 11, 21, 10),
(3, 11, 27, 10),
(3, 11, 28, 10),
(3, 11, 29, 10),
(3, 12, 2, 10),
(3, 12, 19, 10),
(3, 12, 35, 10),
(3, 12, 48, 10),
(3, 12, 84, 10),
(3, 13, 8, 10),
(3, 13, 18, 10),
(3, 13, 21, 10),
(3, 13, 27, 10),
(3, 13, 37, 10),
(3, 14, 3, 10),
(3, 14, 9, 10),
(3, 14, 30, 10),
(3, 14, 35, 10),
(3, 14, 36, 10),
(3, 15, 16, 10),
(3, 15, 17, 10),
(3, 15, 43, 10),
(3, 15, 44, 10),
(3, 15, 45, 10),
(3, 16, 14, 10),
(3, 16, 43, 10),
(3, 16, 45, 10),
(3, 16, 46, 10),
(3, 16, 47, 10),
(3, 17, 31, 10),
(3, 17, 32, 10),
(3, 17, 36, 10),
(3, 17, 48, 10),
(3, 18, 5, 10),
(3, 18, 6, 10),
(3, 18, 21, 10),
(3, 18, 26, 10),
(3, 18, 29, 10),
(3, 19, 9, 10),
(3, 19, 10, 10),
(3, 19, 19, 10),
(3, 19, 36, 10),
(3, 19, 49, 10),
(3, 20, 9, 10),
(3, 20, 11, 10),
(3, 20, 19, 10),
(3, 20, 30, 10),
(3, 20, 50, 10),
(3, 21, 18, 10),
(3, 21, 48, 10),
(3, 21, 51, 10),
(3, 21, 52, 10),
(3, 21, 53, 10),
(3, 22, 21, 10),
(3, 22, 25, 10),
(3, 22, 83, 10),
(3, 23, 18, 10),
(3, 23, 19, 10),
(3, 23, 36, 10),
(3, 23, 54, 10),
(3, 23, 55, 10),
(3, 24, 2, 10),
(3, 24, 9, 10),
(3, 24, 51, 10),
(3, 24, 52, 10),
(3, 24, 56, 10),
(3, 25, 3, 10),
(3, 25, 18, 10),
(3, 25, 30, 10),
(3, 25, 50, 10),
(3, 25, 57, 10),
(3, 26, 11, 10),
(3, 26, 32, 10),
(3, 26, 35, 10),
(3, 26, 36, 10),
(3, 26, 58, 10),
(3, 27, 18, 10),
(3, 27, 34, 10),
(3, 27, 37, 10),
(3, 27, 53, 10),
(3, 27, 59, 10),
(3, 28, 9, 10),
(3, 28, 10, 10),
(3, 28, 20, 10),
(3, 28, 30, 10),
(3, 29, 5, 10),
(3, 29, 14, 10),
(3, 29, 45, 10),
(3, 29, 46, 10),
(3, 29, 60, 10),
(3, 30, 2, 10),
(3, 30, 9, 10),
(3, 30, 19, 10),
(3, 30, 61, 10),
(3, 30, 93, 10),
(3, 31, 40, 10),
(3, 31, 55, 10),
(3, 31, 62, 10),
(3, 31, 63, 10),
(3, 31, 64, 10),
(3, 32, 5, 10),
(3, 32, 7, 10),
(3, 32, 8, 10),
(3, 32, 21, 10),
(3, 33, 13, 10),
(3, 33, 27, 10),
(3, 33, 65, 10),
(3, 35, 31, 10),
(3, 35, 32, 10),
(3, 35, 36, 10),
(3, 35, 50, 10),
(3, 35, 67, 10),
(3, 36, 9, 10),
(3, 36, 36, 10),
(3, 36, 62, 10),
(3, 36, 68, 10),
(3, 36, 69, 10),
(3, 37, 13, 10),
(3, 37, 14, 10),
(3, 37, 45, 10),
(3, 38, 13, 10),
(3, 38, 14, 10),
(3, 38, 47, 10),
(3, 38, 65, 10),
(3, 38, 70, 10),
(3, 39, 40, 10),
(3, 39, 63, 10),
(3, 39, 64, 10),
(3, 39, 68, 10),
(3, 40, 5, 10),
(3, 40, 6, 10),
(3, 40, 8, 10),
(3, 40, 24, 10),
(3, 40, 26, 10),
(3, 45, 8, 10),
(3, 45, 21, 10),
(3, 45, 23, 10),
(3, 45, 24, 10),
(3, 45, 39, 10),
(4, 1, 7, 10),
(4, 1, 18, 10),
(4, 1, 21, 10),
(4, 1, 25, 10),
(4, 1, 27, 10),
(4, 3, 2, 10),
(4, 3, 3, 10),
(4, 3, 4, 10),
(4, 4, 5, 10),
(4, 4, 6, 10),
(4, 4, 7, 10),
(4, 4, 8, 10),
(4, 5, 9, 10),
(4, 5, 10, 10),
(4, 5, 11, 10),
(4, 5, 36, 10),
(4, 5, 68, 10),
(4, 6, 13, 10),
(4, 6, 14, 10),
(4, 6, 15, 10),
(4, 6, 16, 10),
(4, 6, 17, 10),
(4, 7, 9, 10),
(4, 7, 10, 10),
(4, 7, 18, 10),
(4, 7, 19, 10),
(4, 7, 20, 10),
(4, 8, 7, 10),
(4, 8, 16, 10),
(4, 8, 21, 10),
(4, 8, 22, 10),
(4, 8, 23, 10),
(4, 9, 7, 10),
(4, 9, 8, 10),
(4, 9, 18, 10),
(4, 9, 21, 10),
(4, 9, 24, 10),
(4, 10, 6, 10),
(4, 10, 7, 10),
(4, 10, 8, 10),
(4, 10, 21, 10),
(4, 10, 26, 10),
(4, 11, 7, 10),
(4, 11, 21, 10),
(4, 11, 27, 10),
(4, 11, 28, 10),
(4, 11, 29, 10),
(4, 12, 2, 10),
(4, 12, 19, 10),
(4, 12, 35, 10),
(4, 12, 48, 10),
(4, 12, 84, 10),
(4, 13, 8, 10),
(4, 13, 18, 10),
(4, 13, 21, 10),
(4, 13, 27, 10),
(4, 13, 37, 10),
(4, 14, 3, 10),
(4, 14, 9, 10),
(4, 14, 30, 10),
(4, 14, 35, 10),
(4, 14, 36, 10),
(4, 15, 16, 10),
(4, 15, 17, 10),
(4, 15, 43, 10),
(4, 15, 44, 10),
(4, 15, 45, 10),
(4, 16, 14, 10),
(4, 16, 43, 10),
(4, 16, 45, 10),
(4, 16, 46, 10),
(4, 16, 47, 10),
(4, 17, 31, 10),
(4, 17, 32, 10),
(4, 17, 36, 10),
(4, 17, 48, 10),
(4, 18, 5, 10),
(4, 18, 6, 10),
(4, 18, 21, 10),
(4, 18, 26, 10),
(4, 18, 29, 10),
(4, 19, 9, 10),
(4, 19, 10, 10),
(4, 19, 19, 10),
(4, 19, 36, 10),
(4, 19, 49, 10),
(4, 20, 9, 10),
(4, 20, 11, 10),
(4, 20, 19, 10),
(4, 20, 30, 10),
(4, 20, 50, 10),
(4, 21, 18, 10),
(4, 21, 48, 10),
(4, 21, 51, 10),
(4, 21, 52, 10),
(4, 21, 53, 10),
(4, 22, 21, 10),
(4, 22, 25, 10),
(4, 22, 83, 10),
(4, 23, 18, 10),
(4, 23, 19, 10),
(4, 23, 36, 10),
(4, 23, 54, 10),
(4, 23, 55, 10),
(4, 24, 2, 10),
(4, 24, 9, 10),
(4, 24, 51, 10),
(4, 24, 52, 10),
(4, 24, 56, 10),
(4, 25, 3, 10),
(4, 25, 18, 10),
(4, 25, 30, 10),
(4, 25, 50, 10),
(4, 25, 57, 10),
(4, 26, 11, 10),
(4, 26, 32, 10),
(4, 26, 35, 10),
(4, 26, 36, 10),
(4, 26, 58, 10),
(4, 27, 18, 10),
(4, 27, 34, 10),
(4, 27, 37, 10),
(4, 27, 53, 10),
(4, 27, 59, 10),
(4, 28, 9, 10),
(4, 28, 10, 10),
(4, 28, 20, 10),
(4, 28, 30, 10),
(4, 29, 5, 10),
(4, 29, 14, 10),
(4, 29, 45, 10),
(4, 29, 46, 10),
(4, 29, 60, 10),
(4, 30, 2, 10),
(4, 30, 9, 10),
(4, 30, 19, 10),
(4, 30, 61, 10),
(4, 30, 93, 10),
(4, 32, 5, 10),
(4, 32, 7, 10),
(4, 32, 8, 10),
(4, 32, 21, 10),
(4, 33, 13, 10),
(4, 33, 27, 10),
(4, 33, 65, 10),
(4, 35, 31, 10),
(4, 35, 32, 10),
(4, 35, 36, 10),
(4, 35, 50, 10),
(4, 35, 67, 10),
(4, 36, 9, 10),
(4, 36, 36, 10),
(4, 36, 62, 10),
(4, 36, 68, 10),
(4, 36, 69, 10),
(4, 38, 13, 10),
(4, 38, 14, 10),
(4, 38, 47, 10),
(4, 38, 65, 10),
(4, 38, 70, 10),
(4, 39, 40, 10),
(4, 39, 63, 10),
(4, 39, 64, 10),
(4, 39, 68, 10),
(4, 40, 5, 10),
(4, 40, 6, 10),
(4, 40, 8, 10),
(4, 40, 24, 10),
(4, 40, 26, 10),
(4, 51, 9, 10),
(4, 51, 34, 10),
(4, 52, 14, 10),
(4, 52, 43, 10),
(4, 52, 45, 10),
(4, 52, 46, 10),
(4, 52, 47, 10),
(5, 1, 7, 10),
(5, 1, 18, 10),
(5, 1, 21, 10),
(5, 1, 25, 10),
(5, 1, 27, 10),
(5, 3, 2, 10),
(5, 3, 3, 10),
(5, 3, 4, 10),
(5, 4, 5, 10),
(5, 4, 6, 10),
(5, 4, 7, 10),
(5, 4, 8, 10),
(5, 5, 9, 10),
(5, 5, 10, 10),
(5, 5, 11, 10),
(5, 5, 36, 10),
(5, 5, 68, 10),
(5, 6, 13, 10),
(5, 6, 14, 10),
(5, 6, 15, 10),
(5, 6, 16, 10),
(5, 6, 17, 10),
(5, 7, 9, 10),
(5, 7, 10, 10),
(5, 7, 18, 10),
(5, 7, 19, 10),
(5, 7, 20, 10),
(5, 8, 7, 10),
(5, 8, 16, 10),
(5, 8, 21, 10),
(5, 8, 22, 10),
(5, 8, 23, 10),
(5, 9, 7, 10),
(5, 9, 8, 10),
(5, 9, 18, 10),
(5, 9, 21, 10),
(5, 9, 24, 10),
(5, 10, 6, 10),
(5, 10, 7, 10),
(5, 10, 8, 10),
(5, 10, 21, 10),
(5, 10, 26, 10),
(5, 11, 7, 10),
(5, 11, 21, 10),
(5, 11, 27, 10),
(5, 11, 28, 10),
(5, 11, 29, 10),
(5, 12, 2, 10),
(5, 12, 19, 10),
(5, 12, 35, 10),
(5, 12, 48, 10),
(5, 12, 84, 10),
(5, 13, 8, 10),
(5, 13, 18, 10),
(5, 13, 21, 10),
(5, 13, 27, 10),
(5, 13, 37, 10),
(5, 14, 3, 10),
(5, 14, 9, 10),
(5, 14, 30, 10),
(5, 14, 35, 10),
(5, 14, 36, 10),
(5, 16, 14, 10),
(5, 16, 43, 10),
(5, 16, 45, 10),
(5, 16, 46, 10),
(5, 16, 47, 10),
(5, 17, 31, 10),
(5, 17, 32, 10),
(5, 17, 36, 10),
(5, 17, 48, 10),
(5, 18, 5, 10),
(5, 18, 6, 10),
(5, 18, 21, 10),
(5, 18, 26, 10),
(5, 18, 29, 10),
(5, 19, 9, 10),
(5, 19, 10, 10),
(5, 19, 19, 10),
(5, 19, 36, 10),
(5, 19, 49, 10),
(5, 20, 9, 10),
(5, 20, 11, 10),
(5, 20, 19, 10),
(5, 20, 30, 10),
(5, 20, 50, 10),
(5, 21, 18, 10),
(5, 21, 48, 10),
(5, 21, 51, 10),
(5, 21, 52, 10),
(5, 21, 53, 10),
(5, 22, 21, 10),
(5, 22, 25, 10),
(5, 22, 83, 10),
(5, 23, 18, 10),
(5, 23, 19, 10),
(5, 23, 36, 10),
(5, 23, 54, 10),
(5, 23, 55, 10),
(5, 24, 2, 10),
(5, 24, 9, 10),
(5, 24, 51, 10),
(5, 24, 52, 10),
(5, 24, 56, 10),
(5, 25, 3, 10),
(5, 25, 18, 10),
(5, 25, 30, 10),
(5, 25, 50, 10),
(5, 25, 57, 10),
(5, 26, 11, 10),
(5, 26, 32, 10),
(5, 26, 35, 10),
(5, 26, 36, 10),
(5, 26, 58, 10),
(5, 27, 18, 10),
(5, 27, 34, 10),
(5, 27, 37, 10),
(5, 27, 53, 10),
(5, 27, 59, 10),
(5, 28, 9, 10),
(5, 28, 10, 10),
(5, 28, 20, 10),
(5, 28, 30, 10),
(5, 29, 5, 10),
(5, 29, 14, 10),
(5, 29, 45, 10),
(5, 29, 46, 10),
(5, 29, 60, 10),
(5, 30, 2, 10),
(5, 30, 9, 10),
(5, 30, 19, 10),
(5, 30, 61, 10),
(5, 30, 93, 10),
(5, 33, 13, 10),
(5, 33, 27, 10),
(5, 33, 65, 10),
(5, 35, 31, 10),
(5, 35, 32, 10),
(5, 35, 36, 10),
(5, 35, 50, 10),
(5, 35, 67, 10),
(5, 36, 9, 10),
(5, 36, 36, 10),
(5, 36, 62, 10),
(5, 36, 68, 10),
(5, 36, 69, 10),
(5, 37, 13, 10),
(5, 37, 14, 10),
(5, 37, 45, 10),
(5, 38, 13, 10),
(5, 38, 14, 10),
(5, 38, 47, 10),
(5, 38, 65, 10),
(5, 38, 70, 10),
(5, 39, 40, 10),
(5, 39, 63, 10),
(5, 39, 64, 10),
(5, 39, 68, 10),
(5, 40, 5, 10),
(5, 40, 6, 10),
(5, 40, 8, 10),
(5, 40, 24, 10),
(5, 40, 26, 10),
(5, 45, 8, 10),
(5, 45, 21, 10),
(5, 45, 23, 10),
(5, 45, 24, 10),
(5, 45, 39, 10),
(5, 52, 14, 10),
(5, 52, 43, 10),
(5, 52, 45, 10),
(5, 52, 46, 10),
(5, 52, 47, 10),
(5, 53, 14, 10),
(5, 53, 16, 10),
(5, 53, 43, 10),
(5, 53, 45, 10),
(5, 53, 46, 10),
(5, 55, 13, 10),
(5, 55, 46, 10),
(5, 55, 47, 10),
(5, 55, 81, 10),
(5, 55, 88, 10),
(6, 1, 7, 10),
(6, 1, 18, 10),
(6, 1, 21, 10),
(6, 1, 25, 10),
(6, 1, 27, 10),
(6, 3, 2, 10),
(6, 3, 3, 10),
(6, 3, 4, 10),
(6, 4, 5, 10),
(6, 4, 6, 10),
(6, 4, 7, 10),
(6, 4, 8, 10),
(6, 5, 9, 10),
(6, 5, 10, 10),
(6, 5, 11, 10),
(6, 5, 36, 10),
(6, 5, 68, 10),
(6, 6, 13, 10),
(6, 6, 14, 10),
(6, 6, 15, 10),
(6, 6, 16, 10),
(6, 6, 17, 10),
(6, 7, 9, 10),
(6, 7, 10, 10),
(6, 7, 18, 10),
(6, 7, 19, 10),
(6, 7, 20, 10),
(6, 8, 7, 10),
(6, 8, 16, 10),
(6, 8, 21, 10),
(6, 8, 22, 10),
(6, 8, 23, 10),
(6, 9, 7, 10),
(6, 9, 8, 10),
(6, 9, 18, 10),
(6, 9, 21, 10),
(6, 9, 24, 10),
(6, 10, 6, 10),
(6, 10, 7, 10),
(6, 10, 8, 10),
(6, 10, 21, 10),
(6, 10, 26, 10),
(6, 11, 7, 10),
(6, 11, 21, 10),
(6, 11, 27, 10),
(6, 11, 28, 10),
(6, 11, 29, 10),
(6, 12, 2, 10),
(6, 12, 19, 10),
(6, 12, 35, 10),
(6, 12, 48, 10),
(6, 12, 84, 10),
(6, 13, 8, 10),
(6, 13, 18, 10),
(6, 13, 21, 10),
(6, 13, 27, 10),
(6, 13, 37, 10),
(6, 14, 3, 10),
(6, 14, 9, 10),
(6, 14, 30, 10),
(6, 14, 35, 10),
(6, 14, 36, 10),
(6, 15, 16, 10),
(6, 15, 17, 10),
(6, 15, 43, 10),
(6, 15, 44, 10),
(6, 15, 45, 10),
(6, 16, 14, 10),
(6, 16, 43, 10),
(6, 16, 45, 10),
(6, 16, 46, 10),
(6, 16, 47, 10),
(6, 17, 31, 10),
(6, 17, 32, 10),
(6, 17, 36, 10),
(6, 17, 48, 10),
(6, 18, 5, 10),
(6, 18, 6, 10),
(6, 18, 21, 10),
(6, 18, 26, 10),
(6, 18, 29, 10),
(6, 19, 9, 10),
(6, 19, 10, 10),
(6, 19, 19, 10),
(6, 19, 36, 10),
(6, 19, 49, 10),
(6, 20, 9, 10),
(6, 20, 11, 10),
(6, 20, 19, 10),
(6, 20, 30, 10),
(6, 20, 50, 10),
(6, 22, 21, 10),
(6, 22, 25, 10),
(6, 22, 83, 10),
(6, 23, 18, 10),
(6, 23, 19, 10),
(6, 23, 36, 10),
(6, 23, 54, 10),
(6, 23, 55, 10),
(6, 24, 2, 10),
(6, 24, 9, 10),
(6, 24, 51, 10),
(6, 24, 52, 10),
(6, 24, 56, 10),
(6, 25, 3, 10),
(6, 25, 18, 10),
(6, 25, 30, 10),
(6, 25, 50, 10),
(6, 25, 57, 10),
(6, 26, 11, 10),
(6, 26, 32, 10),
(6, 26, 35, 10),
(6, 26, 36, 10),
(6, 26, 58, 10),
(6, 27, 18, 10),
(6, 27, 34, 10),
(6, 27, 37, 10),
(6, 27, 53, 10),
(6, 27, 59, 10),
(6, 28, 9, 10),
(6, 28, 10, 10),
(6, 28, 20, 10),
(6, 28, 30, 10),
(6, 30, 2, 10),
(6, 30, 9, 10),
(6, 30, 19, 10),
(6, 30, 61, 10),
(6, 30, 93, 10),
(6, 35, 31, 10),
(6, 35, 32, 10),
(6, 35, 36, 10),
(6, 35, 50, 10),
(6, 35, 67, 10),
(6, 36, 9, 10),
(6, 36, 36, 10),
(6, 36, 62, 10),
(6, 36, 68, 10),
(6, 36, 69, 10),
(6, 37, 13, 10),
(6, 37, 14, 10),
(6, 37, 45, 10),
(6, 38, 13, 10),
(6, 38, 14, 10),
(6, 38, 47, 10),
(6, 38, 65, 10),
(6, 38, 70, 10),
(6, 39, 40, 10),
(6, 39, 63, 10),
(6, 39, 64, 10),
(6, 39, 68, 10),
(6, 40, 5, 10),
(6, 40, 6, 10),
(6, 40, 8, 10),
(6, 40, 24, 10),
(6, 40, 26, 10),
(6, 52, 14, 10),
(6, 52, 43, 10),
(6, 52, 45, 10),
(6, 52, 46, 10),
(6, 52, 47, 10),
(6, 53, 14, 10),
(6, 53, 16, 10),
(6, 53, 43, 10),
(6, 53, 45, 10),
(6, 53, 46, 10),
(6, 55, 13, 10),
(6, 55, 46, 10),
(6, 55, 47, 10),
(6, 55, 81, 10),
(6, 55, 88, 10),
(6, 56, 8, 10),
(6, 56, 23, 10),
(6, 56, 24, 10),
(7, 1, 18, 10),
(7, 1, 21, 10),
(7, 1, 25, 10),
(7, 1, 27, 10),
(7, 3, 2, 10),
(7, 3, 3, 10),
(7, 3, 4, 10),
(7, 5, 9, 10),
(7, 5, 10, 10),
(7, 5, 11, 10),
(7, 5, 36, 10),
(7, 6, 14, 10),
(7, 6, 15, 10),
(7, 6, 16, 10),
(7, 6, 46, 10),
(7, 6, 47, 10),
(7, 7, 9, 10),
(7, 7, 10, 10),
(7, 7, 18, 10),
(7, 7, 19, 10),
(7, 7, 20, 10),
(7, 8, 7, 10),
(7, 8, 16, 10),
(7, 8, 21, 10),
(7, 8, 22, 10),
(7, 8, 23, 10),
(7, 9, 7, 10),
(7, 9, 8, 10),
(7, 9, 18, 10),
(7, 9, 21, 10),
(7, 9, 24, 10),
(7, 10, 6, 10),
(7, 10, 7, 10),
(7, 10, 8, 10),
(7, 10, 21, 10),
(7, 10, 26, 10),
(7, 11, 7, 10),
(7, 11, 21, 10),
(7, 11, 27, 10),
(7, 11, 28, 10),
(7, 11, 29, 10),
(7, 12, 19, 10),
(7, 12, 35, 10),
(7, 12, 48, 10),
(7, 12, 84, 10),
(7, 13, 8, 10),
(7, 13, 21, 10),
(7, 13, 27, 10),
(7, 13, 37, 10),
(7, 14, 3, 10),
(7, 14, 9, 10),
(7, 14, 30, 10),
(7, 14, 35, 10),
(7, 14, 36, 10),
(7, 15, 16, 10),
(7, 15, 17, 10),
(7, 15, 43, 10),
(7, 15, 44, 10),
(7, 15, 45, 10),
(7, 16, 43, 10),
(7, 16, 45, 10),
(7, 16, 46, 10),
(7, 16, 47, 10),
(7, 17, 31, 10),
(7, 17, 32, 10),
(7, 17, 36, 10),
(7, 18, 5, 10),
(7, 18, 6, 10),
(7, 18, 21, 10),
(7, 18, 26, 10),
(7, 18, 29, 10),
(7, 19, 9, 10),
(7, 19, 10, 10),
(7, 19, 19, 10),
(7, 19, 36, 10),
(7, 20, 9, 10),
(7, 20, 11, 10),
(7, 20, 19, 10),
(7, 20, 30, 10),
(7, 20, 50, 10),
(7, 21, 18, 10),
(7, 21, 51, 10),
(7, 21, 52, 10),
(7, 21, 53, 10),
(7, 22, 21, 10),
(7, 22, 25, 10),
(7, 22, 83, 10),
(7, 23, 18, 10),
(7, 23, 19, 10),
(7, 23, 36, 10),
(7, 23, 54, 10),
(7, 23, 55, 10),
(7, 24, 2, 10),
(7, 24, 9, 10),
(7, 24, 51, 10),
(7, 24, 52, 10),
(7, 24, 56, 10),
(7, 25, 3, 10),
(7, 25, 18, 10),
(7, 25, 30, 10),
(7, 25, 50, 10),
(7, 25, 57, 10),
(7, 26, 11, 10),
(7, 26, 32, 10),
(7, 26, 35, 10),
(7, 26, 36, 10),
(7, 26, 58, 10),
(7, 27, 18, 10),
(7, 27, 34, 10),
(7, 27, 37, 10),
(7, 27, 53, 10),
(7, 27, 59, 10),
(7, 28, 9, 10),
(7, 28, 10, 10),
(7, 28, 20, 10),
(7, 28, 30, 10),
(7, 29, 5, 10),
(7, 29, 14, 10),
(7, 29, 45, 10),
(7, 29, 46, 10),
(7, 30, 2, 10),
(7, 30, 9, 10),
(7, 30, 19, 10),
(7, 30, 61, 10),
(7, 30, 93, 10),
(7, 35, 32, 10),
(7, 35, 36, 10),
(7, 35, 50, 10),
(7, 35, 67, 10),
(7, 36, 9, 10),
(7, 36, 36, 10),
(7, 36, 62, 10),
(7, 36, 68, 10),
(7, 37, 14, 10),
(7, 37, 16, 10),
(7, 37, 45, 10),
(7, 37, 106, 10),
(7, 38, 13, 10),
(7, 38, 47, 10),
(7, 38, 65, 10),
(7, 38, 70, 10),
(7, 39, 63, 10),
(7, 39, 64, 10),
(7, 39, 68, 10),
(7, 40, 5, 10),
(7, 40, 6, 10),
(7, 40, 8, 10),
(7, 40, 24, 10),
(7, 40, 26, 10),
(7, 45, 8, 10),
(7, 45, 21, 10),
(7, 45, 23, 10),
(7, 45, 24, 10),
(7, 45, 39, 10),
(7, 52, 14, 10),
(7, 52, 43, 10),
(7, 52, 45, 10),
(7, 52, 46, 10),
(7, 52, 47, 10),
(7, 53, 14, 10),
(7, 53, 16, 10),
(7, 53, 43, 10),
(7, 53, 45, 10),
(7, 53, 46, 10),
(7, 55, 13, 10),
(7, 55, 46, 10),
(7, 55, 47, 10),
(7, 55, 81, 10),
(7, 55, 88, 10),
(7, 56, 8, 10),
(7, 56, 23, 10),
(7, 56, 24, 10),
(8, 1, 18, 10),
(8, 1, 21, 10),
(8, 1, 25, 10),
(8, 1, 27, 10),
(8, 1, 108, 0),
(8, 3, 2, 10),
(8, 3, 3, 10),
(8, 3, 4, 10),
(8, 3, 10, 10),
(8, 3, 124, 0),
(8, 4, 5, 10),
(8, 4, 6, 10),
(8, 4, 7, 10),
(8, 4, 8, 10),
(8, 4, 108, 0),
(8, 5, 9, 10),
(8, 5, 10, 10),
(8, 5, 36, 10),
(8, 5, 118, 0),
(8, 5, 119, 0),
(8, 6, 14, 10),
(8, 6, 15, 10),
(8, 6, 16, 10),
(8, 6, 46, 10),
(8, 6, 47, 10),
(8, 7, 9, 10),
(8, 7, 10, 10),
(8, 7, 18, 10),
(8, 7, 19, 10),
(8, 7, 69, 10),
(8, 8, 7, 10),
(8, 8, 21, 10),
(8, 8, 23, 10),
(8, 9, 7, 10),
(8, 9, 8, 10),
(8, 9, 21, 10),
(8, 9, 24, 10),
(8, 9, 108, 0),
(8, 10, 6, 10),
(8, 10, 21, 10),
(8, 10, 26, 10),
(8, 10, 108, 0),
(8, 10, 122, 0),
(8, 11, 7, 10),
(8, 11, 21, 10),
(8, 11, 27, 10),
(8, 11, 29, 10),
(8, 11, 108, 0),
(8, 12, 9, 10),
(8, 12, 20, 10),
(8, 12, 30, 10),
(8, 12, 35, 10),
(8, 12, 84, 10),
(8, 13, 7, 10),
(8, 13, 8, 10),
(8, 13, 21, 10),
(8, 13, 27, 10),
(8, 13, 108, 0),
(8, 14, 3, 10),
(8, 14, 9, 10),
(8, 14, 30, 10),
(8, 14, 35, 10),
(8, 14, 36, 10),
(8, 15, 16, 10),
(8, 15, 17, 10),
(8, 15, 44, 10),
(8, 15, 45, 10),
(8, 16, 43, 10),
(8, 16, 45, 10),
(8, 16, 46, 10),
(8, 16, 47, 10),
(8, 17, 31, 10),
(8, 17, 32, 10),
(8, 17, 36, 10),
(8, 18, 5, 10),
(8, 18, 6, 10),
(8, 18, 16, 10),
(8, 18, 26, 10),
(8, 18, 110, 10),
(8, 19, 9, 10),
(8, 19, 10, 10),
(8, 19, 19, 10),
(8, 19, 36, 10),
(8, 19, 121, 0),
(8, 20, 9, 10),
(8, 20, 11, 10),
(8, 20, 19, 10),
(8, 20, 30, 10),
(8, 20, 50, 10),
(8, 21, 18, 10),
(8, 21, 25, 10),
(8, 21, 51, 10),
(8, 21, 52, 10),
(8, 21, 53, 10),
(8, 22, 21, 10),
(8, 22, 25, 10),
(8, 22, 108, 0),
(8, 22, 120, 0),
(8, 23, 18, 10),
(8, 23, 19, 10),
(8, 23, 36, 10),
(8, 23, 55, 10),
(8, 23, 103, 10),
(8, 24, 9, 10),
(8, 24, 20, 10),
(8, 24, 51, 10),
(8, 24, 52, 10),
(8, 24, 56, 10),
(8, 25, 3, 10),
(8, 25, 18, 10),
(8, 25, 30, 10),
(8, 25, 50, 10),
(8, 25, 57, 10),
(8, 26, 11, 10),
(8, 26, 32, 10),
(8, 26, 35, 10),
(8, 26, 36, 10),
(8, 26, 58, 10),
(8, 27, 18, 10),
(8, 27, 34, 10),
(8, 27, 37, 10),
(8, 27, 53, 10),
(8, 28, 9, 10),
(8, 28, 10, 10),
(8, 28, 18, 10),
(8, 28, 20, 10),
(8, 28, 30, 10),
(8, 29, 5, 10),
(8, 29, 45, 10),
(8, 29, 46, 10),
(8, 30, 2, 10),
(8, 30, 19, 10),
(8, 30, 93, 10),
(8, 35, 19, 10),
(8, 35, 34, 10),
(8, 35, 36, 10),
(8, 35, 50, 10),
(8, 35, 126, 10),
(8, 36, 9, 10),
(8, 36, 36, 10),
(8, 36, 68, 10),
(8, 37, 14, 10),
(8, 37, 16, 10),
(8, 37, 45, 10),
(8, 37, 63, 10),
(8, 37, 106, 10),
(8, 38, 15, 10),
(8, 38, 43, 10),
(8, 38, 85, 10),
(8, 38, 106, 10),
(8, 38, 107, 10),
(8, 39, 63, 10),
(8, 39, 64, 10),
(8, 39, 68, 10),
(8, 40, 5, 10),
(8, 40, 6, 10),
(8, 40, 8, 10),
(8, 40, 24, 10),
(8, 40, 26, 10),
(8, 44, 3, 10),
(8, 44, 35, 10),
(8, 44, 48, 10),
(8, 44, 84, 10),
(8, 44, 123, 10),
(8, 45, 8, 10),
(8, 45, 21, 10),
(8, 45, 23, 10),
(8, 45, 24, 10),
(8, 45, 39, 10),
(8, 52, 14, 10),
(8, 52, 43, 10),
(8, 52, 45, 10),
(8, 52, 46, 10),
(8, 52, 47, 10),
(8, 53, 14, 10),
(8, 53, 16, 10),
(8, 53, 43, 10),
(8, 53, 45, 10),
(8, 53, 46, 10),
(8, 55, 13, 10),
(8, 55, 46, 10),
(8, 55, 47, 10),
(8, 55, 81, 10),
(8, 55, 88, 10),
(8, 56, 21, 10),
(8, 56, 24, 10),
(8, 56, 51, 10),
(8, 56, 108, 0),
(8, 60, 37, 10),
(8, 60, 68, 10),
(8, 60, 125, 10),
(9, 1, 18, 10),
(9, 1, 21, 10),
(9, 1, 25, 10),
(9, 1, 27, 10),
(9, 1, 108, 10),
(9, 4, 5, 10),
(9, 4, 6, 10),
(9, 4, 7, 10),
(9, 4, 8, 10),
(9, 4, 108, 10),
(9, 5, 9, 10),
(9, 5, 10, 10),
(9, 5, 36, 10),
(9, 5, 118, 10),
(9, 5, 119, 10),
(9, 6, 14, 10),
(9, 6, 15, 10),
(9, 6, 16, 10),
(9, 6, 46, 10),
(9, 6, 47, 10),
(9, 7, 9, 10),
(9, 7, 10, 10),
(9, 7, 18, 10),
(9, 7, 19, 10),
(9, 7, 69, 10),
(9, 10, 6, 10),
(9, 10, 21, 10),
(9, 10, 26, 10),
(9, 10, 108, 10),
(9, 10, 122, 10),
(9, 12, 9, 10),
(9, 12, 20, 10),
(9, 12, 30, 10),
(9, 12, 35, 10),
(9, 12, 84, 10),
(9, 13, 7, 10),
(9, 13, 8, 10),
(9, 13, 21, 10),
(9, 13, 27, 10),
(9, 13, 108, 10),
(9, 16, 43, 10),
(9, 16, 45, 10),
(9, 16, 46, 10),
(9, 16, 47, 10),
(9, 19, 9, 10),
(9, 19, 10, 10),
(9, 19, 19, 10),
(9, 19, 36, 10),
(9, 19, 121, 10),
(9, 24, 9, 10),
(9, 24, 20, 10),
(9, 24, 51, 10),
(9, 24, 52, 10),
(9, 24, 56, 10),
(9, 26, 11, 10),
(9, 26, 32, 10),
(9, 26, 35, 10),
(9, 26, 36, 10),
(9, 26, 58, 10),
(9, 30, 2, 10),
(9, 30, 19, 10),
(9, 30, 93, 10),
(9, 38, 15, 10),
(9, 38, 43, 10),
(9, 38, 85, 10),
(9, 38, 106, 10),
(9, 38, 107, 10),
(9, 44, 3, 10),
(9, 44, 35, 10),
(9, 44, 48, 10),
(9, 44, 84, 10),
(9, 44, 123, 10),
(9, 52, 14, 10),
(9, 52, 43, 10),
(9, 52, 45, 10),
(9, 52, 46, 10),
(9, 52, 47, 10),
(9, 53, 14, 10),
(9, 53, 16, 10),
(9, 53, 43, 10),
(9, 53, 45, 10),
(9, 53, 46, 10),
(9, 56, 21, 10),
(9, 56, 24, 10),
(9, 56, 51, 10),
(9, 56, 108, 10),
(9, 60, 37, 10),
(9, 60, 68, 10),
(9, 60, 125, 10),
(10, 4, 5, 10),
(10, 4, 6, 10),
(10, 4, 8, 10),
(10, 4, 108, 10),
(10, 5, 9, 10),
(10, 5, 10, 10),
(10, 5, 36, 10),
(10, 5, 118, 10),
(10, 5, 119, 10),
(10, 6, 14, 10),
(10, 6, 15, 10),
(10, 6, 16, 10),
(10, 6, 46, 10),
(10, 6, 47, 10),
(10, 7, 9, 10),
(10, 7, 10, 10),
(10, 7, 18, 10),
(10, 7, 19, 10),
(10, 7, 69, 10),
(10, 8, 7, 10),
(10, 8, 21, 10),
(10, 8, 23, 10),
(10, 9, 7, 10),
(10, 9, 8, 10),
(10, 9, 21, 10),
(10, 9, 24, 10),
(10, 9, 108, 10),
(10, 11, 7, 10),
(10, 11, 21, 10),
(10, 11, 27, 10),
(10, 11, 29, 10),
(10, 11, 108, 10),
(10, 12, 9, 10),
(10, 12, 20, 10),
(10, 12, 30, 10),
(10, 12, 35, 10),
(10, 12, 84, 10),
(10, 14, 3, 10),
(10, 14, 20, 10),
(10, 14, 30, 10),
(10, 14, 35, 10),
(10, 14, 67, 10),
(10, 15, 16, 10),
(10, 15, 17, 10),
(10, 15, 44, 10),
(10, 15, 45, 10),
(10, 19, 9, 10),
(10, 19, 10, 10),
(10, 19, 19, 10),
(10, 19, 36, 10),
(10, 19, 121, 10),
(10, 25, 3, 10),
(10, 25, 18, 10),
(10, 25, 30, 10),
(10, 25, 50, 10),
(10, 25, 57, 10),
(10, 26, 11, 10),
(10, 26, 32, 10),
(10, 26, 35, 10),
(10, 26, 36, 10),
(10, 26, 58, 10),
(10, 30, 2, 10),
(10, 30, 19, 10),
(10, 30, 93, 10),
(10, 30, 142, 10),
(10, 30, 145, 10),
(10, 37, 14, 10),
(10, 37, 16, 10),
(10, 37, 45, 10),
(10, 37, 63, 10),
(10, 37, 106, 10),
(10, 38, 15, 10),
(10, 38, 43, 10),
(10, 38, 85, 10),
(10, 38, 106, 10),
(10, 38, 107, 10),
(10, 52, 14, 10),
(10, 52, 43, 10),
(10, 52, 45, 10),
(10, 52, 46, 10),
(10, 52, 47, 10),
(11, 1, 18, 10),
(11, 1, 21, 10),
(11, 1, 25, 10),
(11, 1, 27, 10),
(11, 1, 108, 10),
(11, 3, 3, 10),
(11, 3, 51, 10),
(11, 3, 52, 10),
(11, 3, 59, 10),
(11, 3, 124, 10),
(11, 10, 6, 10),
(11, 10, 21, 10),
(11, 10, 26, 10),
(11, 10, 108, 10),
(11, 10, 122, 10),
(11, 13, 7, 10),
(11, 13, 8, 10),
(11, 13, 21, 10),
(11, 13, 27, 10),
(11, 13, 108, 10),
(11, 16, 43, 10),
(11, 16, 45, 10),
(11, 16, 46, 10),
(11, 16, 47, 10),
(11, 18, 5, 10),
(11, 18, 6, 10),
(11, 18, 16, 10),
(11, 18, 26, 10),
(11, 18, 110, 10),
(11, 20, 9, 10),
(11, 20, 11, 10),
(11, 20, 19, 10),
(11, 20, 50, 10),
(11, 23, 18, 10),
(11, 23, 19, 10),
(11, 23, 36, 10),
(11, 23, 55, 10),
(11, 23, 103, 10),
(11, 24, 4, 10),
(11, 24, 20, 10),
(11, 24, 34, 10),
(11, 24, 52, 10),
(11, 24, 56, 10),
(11, 27, 18, 10),
(11, 27, 34, 10),
(11, 27, 37, 10),
(11, 27, 53, 10),
(11, 29, 5, 10),
(11, 29, 45, 10),
(11, 29, 46, 10),
(11, 35, 19, 10),
(11, 35, 34, 10),
(11, 35, 36, 10),
(11, 35, 50, 10),
(11, 35, 126, 10),
(11, 39, 63, 10),
(11, 39, 64, 10),
(11, 39, 68, 10),
(11, 40, 5, 10),
(11, 40, 6, 10),
(11, 40, 8, 10),
(11, 40, 24, 10),
(11, 40, 26, 10),
(11, 44, 3, 10),
(11, 44, 35, 10),
(11, 44, 48, 10),
(11, 44, 84, 10),
(11, 44, 123, 10),
(11, 53, 14, 10),
(11, 53, 16, 10),
(11, 53, 43, 10),
(11, 53, 45, 10),
(11, 53, 46, 10),
(11, 60, 37, 10),
(11, 60, 68, 10),
(11, 60, 125, 10),
(12, 1, 18, 10),
(12, 1, 21, 10),
(12, 1, 25, 10),
(12, 1, 27, 10),
(12, 1, 108, 10),
(12, 3, 3, 10),
(12, 3, 51, 10),
(12, 3, 52, 10),
(12, 3, 59, 10),
(12, 4, 5, 10),
(12, 4, 6, 10),
(12, 4, 8, 10),
(12, 4, 108, 10),
(12, 5, 9, 10),
(12, 5, 10, 10),
(12, 5, 36, 10),
(12, 5, 118, 10),
(12, 6, 14, 10),
(12, 6, 15, 10),
(12, 6, 16, 10),
(12, 6, 46, 10),
(12, 6, 47, 10),
(12, 7, 9, 10),
(12, 7, 10, 10),
(12, 7, 18, 10),
(12, 7, 19, 10),
(12, 7, 69, 10),
(12, 8, 7, 10),
(12, 8, 21, 10),
(12, 8, 23, 10),
(12, 8, 26, 10),
(12, 8, 108, 10),
(12, 9, 7, 10),
(12, 9, 8, 10),
(12, 9, 21, 10),
(12, 9, 24, 10),
(12, 9, 108, 10),
(12, 10, 6, 10),
(12, 10, 21, 10),
(12, 10, 26, 10),
(12, 10, 122, 10),
(12, 11, 7, 10),
(12, 11, 21, 10),
(12, 11, 27, 10),
(12, 11, 29, 10),
(12, 11, 108, 10),
(12, 12, 9, 10),
(12, 12, 20, 10),
(12, 12, 30, 10),
(12, 12, 35, 10),
(12, 12, 84, 10),
(12, 13, 7, 10),
(12, 13, 8, 10),
(12, 13, 21, 10),
(12, 13, 27, 10),
(12, 13, 108, 10),
(12, 14, 3, 10),
(12, 14, 20, 10),
(12, 14, 30, 10),
(12, 14, 35, 10),
(12, 14, 67, 10),
(12, 15, 16, 10),
(12, 15, 17, 10),
(12, 15, 44, 10),
(12, 15, 45, 10),
(12, 16, 43, 10),
(12, 16, 45, 10),
(12, 16, 46, 10),
(12, 16, 47, 10),
(12, 17, 31, 10),
(12, 17, 32, 10),
(12, 17, 36, 10),
(12, 17, 119, 10),
(12, 17, 146, 10),
(12, 18, 5, 10),
(12, 18, 6, 10),
(12, 18, 16, 10),
(12, 18, 26, 10),
(12, 18, 110, 10),
(12, 19, 9, 10),
(12, 19, 10, 10),
(12, 19, 19, 10),
(12, 19, 36, 10),
(12, 19, 121, 10),
(12, 20, 9, 10),
(12, 20, 11, 10),
(12, 20, 19, 10),
(12, 20, 50, 10),
(12, 21, 18, 10),
(12, 21, 25, 10),
(12, 21, 51, 10),
(12, 21, 52, 10),
(12, 21, 53, 10),
(12, 23, 18, 10),
(12, 23, 19, 10),
(12, 23, 36, 10),
(12, 23, 55, 10),
(12, 23, 103, 10),
(12, 24, 4, 10),
(12, 24, 20, 10),
(12, 24, 34, 10),
(12, 24, 52, 10),
(12, 24, 56, 10),
(12, 25, 3, 10),
(12, 25, 18, 10),
(12, 25, 30, 10),
(12, 25, 50, 10),
(12, 25, 57, 10),
(12, 26, 11, 10),
(12, 26, 35, 10),
(12, 26, 36, 10),
(12, 26, 58, 10),
(12, 26, 117, 10),
(12, 30, 2, 10),
(12, 30, 19, 10),
(12, 30, 93, 10),
(12, 30, 145, 10),
(12, 35, 19, 10),
(12, 35, 34, 10),
(12, 35, 36, 10),
(12, 35, 50, 10),
(12, 35, 126, 10),
(12, 36, 9, 10),
(12, 36, 36, 10),
(12, 36, 68, 10),
(12, 37, 14, 10),
(12, 37, 16, 10),
(12, 37, 45, 10),
(12, 37, 63, 10),
(12, 37, 106, 10),
(12, 38, 15, 10),
(12, 38, 43, 10),
(12, 38, 85, 10),
(12, 38, 106, 10),
(12, 38, 107, 10),
(12, 39, 63, 10),
(12, 39, 64, 10),
(12, 39, 68, 10),
(12, 40, 5, 10),
(12, 40, 6, 10),
(12, 40, 8, 10),
(12, 40, 24, 10),
(12, 40, 26, 10),
(12, 44, 3, 10),
(12, 44, 35, 10),
(12, 44, 48, 10),
(12, 44, 84, 10),
(12, 44, 123, 10),
(12, 45, 8, 10),
(12, 45, 21, 10),
(12, 45, 23, 10),
(12, 45, 24, 10),
(12, 45, 39, 10),
(12, 53, 14, 10),
(12, 53, 16, 10),
(12, 53, 43, 10),
(12, 53, 45, 10),
(12, 53, 46, 10),
(12, 55, 13, 10),
(12, 55, 46, 10),
(12, 55, 47, 10),
(12, 55, 81, 10),
(12, 55, 88, 10),
(12, 56, 21, 10),
(12, 56, 24, 10),
(12, 56, 51, 10),
(12, 56, 108, 10),
(12, 60, 37, 10),
(12, 60, 68, 10),
(12, 60, 125, 10),
(13, 3, 3, 10),
(13, 3, 51, 10),
(13, 3, 52, 10),
(13, 3, 59, 10),
(13, 4, 5, 10),
(13, 4, 6, 10),
(13, 4, 8, 10),
(13, 4, 108, 10),
(13, 5, 9, 10),
(13, 5, 10, 10),
(13, 5, 36, 10),
(13, 5, 118, 10),
(13, 7, 9, 10),
(13, 7, 10, 10),
(13, 7, 18, 10),
(13, 7, 19, 10),
(13, 7, 69, 10),
(13, 8, 7, 10),
(13, 8, 21, 10),
(13, 8, 23, 10),
(13, 8, 26, 10),
(13, 8, 108, 10),
(13, 9, 7, 10),
(13, 9, 8, 10),
(13, 9, 21, 10),
(13, 9, 24, 10),
(13, 9, 108, 10),
(13, 11, 7, 10),
(13, 11, 21, 10),
(13, 11, 27, 10),
(13, 11, 29, 10),
(13, 11, 108, 10),
(13, 14, 3, 10),
(13, 14, 20, 10),
(13, 14, 30, 10),
(13, 14, 35, 10),
(13, 14, 67, 10),
(13, 15, 16, 10),
(13, 15, 17, 10),
(13, 15, 44, 10),
(13, 15, 45, 10),
(13, 18, 5, 10),
(13, 18, 6, 10),
(13, 18, 16, 10),
(13, 18, 26, 10),
(13, 18, 110, 10),
(13, 19, 9, 10),
(13, 19, 10, 10),
(13, 19, 19, 10),
(13, 19, 36, 10),
(13, 19, 121, 10),
(13, 24, 4, 10),
(13, 24, 20, 10),
(13, 24, 34, 10),
(13, 24, 52, 10),
(13, 24, 56, 10),
(13, 26, 11, 10),
(13, 26, 35, 10),
(13, 26, 36, 10),
(13, 26, 58, 10),
(13, 26, 117, 10),
(13, 28, 9, 10),
(13, 28, 10, 10),
(13, 28, 18, 10),
(13, 28, 20, 10),
(13, 28, 30, 10),
(13, 35, 3, 10),
(13, 35, 34, 10),
(13, 35, 36, 10),
(13, 35, 50, 10),
(13, 35, 126, 10),
(13, 36, 9, 10),
(13, 36, 36, 10),
(13, 36, 68, 10),
(13, 37, 14, 10),
(13, 37, 16, 10),
(13, 37, 45, 10),
(13, 37, 63, 10),
(13, 37, 106, 10),
(13, 38, 15, 10),
(13, 38, 43, 10),
(13, 38, 85, 10),
(13, 38, 106, 10),
(13, 38, 107, 10),
(14, 1, 18, 10),
(14, 1, 21, 10),
(14, 1, 25, 10),
(14, 1, 27, 10),
(14, 1, 108, 10),
(14, 10, 6, 10),
(14, 10, 21, 10),
(14, 10, 26, 10),
(14, 10, 122, 10),
(14, 13, 7, 10),
(14, 13, 8, 10),
(14, 13, 21, 10),
(14, 13, 27, 10),
(14, 13, 108, 10),
(14, 16, 43, 10),
(14, 16, 45, 10),
(14, 16, 46, 10),
(14, 16, 47, 10),
(14, 17, 31, 10),
(14, 17, 36, 10),
(14, 17, 119, 10),
(14, 17, 146, 10),
(14, 20, 9, 10),
(14, 20, 11, 10),
(14, 20, 19, 10),
(14, 20, 50, 10),
(14, 20, 84, 10),
(14, 25, 3, 10),
(14, 25, 18, 10),
(14, 25, 30, 10),
(14, 25, 50, 10),
(14, 25, 57, 10),
(14, 27, 18, 10),
(14, 27, 34, 10),
(14, 27, 37, 10),
(14, 27, 53, 10),
(14, 30, 2, 10),
(14, 30, 19, 10),
(14, 30, 93, 10),
(14, 30, 145, 10),
(14, 39, 2, 10),
(14, 39, 48, 10),
(14, 39, 63, 10),
(14, 39, 68, 10),
(14, 44, 3, 10),
(14, 44, 35, 10),
(14, 44, 50, 10),
(14, 44, 123, 10),
(14, 44, 126, 10),
(14, 45, 8, 10),
(14, 45, 21, 10),
(14, 45, 23, 10),
(14, 45, 24, 10),
(14, 45, 39, 10),
(14, 52, 14, 10),
(14, 52, 43, 10),
(14, 52, 45, 10),
(14, 52, 46, 10),
(14, 52, 47, 10),
(14, 53, 14, 10),
(14, 53, 16, 10),
(14, 53, 43, 10),
(14, 53, 45, 10),
(14, 53, 46, 10),
(14, 56, 21, 10),
(14, 56, 24, 10),
(14, 56, 51, 10),
(14, 56, 108, 10),
(14, 60, 37, 10),
(14, 60, 68, 10),
(14, 60, 125, 10),
(15, 1, 18, 10),
(15, 1, 21, 10),
(15, 1, 25, 10),
(15, 1, 27, 10),
(15, 3, 3, 10),
(15, 3, 51, 10),
(15, 3, 52, 10),
(15, 3, 59, 10),
(15, 4, 5, 10),
(15, 4, 6, 10),
(15, 4, 8, 10),
(15, 4, 108, 10),
(15, 5, 9, 10),
(15, 5, 10, 10),
(15, 5, 36, 10),
(15, 5, 118, 10),
(15, 6, 14, 10),
(15, 6, 15, 10),
(15, 6, 16, 10),
(15, 6, 46, 10),
(15, 6, 47, 10),
(15, 7, 9, 10),
(15, 7, 10, 10),
(15, 7, 18, 10),
(15, 7, 19, 10),
(15, 7, 69, 10),
(15, 8, 7, 10),
(15, 8, 21, 10),
(15, 8, 23, 10),
(15, 8, 26, 10),
(15, 8, 108, 10),
(15, 9, 7, 10),
(15, 9, 8, 10),
(15, 9, 21, 10),
(15, 9, 24, 10),
(15, 9, 108, 10),
(15, 10, 6, 10),
(15, 10, 21, 10),
(15, 10, 26, 10),
(15, 10, 122, 10),
(15, 11, 7, 10),
(15, 11, 21, 10),
(15, 11, 24, 10),
(15, 11, 27, 10),
(15, 11, 108, 10),
(15, 12, 9, 10),
(15, 12, 20, 10),
(15, 12, 30, 10),
(15, 12, 35, 10),
(15, 12, 84, 10),
(15, 13, 7, 10),
(15, 13, 8, 10),
(15, 13, 21, 10),
(15, 13, 27, 10),
(15, 13, 108, 10),
(15, 14, 3, 10),
(15, 14, 20, 10),
(15, 14, 30, 10),
(15, 14, 35, 10),
(15, 14, 67, 10),
(15, 15, 16, 10),
(15, 15, 17, 10),
(15, 15, 44, 10),
(15, 15, 45, 10),
(15, 16, 43, 10),
(15, 16, 45, 10),
(15, 16, 46, 10),
(15, 16, 47, 10),
(15, 18, 5, 10),
(15, 18, 6, 10),
(15, 18, 16, 10),
(15, 18, 26, 10),
(15, 18, 110, 10),
(15, 19, 2, 10),
(15, 19, 9, 10),
(15, 19, 10, 10),
(15, 19, 19, 10),
(15, 19, 36, 10),
(15, 20, 9, 10),
(15, 20, 11, 10),
(15, 20, 19, 10),
(15, 20, 50, 10),
(15, 20, 84, 10),
(15, 23, 18, 10),
(15, 23, 19, 10),
(15, 23, 36, 10),
(15, 23, 55, 10),
(15, 23, 103, 10),
(15, 24, 4, 10),
(15, 24, 20, 10),
(15, 24, 34, 10),
(15, 24, 52, 10),
(15, 24, 56, 10),
(15, 25, 3, 10),
(15, 25, 18, 10),
(15, 25, 30, 10),
(15, 25, 50, 10),
(15, 25, 57, 10),
(15, 26, 11, 10),
(15, 26, 35, 10),
(15, 26, 36, 10),
(15, 26, 58, 10),
(15, 26, 117, 10),
(15, 27, 18, 10),
(15, 27, 34, 10),
(15, 27, 37, 10),
(15, 27, 53, 10),
(15, 28, 9, 10),
(15, 28, 10, 10),
(15, 28, 18, 10),
(15, 28, 30, 10),
(15, 28, 119, 10),
(15, 30, 2, 10),
(15, 30, 19, 10),
(15, 30, 93, 10),
(15, 30, 145, 10),
(15, 35, 3, 10),
(15, 35, 34, 10),
(15, 35, 36, 10),
(15, 35, 50, 10),
(15, 35, 126, 10),
(15, 36, 9, 10),
(15, 36, 36, 10),
(15, 36, 68, 10),
(15, 37, 14, 10),
(15, 37, 16, 10),
(15, 37, 45, 10),
(15, 37, 63, 10),
(15, 37, 106, 10),
(15, 38, 15, 10),
(15, 38, 43, 10),
(15, 38, 85, 10),
(15, 38, 106, 10),
(15, 38, 107, 10),
(15, 39, 2, 10),
(15, 39, 48, 10),
(15, 39, 63, 10),
(15, 39, 68, 10),
(15, 40, 5, 10),
(15, 40, 6, 10),
(15, 40, 8, 10),
(15, 40, 24, 10),
(15, 40, 26, 10),
(15, 44, 3, 10),
(15, 44, 35, 10),
(15, 44, 50, 10),
(15, 44, 123, 10),
(15, 44, 126, 10),
(15, 45, 8, 10),
(15, 45, 21, 10),
(15, 45, 23, 10),
(15, 45, 24, 10),
(15, 45, 39, 10),
(15, 50, 15, 10),
(15, 50, 43, 10),
(15, 50, 46, 10),
(15, 50, 91, 10),
(15, 50, 92, 10),
(15, 52, 14, 10),
(15, 52, 43, 10),
(15, 52, 45, 10),
(15, 52, 46, 10),
(15, 52, 47, 10),
(15, 53, 14, 10),
(15, 53, 16, 10),
(15, 53, 43, 10),
(15, 53, 45, 10),
(15, 53, 46, 10),
(15, 55, 13, 10),
(15, 55, 46, 10),
(15, 55, 47, 10),
(15, 55, 88, 10),
(15, 55, 106, 10),
(15, 56, 21, 10),
(15, 56, 24, 10),
(15, 56, 51, 10),
(15, 56, 108, 10),
(15, 60, 37, 10),
(15, 60, 68, 10),
(15, 60, 125, 10),
(16, 3, 3, 10),
(16, 3, 51, 10),
(16, 3, 59, 10),
(16, 4, 5, 10),
(16, 4, 6, 10),
(16, 4, 8, 10),
(16, 4, 108, 10),
(16, 5, 9, 10),
(16, 5, 10, 10),
(16, 5, 36, 10),
(16, 5, 118, 10),
(16, 7, 9, 10),
(16, 7, 10, 10),
(16, 7, 18, 10),
(16, 7, 19, 10),
(16, 7, 69, 10),
(16, 8, 7, 10),
(16, 8, 21, 10),
(16, 8, 23, 10),
(16, 8, 26, 10),
(16, 8, 108, 10),
(16, 9, 8, 10),
(16, 9, 21, 10),
(16, 9, 24, 10),
(16, 9, 108, 10),
(16, 11, 7, 10),
(16, 11, 21, 10),
(16, 11, 24, 10),
(16, 11, 27, 10),
(16, 11, 108, 10),
(16, 14, 3, 10),
(16, 14, 20, 10),
(16, 14, 30, 10),
(16, 14, 35, 10),
(16, 14, 67, 10),
(16, 15, 16, 10),
(16, 15, 17, 10),
(16, 15, 44, 10),
(16, 15, 45, 10),
(16, 18, 5, 10),
(16, 18, 6, 10),
(16, 18, 16, 10),
(16, 18, 21, 10),
(16, 18, 110, 10),
(16, 23, 18, 10),
(16, 23, 19, 10),
(16, 23, 36, 10),
(16, 23, 55, 10),
(16, 23, 64, 10),
(16, 24, 4, 10),
(16, 24, 20, 10),
(16, 24, 34, 10),
(16, 24, 52, 10),
(16, 25, 3, 10),
(16, 25, 18, 10),
(16, 25, 30, 10),
(16, 25, 49, 10),
(16, 25, 50, 10),
(16, 26, 11, 10),
(16, 26, 35, 10),
(16, 26, 36, 10),
(16, 26, 58, 10),
(16, 26, 117, 10),
(16, 35, 3, 10),
(16, 35, 34, 10),
(16, 35, 36, 10),
(16, 35, 50, 10),
(16, 35, 126, 10),
(16, 36, 9, 10),
(16, 36, 36, 10),
(16, 36, 68, 10),
(16, 37, 14, 10),
(16, 37, 16, 10),
(16, 37, 45, 10),
(16, 37, 63, 10),
(16, 37, 106, 10),
(16, 38, 15, 10),
(16, 38, 43, 10),
(16, 38, 85, 10),
(16, 38, 106, 10),
(16, 38, 107, 10),
(17, 1, 18, 10),
(17, 1, 21, 10),
(17, 1, 27, 10),
(17, 10, 6, 10),
(17, 10, 21, 10),
(17, 10, 26, 10),
(17, 10, 122, 10),
(17, 13, 7, 10),
(17, 13, 8, 10),
(17, 13, 21, 10),
(17, 13, 27, 10),
(17, 13, 108, 10),
(17, 16, 43, 10),
(17, 16, 45, 10),
(17, 16, 46, 10),
(17, 16, 47, 10),
(17, 17, 31, 10),
(17, 17, 36, 10),
(17, 17, 54, 10),
(17, 17, 64, 10),
(17, 17, 95, 10),
(17, 19, 9, 10),
(17, 19, 10, 10),
(17, 19, 19, 10),
(17, 19, 36, 10),
(17, 20, 9, 10),
(17, 20, 11, 10),
(17, 20, 19, 10),
(17, 20, 50, 10),
(17, 20, 84, 10),
(17, 28, 9, 10),
(17, 28, 10, 10),
(17, 28, 18, 10),
(17, 28, 30, 10),
(17, 28, 119, 10),
(17, 30, 2, 10),
(17, 30, 19, 10),
(17, 30, 145, 10),
(17, 39, 2, 10),
(17, 39, 48, 10),
(17, 39, 63, 10),
(17, 39, 68, 10),
(17, 39, 69, 10),
(17, 40, 5, 10),
(17, 40, 6, 10),
(17, 40, 8, 10),
(17, 40, 24, 10),
(17, 40, 26, 10),
(17, 44, 3, 10),
(17, 44, 35, 10),
(17, 44, 50, 10),
(17, 44, 123, 10),
(17, 44, 126, 10),
(17, 50, 15, 10),
(17, 50, 43, 10),
(17, 50, 46, 10),
(17, 50, 91, 10),
(17, 50, 92, 10),
(17, 55, 13, 10),
(17, 55, 46, 10),
(17, 55, 47, 10),
(17, 55, 88, 10),
(17, 55, 106, 10),
(17, 56, 21, 10),
(17, 56, 24, 10),
(17, 56, 51, 10),
(17, 56, 108, 10),
(17, 60, 37, 10),
(17, 60, 68, 10),
(17, 60, 125, 10),
(18, 1, 18, 10),
(18, 1, 21, 10),
(18, 1, 27, 10),
(18, 3, 25, 10),
(18, 3, 51, 10),
(18, 3, 53, 10),
(18, 3, 59, 10),
(18, 3, 63, 10),
(18, 6, 14, 10),
(18, 6, 16, 10),
(18, 6, 44, 10),
(18, 6, 46, 10),
(18, 6, 47, 10),
(18, 7, 9, 10),
(18, 7, 10, 10),
(18, 7, 18, 10),
(18, 7, 19, 10),
(18, 8, 7, 10),
(18, 8, 21, 10),
(18, 8, 23, 10),
(18, 8, 26, 10),
(18, 8, 108, 10),
(18, 9, 8, 10),
(18, 9, 21, 10),
(18, 9, 24, 10),
(18, 9, 108, 10),
(18, 10, 6, 10),
(18, 10, 21, 10),
(18, 10, 26, 10),
(18, 10, 122, 10),
(18, 11, 7, 10),
(18, 11, 21, 10),
(18, 11, 24, 10),
(18, 11, 27, 10),
(18, 11, 108, 10),
(18, 12, 9, 10),
(18, 12, 20, 10),
(18, 12, 30, 10),
(18, 12, 35, 10),
(18, 12, 84, 10),
(18, 13, 7, 10),
(18, 13, 8, 10),
(18, 13, 21, 10),
(18, 13, 27, 10),
(18, 13, 108, 10),
(18, 14, 3, 10),
(18, 14, 20, 10),
(18, 14, 30, 10),
(18, 14, 35, 10),
(18, 14, 67, 10),
(18, 15, 15, 10),
(18, 15, 16, 10),
(18, 15, 17, 10),
(18, 15, 44, 10),
(18, 15, 45, 10),
(18, 16, 43, 10),
(18, 16, 45, 10),
(18, 16, 46, 10),
(18, 16, 47, 10),
(18, 16, 140, 10),
(18, 17, 36, 10),
(18, 17, 54, 10),
(18, 17, 64, 10),
(18, 17, 95, 10),
(18, 18, 5, 10),
(18, 18, 6, 10),
(18, 18, 16, 10),
(18, 18, 21, 10),
(18, 18, 110, 10),
(18, 20, 9, 10),
(18, 20, 11, 10),
(18, 20, 19, 10),
(18, 20, 50, 10),
(18, 20, 84, 10),
(18, 23, 2, 10),
(18, 23, 18, 10),
(18, 23, 19, 10),
(18, 23, 36, 10),
(18, 23, 64, 10),
(18, 24, 4, 10),
(18, 24, 20, 10),
(18, 24, 34, 10),
(18, 24, 52, 10),
(18, 25, 3, 10),
(18, 25, 18, 10),
(18, 25, 30, 10),
(18, 25, 49, 10),
(18, 25, 50, 10),
(18, 26, 11, 10),
(18, 26, 35, 10),
(18, 26, 36, 10),
(18, 26, 58, 10),
(18, 26, 117, 10),
(18, 27, 18, 10),
(18, 27, 34, 10),
(18, 27, 37, 10),
(18, 28, 9, 10),
(18, 28, 10, 10),
(18, 28, 18, 10),
(18, 28, 30, 10),
(18, 28, 119, 10),
(18, 30, 2, 10),
(18, 30, 19, 10),
(18, 30, 145, 10),
(18, 35, 3, 10),
(18, 35, 34, 10),
(18, 35, 36, 10),
(18, 35, 50, 10),
(18, 35, 126, 10),
(18, 36, 9, 10),
(18, 36, 36, 10),
(18, 36, 68, 10),
(18, 37, 14, 10),
(18, 37, 16, 10),
(18, 37, 45, 10),
(18, 37, 63, 10),
(18, 37, 106, 10),
(18, 38, 15, 10),
(18, 38, 43, 10),
(18, 38, 85, 10),
(18, 38, 106, 10),
(18, 38, 107, 10),
(18, 39, 2, 10),
(18, 39, 63, 10),
(18, 39, 69, 10),
(18, 45, 8, 10),
(18, 45, 21, 10),
(18, 45, 23, 10),
(18, 45, 24, 10),
(18, 45, 39, 10),
(18, 52, 14, 10),
(18, 52, 43, 10),
(18, 52, 45, 10),
(18, 52, 46, 10),
(18, 52, 47, 10),
(18, 53, 14, 10),
(18, 53, 16, 10),
(18, 53, 43, 10),
(18, 53, 45, 10),
(18, 53, 46, 10),
(18, 55, 13, 10),
(18, 55, 46, 10),
(18, 55, 47, 10),
(18, 55, 88, 10),
(18, 55, 106, 10),
(18, 56, 21, 10),
(18, 56, 24, 10),
(18, 56, 51, 10),
(18, 56, 108, 10),
(18, 60, 37, 10),
(18, 60, 68, 10),
(18, 60, 125, 10),
(18, 70, 13, 10),
(18, 70, 14, 10),
(18, 70, 15, 10),
(18, 70, 16, 10),
(18, 70, 47, 10),
(19, 1, 18, 10),
(19, 1, 21, 10),
(19, 1, 24, 10),
(19, 1, 27, 10),
(19, 3, 25, 10),
(19, 3, 51, 10),
(19, 3, 53, 10),
(19, 3, 59, 10),
(19, 3, 63, 10),
(19, 7, 9, 10),
(19, 7, 10, 10),
(19, 7, 18, 10),
(19, 7, 19, 10),
(19, 7, 103, 10),
(19, 8, 7, 10),
(19, 8, 21, 10),
(19, 8, 23, 10),
(19, 8, 26, 10),
(19, 8, 108, 10),
(19, 9, 8, 10),
(19, 9, 21, 10),
(19, 9, 24, 10),
(19, 9, 108, 10),
(19, 14, 3, 10),
(19, 14, 20, 10),
(19, 14, 30, 10),
(19, 14, 35, 10),
(19, 14, 67, 10),
(19, 15, 15, 10),
(19, 15, 16, 10),
(19, 15, 17, 10),
(19, 15, 44, 10),
(19, 15, 45, 10),
(19, 18, 5, 10),
(19, 18, 6, 10),
(19, 18, 16, 10),
(19, 18, 21, 10),
(19, 18, 110, 10),
(19, 19, 9, 10),
(19, 19, 10, 10),
(19, 19, 19, 10),
(19, 19, 36, 10),
(19, 23, 2, 10),
(19, 23, 18, 10),
(19, 23, 19, 10),
(19, 23, 36, 10),
(19, 23, 64, 10),
(19, 24, 4, 10),
(19, 24, 20, 10),
(19, 24, 34, 10),
(19, 24, 52, 10),
(19, 26, 11, 10),
(19, 26, 35, 10),
(19, 26, 36, 10),
(19, 26, 58, 10),
(19, 26, 117, 10),
(19, 28, 9, 10),
(19, 28, 10, 10),
(19, 28, 18, 10),
(19, 28, 30, 10),
(19, 28, 119, 10),
(19, 37, 14, 10),
(19, 37, 16, 10),
(19, 37, 45, 10),
(19, 37, 63, 10),
(19, 37, 106, 10),
(19, 38, 15, 10),
(19, 38, 43, 10),
(19, 38, 85, 10),
(19, 38, 106, 10),
(19, 38, 107, 10),
(19, 45, 7, 10),
(19, 45, 8, 10),
(19, 45, 21, 10),
(19, 45, 23, 10),
(19, 45, 24, 10),
(19, 70, 13, 10),
(19, 70, 14, 10),
(19, 70, 15, 10),
(19, 70, 16, 10),
(19, 70, 47, 10),
(20, 4, 5, 10),
(20, 4, 6, 10),
(20, 4, 8, 10),
(20, 4, 108, 10),
(20, 5, 9, 10),
(20, 5, 10, 10),
(20, 5, 12, 10),
(20, 5, 36, 10),
(20, 5, 118, 10),
(20, 10, 6, 10),
(20, 10, 21, 10),
(20, 10, 26, 10),
(20, 10, 122, 10),
(20, 11, 7, 10),
(20, 11, 21, 10),
(20, 11, 24, 10),
(20, 11, 27, 10),
(20, 11, 108, 10),
(20, 12, 9, 10),
(20, 12, 20, 10),
(20, 12, 30, 10),
(20, 12, 35, 10),
(20, 12, 84, 10),
(20, 13, 7, 10),
(20, 13, 8, 10),
(20, 13, 21, 10),
(20, 13, 27, 10),
(20, 13, 108, 10),
(20, 16, 43, 10),
(20, 16, 45, 10),
(20, 16, 46, 10),
(20, 16, 47, 10),
(20, 16, 140, 10),
(20, 17, 36, 10),
(20, 17, 54, 10),
(20, 17, 64, 10),
(20, 17, 95, 10),
(20, 25, 3, 10),
(20, 25, 18, 10),
(20, 25, 30, 10),
(20, 25, 49, 10),
(20, 25, 50, 10),
(20, 30, 2, 10),
(20, 30, 19, 10),
(20, 30, 145, 10),
(20, 39, 2, 10),
(20, 39, 63, 10),
(20, 39, 69, 10),
(20, 52, 14, 10),
(20, 52, 43, 10),
(20, 52, 45, 10),
(20, 52, 46, 10),
(20, 52, 47, 10),
(20, 56, 21, 10),
(20, 56, 24, 10),
(20, 56, 51, 10),
(20, 56, 108, 10),
(20, 60, 37, 10),
(20, 60, 68, 10),
(20, 60, 125, 10),
(20, 62, 163, 10),
(20, 62, 165, 10),
(20, 62, 166, 10),
(20, 77, 40, 10),
(20, 77, 55, 10),
(20, 77, 63, 10),
(20, 77, 64, 10),
(20, 77, 163, 10),
(21, 1, 18, 10),
(21, 1, 21, 10),
(21, 1, 24, 10),
(21, 1, 27, 10),
(21, 3, 25, 10),
(21, 3, 37, 10),
(21, 3, 51, 10),
(21, 3, 53, 10),
(21, 3, 59, 10),
(21, 4, 5, 10),
(21, 4, 6, 10),
(21, 4, 8, 10),
(21, 4, 108, 10),
(21, 5, 9, 10),
(21, 5, 10, 10),
(21, 5, 12, 10),
(21, 5, 36, 10),
(21, 5, 118, 10),
(21, 6, 14, 10),
(21, 6, 16, 10),
(21, 6, 44, 10),
(21, 6, 46, 10),
(21, 6, 47, 10),
(21, 7, 9, 10),
(21, 7, 10, 10),
(21, 7, 18, 10),
(21, 7, 19, 10),
(21, 7, 103, 10),
(21, 8, 7, 10),
(21, 8, 21, 10),
(21, 8, 23, 10),
(21, 8, 26, 10),
(21, 8, 108, 10),
(21, 9, 8, 10),
(21, 9, 21, 10),
(21, 9, 24, 10),
(21, 9, 108, 10),
(21, 10, 6, 10),
(21, 10, 21, 10),
(21, 10, 26, 10),
(21, 10, 122, 10),
(21, 11, 7, 10),
(21, 11, 21, 10),
(21, 11, 24, 10),
(21, 11, 27, 10),
(21, 11, 108, 10),
(21, 12, 9, 10),
(21, 12, 20, 10),
(21, 12, 30, 10),
(21, 12, 35, 10),
(21, 12, 84, 10),
(21, 13, 7, 10),
(21, 13, 8, 10),
(21, 13, 21, 10),
(21, 13, 27, 10),
(21, 14, 3, 10),
(21, 14, 20, 10),
(21, 14, 30, 10),
(21, 14, 35, 10),
(21, 14, 67, 10),
(21, 15, 15, 10),
(21, 15, 16, 10),
(21, 15, 17, 10),
(21, 15, 44, 10),
(21, 15, 45, 10),
(21, 16, 43, 10),
(21, 16, 45, 10),
(21, 16, 46, 10),
(21, 16, 47, 10),
(21, 16, 140, 10),
(21, 17, 9, 10),
(21, 17, 36, 10),
(21, 17, 54, 10),
(21, 17, 64, 10),
(21, 17, 95, 10),
(21, 18, 5, 10),
(21, 18, 6, 10),
(21, 18, 16, 10),
(21, 18, 21, 10),
(21, 18, 110, 10),
(21, 19, 9, 10),
(21, 19, 10, 10),
(21, 19, 19, 10),
(21, 19, 36, 10),
(21, 19, 68, 10),
(21, 20, 9, 10),
(21, 20, 11, 10),
(21, 20, 19, 10),
(21, 20, 50, 10),
(21, 20, 84, 10),
(21, 23, 2, 10),
(21, 23, 18, 10),
(21, 23, 19, 10),
(21, 23, 36, 10),
(21, 23, 64, 10),
(21, 24, 4, 10),
(21, 24, 20, 10),
(21, 24, 34, 10),
(21, 24, 52, 10),
(21, 25, 3, 10),
(21, 25, 18, 10),
(21, 25, 30, 10),
(21, 25, 49, 10),
(21, 25, 50, 10),
(21, 26, 11, 10),
(21, 26, 35, 10),
(21, 26, 36, 10),
(21, 26, 58, 10),
(21, 26, 117, 10),
(21, 27, 18, 10),
(21, 27, 34, 10),
(21, 27, 37, 10),
(21, 28, 9, 10),
(21, 28, 10, 10),
(21, 28, 18, 10),
(21, 28, 30, 10),
(21, 28, 36, 10),
(21, 30, 2, 10),
(21, 30, 19, 10),
(21, 30, 56, 10),
(21, 30, 145, 10),
(21, 35, 3, 10),
(21, 35, 34, 10),
(21, 35, 36, 10),
(21, 35, 50, 10),
(21, 35, 126, 10),
(21, 36, 9, 10),
(21, 36, 36, 10),
(21, 36, 68, 10),
(21, 37, 14, 10),
(21, 37, 16, 10),
(21, 37, 45, 10),
(21, 37, 63, 10),
(21, 37, 106, 10),
(21, 38, 15, 10),
(21, 38, 43, 10),
(21, 38, 85, 10),
(21, 38, 106, 10),
(21, 38, 107, 10),
(21, 39, 2, 10),
(21, 39, 63, 10),
(21, 39, 69, 10),
(21, 50, 15, 10),
(21, 50, 43, 10),
(21, 50, 46, 10),
(21, 50, 91, 10),
(21, 50, 92, 10),
(21, 52, 14, 10),
(21, 52, 43, 10),
(21, 52, 45, 10),
(21, 52, 46, 10),
(21, 52, 47, 10),
(21, 53, 14, 10),
(21, 53, 16, 10),
(21, 53, 43, 10),
(21, 53, 45, 10),
(21, 53, 46, 10),
(21, 55, 13, 10),
(21, 55, 46, 10),
(21, 55, 47, 10),
(21, 55, 88, 10),
(21, 55, 106, 10),
(21, 56, 21, 10),
(21, 56, 24, 10),
(21, 56, 51, 10),
(21, 56, 108, 10),
(21, 60, 37, 10),
(21, 60, 68, 10),
(21, 60, 125, 10),
(21, 70, 13, 10),
(21, 70, 14, 10),
(21, 70, 15, 10),
(21, 70, 16, 10),
(21, 70, 47, 10),
(21, 73, 14, 10),
(21, 73, 17, 10),
(21, 73, 89, 10),
(21, 73, 161, 10),
(21, 73, 162, 10),
(22, 3, 25, 10),
(22, 3, 37, 10),
(22, 3, 51, 10),
(22, 3, 59, 10),
(22, 7, 9, 10),
(22, 7, 10, 10),
(22, 7, 18, 10),
(22, 7, 19, 10),
(22, 7, 103, 10),
(22, 8, 7, 10),
(22, 8, 21, 10),
(22, 8, 23, 10),
(22, 8, 26, 10),
(22, 8, 108, 10),
(22, 9, 8, 10),
(22, 9, 21, 10),
(22, 9, 24, 10),
(22, 9, 108, 10),
(22, 14, 3, 10),
(22, 14, 30, 10),
(22, 14, 35, 10),
(22, 14, 67, 10),
(22, 18, 5, 10),
(22, 18, 6, 10),
(22, 18, 16, 10),
(22, 18, 21, 10),
(22, 18, 110, 10),
(22, 19, 9, 10),
(22, 19, 10, 10),
(22, 19, 19, 10),
(22, 19, 36, 10),
(22, 19, 68, 10),
(22, 23, 9, 10),
(22, 23, 18, 10),
(22, 23, 19, 10),
(22, 23, 36, 10),
(22, 23, 64, 10),
(22, 24, 4, 10),
(22, 24, 20, 10),
(22, 24, 34, 10),
(22, 24, 52, 10),
(22, 26, 11, 10),
(22, 26, 35, 10),
(22, 26, 36, 10),
(22, 26, 58, 10),
(22, 26, 117, 10),
(22, 28, 9, 10),
(22, 28, 10, 10),
(22, 28, 30, 10),
(22, 28, 36, 10),
(22, 28, 69, 10),
(22, 37, 14, 10),
(22, 37, 16, 10),
(22, 37, 45, 10),
(22, 37, 63, 10),
(22, 37, 106, 10),
(22, 38, 15, 10),
(22, 38, 43, 10),
(22, 38, 85, 10),
(22, 38, 106, 10),
(22, 38, 107, 10),
(22, 40, 5, 10),
(22, 40, 6, 10),
(22, 40, 8, 10),
(22, 40, 24, 10),
(22, 40, 26, 10),
(22, 70, 13, 10),
(22, 70, 14, 10),
(22, 70, 15, 10),
(22, 70, 16, 10),
(22, 70, 47, 10),
(22, 78, 42, 10),
(22, 78, 95, 10),
(23, 1, 18, 10),
(23, 1, 21, 10),
(23, 1, 24, 10),
(23, 1, 27, 10),
(23, 4, 5, 10),
(23, 4, 6, 10),
(23, 4, 8, 10),
(23, 4, 108, 10),
(23, 5, 9, 10),
(23, 5, 10, 10),
(23, 5, 12, 10),
(23, 5, 36, 10),
(23, 5, 118, 10),
(23, 10, 6, 10),
(23, 10, 21, 10),
(23, 10, 26, 10),
(23, 10, 122, 10),
(23, 13, 7, 10),
(23, 13, 8, 10),
(23, 13, 21, 10),
(23, 13, 27, 10),
(23, 16, 43, 10),
(23, 16, 45, 10),
(23, 16, 47, 10),
(23, 16, 140, 10),
(23, 17, 9, 10),
(23, 17, 36, 10),
(23, 17, 54, 10),
(23, 17, 64, 10),
(23, 17, 95, 10),
(23, 21, 18, 10),
(23, 21, 25, 10),
(23, 21, 51, 10),
(23, 21, 52, 10),
(23, 21, 53, 10),
(23, 25, 3, 10),
(23, 25, 18, 10),
(23, 25, 30, 10),
(23, 25, 49, 10),
(23, 25, 50, 10),
(23, 27, 18, 10),
(23, 27, 34, 10),
(23, 27, 37, 10),
(23, 30, 2, 10),
(23, 30, 19, 10),
(23, 30, 56, 10),
(23, 30, 121, 10),
(23, 30, 145, 10),
(23, 39, 2, 10),
(23, 39, 63, 10),
(23, 39, 69, 10),
(23, 50, 15, 10),
(23, 50, 43, 10),
(23, 50, 46, 10),
(23, 50, 91, 10),
(23, 50, 92, 10),
(23, 52, 14, 10),
(23, 52, 43, 10),
(23, 52, 45, 10),
(23, 52, 46, 10),
(23, 52, 47, 10),
(23, 56, 8, 10),
(23, 56, 17, 10),
(23, 56, 91, 10),
(23, 56, 94, 10),
(23, 56, 108, 10),
(23, 59, 42, 10),
(23, 59, 63, 10),
(23, 59, 69, 10),
(24, 8, 7, 10),
(24, 8, 21, 10),
(24, 8, 23, 10),
(24, 8, 26, 10),
(24, 8, 108, 10),
(24, 9, 8, 10),
(24, 9, 21, 10),
(24, 9, 24, 10),
(24, 9, 108, 10),
(24, 12, 9, 10),
(24, 12, 20, 10),
(24, 12, 30, 10),
(24, 12, 35, 10),
(24, 12, 84, 10),
(24, 18, 5, 10),
(24, 18, 6, 10),
(24, 18, 16, 10),
(24, 18, 21, 10),
(24, 18, 110, 10),
(24, 20, 9, 10),
(24, 20, 11, 10),
(24, 20, 19, 10),
(24, 20, 50, 10),
(24, 20, 84, 10),
(24, 25, 3, 10),
(24, 25, 18, 10),
(24, 25, 30, 10),
(24, 25, 49, 10),
(24, 25, 50, 10),
(24, 28, 9, 10),
(24, 28, 10, 10),
(24, 28, 30, 10),
(24, 28, 31, 10),
(24, 28, 69, 10),
(24, 29, 5, 10),
(24, 29, 45, 10),
(24, 29, 46, 10),
(24, 30, 2, 10),
(24, 30, 19, 10),
(24, 30, 56, 10),
(24, 30, 145, 10),
(24, 55, 13, 10),
(24, 55, 46, 10),
(24, 55, 47, 10),
(24, 55, 88, 10),
(24, 55, 106, 10),
(24, 59, 42, 10),
(24, 59, 63, 10),
(24, 59, 69, 10),
(24, 65, 31, 10),
(24, 65, 32, 10),
(24, 65, 35, 10),
(24, 65, 48, 10),
(24, 65, 75, 10),
(24, 73, 14, 10),
(24, 73, 17, 10),
(24, 73, 89, 10),
(24, 73, 161, 10),
(24, 73, 162, 10),
(25, 7, 9, 10),
(25, 7, 10, 10),
(25, 7, 18, 10),
(25, 7, 19, 10),
(25, 7, 103, 10),
(25, 9, 8, 10),
(25, 9, 21, 10),
(25, 9, 24, 10),
(25, 9, 108, 10),
(25, 14, 3, 10),
(25, 14, 30, 10),
(25, 14, 35, 10),
(25, 14, 67, 10),
(25, 16, 43, 10),
(25, 16, 45, 10),
(25, 16, 47, 10),
(25, 16, 140, 10),
(25, 18, 5, 10),
(25, 18, 6, 10),
(25, 18, 16, 10),
(25, 18, 21, 10),
(25, 18, 110, 10),
(25, 24, 4, 10),
(25, 24, 20, 10),
(25, 24, 34, 10),
(25, 24, 52, 10),
(25, 35, 3, 10),
(25, 35, 34, 10),
(25, 35, 36, 10),
(25, 35, 50, 10),
(25, 35, 126, 10),
(25, 38, 15, 10),
(25, 38, 43, 10),
(25, 38, 85, 10),
(25, 38, 106, 10),
(25, 38, 107, 10),
(25, 55, 13, 10),
(25, 55, 46, 10),
(25, 55, 47, 10),
(25, 55, 88, 10),
(25, 55, 106, 10),
(25, 61, 8, 10),
(25, 61, 23, 10),
(25, 61, 48, 10),
(25, 61, 94, 10),
(25, 61, 110, 10),
(25, 65, 31, 10),
(25, 65, 32, 10),
(25, 65, 35, 10),
(25, 65, 48, 10),
(25, 65, 75, 10),
(25, 70, 13, 10),
(25, 70, 14, 10),
(25, 70, 15, 10),
(25, 70, 16, 10),
(25, 70, 47, 10),
(25, 73, 14, 10),
(25, 73, 17, 10),
(25, 73, 89, 10),
(25, 73, 161, 10),
(25, 73, 162, 10),
(26, 1, 18, 10),
(26, 1, 21, 10),
(26, 1, 24, 10),
(26, 1, 27, 10),
(26, 3, 25, 10),
(26, 3, 37, 10),
(26, 3, 51, 10),
(26, 3, 59, 10),
(26, 6, 14, 10),
(26, 6, 16, 10),
(26, 6, 44, 10),
(26, 6, 46, 10),
(26, 6, 47, 10),
(26, 7, 9, 10),
(26, 7, 10, 10),
(26, 7, 18, 10),
(26, 7, 19, 10),
(26, 7, 103, 10),
(26, 8, 7, 10),
(26, 8, 21, 10),
(26, 8, 23, 10),
(26, 8, 26, 10),
(26, 8, 108, 10),
(26, 9, 8, 10),
(26, 9, 21, 10),
(26, 9, 24, 10),
(26, 9, 108, 10),
(26, 10, 6, 10),
(26, 10, 21, 10),
(26, 10, 26, 10),
(26, 10, 122, 10),
(26, 11, 7, 10),
(26, 11, 21, 10),
(26, 11, 24, 10),
(26, 11, 27, 10),
(26, 11, 108, 10),
(26, 12, 9, 10),
(26, 12, 20, 10),
(26, 12, 30, 10),
(26, 12, 35, 10),
(26, 12, 84, 10),
(26, 13, 7, 10),
(26, 13, 8, 10),
(26, 13, 21, 10),
(26, 13, 27, 10),
(26, 14, 3, 10),
(26, 14, 30, 10),
(26, 14, 35, 10),
(26, 14, 67, 10),
(26, 15, 15, 10),
(26, 15, 17, 10),
(26, 15, 44, 10),
(26, 15, 45, 10),
(26, 18, 5, 10),
(26, 18, 6, 10),
(26, 18, 16, 10),
(26, 18, 21, 10),
(26, 18, 110, 10),
(26, 20, 9, 10),
(26, 20, 11, 10),
(26, 20, 19, 10),
(26, 20, 50, 10),
(26, 20, 84, 10),
(26, 21, 18, 10),
(26, 21, 25, 10),
(26, 21, 51, 10),
(26, 21, 52, 10),
(26, 21, 53, 10),
(26, 23, 9, 10),
(26, 23, 18, 10),
(26, 23, 19, 10),
(26, 23, 36, 10),
(26, 23, 64, 10),
(26, 25, 3, 10),
(26, 25, 18, 10),
(26, 25, 30, 10),
(26, 25, 49, 10),
(26, 25, 50, 10),
(26, 26, 11, 10),
(26, 26, 35, 10),
(26, 26, 36, 10),
(26, 26, 58, 10),
(26, 26, 117, 10),
(26, 29, 5, 10),
(26, 29, 45, 10),
(26, 29, 46, 10),
(26, 35, 3, 10),
(26, 35, 34, 10),
(26, 35, 36, 10),
(26, 35, 50, 10),
(26, 35, 126, 10),
(26, 36, 9, 10),
(26, 36, 36, 10),
(26, 36, 68, 10),
(26, 39, 2, 10),
(26, 39, 63, 10),
(26, 39, 69, 10),
(26, 41, 13, 10),
(26, 41, 14, 10),
(26, 41, 17, 10),
(26, 41, 162, 10),
(26, 45, 7, 10),
(26, 45, 8, 10),
(26, 45, 21, 10),
(26, 45, 23, 10),
(26, 45, 24, 10),
(26, 50, 15, 10),
(26, 50, 43, 10),
(26, 50, 46, 10),
(26, 50, 91, 10),
(26, 50, 92, 10),
(26, 52, 14, 10),
(26, 52, 43, 10),
(26, 52, 45, 10),
(26, 52, 46, 10),
(26, 52, 47, 10),
(26, 55, 13, 10),
(26, 55, 46, 10),
(26, 55, 47, 10),
(26, 55, 88, 10),
(26, 55, 106, 10),
(26, 56, 8, 10),
(26, 56, 17, 10),
(26, 56, 91, 10),
(26, 56, 94, 10),
(26, 56, 108, 10),
(26, 59, 42, 10),
(26, 59, 63, 10),
(26, 59, 69, 10),
(26, 61, 8, 10),
(26, 61, 23, 10),
(26, 61, 48, 10),
(26, 61, 94, 10),
(26, 61, 110, 10),
(26, 62, 163, 10),
(26, 62, 165, 10),
(26, 62, 166, 10),
(26, 65, 31, 10),
(26, 65, 32, 10),
(26, 65, 35, 10),
(26, 65, 48, 10),
(26, 65, 75, 10),
(26, 70, 13, 10),
(26, 70, 14, 10),
(26, 70, 15, 10),
(26, 70, 16, 10),
(26, 70, 47, 10),
(26, 77, 40, 10),
(26, 77, 55, 10),
(26, 77, 63, 10),
(26, 77, 64, 10),
(26, 77, 163, 10),
(27, 3, 25, 10),
(27, 3, 37, 10),
(27, 3, 51, 10),
(27, 3, 59, 10),
(27, 7, 9, 10),
(27, 7, 10, 10),
(27, 7, 18, 10),
(27, 7, 19, 10),
(27, 7, 103, 10),
(27, 9, 8, 10),
(27, 9, 21, 10),
(27, 9, 24, 10),
(27, 9, 108, 10),
(27, 11, 7, 10),
(27, 11, 21, 10),
(27, 11, 24, 10),
(27, 11, 27, 10),
(27, 11, 108, 10),
(27, 14, 3, 10),
(27, 14, 30, 10),
(27, 14, 35, 10),
(27, 14, 67, 10),
(27, 15, 15, 10),
(27, 15, 17, 10),
(27, 15, 44, 10),
(27, 15, 45, 10),
(27, 18, 5, 10),
(27, 18, 6, 10),
(27, 18, 16, 10),
(27, 18, 21, 10),
(27, 18, 110, 10),
(27, 19, 9, 10),
(27, 19, 10, 10),
(27, 19, 19, 10),
(27, 19, 36, 10),
(27, 19, 68, 10),
(27, 24, 4, 10),
(27, 24, 20, 10),
(27, 24, 34, 10),
(27, 24, 52, 10),
(27, 26, 11, 10),
(27, 26, 35, 10),
(27, 26, 36, 10),
(27, 26, 58, 10),
(27, 26, 117, 10),
(27, 28, 9, 10),
(27, 28, 10, 10),
(27, 28, 30, 10),
(27, 28, 31, 10),
(27, 28, 69, 10),
(27, 41, 13, 10),
(27, 41, 14, 10),
(27, 41, 17, 10),
(27, 41, 162, 10),
(27, 45, 7, 10),
(27, 45, 8, 10),
(27, 45, 21, 10),
(27, 45, 23, 10),
(27, 45, 24, 10),
(27, 60, 37, 10),
(27, 60, 68, 10),
(27, 60, 125, 10),
(27, 65, 32, 10),
(27, 65, 35, 10),
(27, 65, 48, 10),
(27, 65, 75, 10),
(27, 70, 13, 10),
(27, 70, 14, 10),
(27, 70, 15, 10),
(27, 70, 16, 10),
(27, 70, 47, 10),
(28, 4, 5, 10),
(28, 4, 6, 10),
(28, 4, 8, 10),
(28, 4, 108, 10),
(28, 5, 9, 10),
(28, 5, 10, 10),
(28, 5, 12, 10),
(28, 5, 36, 10),
(28, 5, 118, 10),
(28, 10, 6, 10),
(28, 10, 21, 10),
(28, 10, 26, 10),
(28, 10, 122, 10),
(28, 12, 9, 10),
(28, 12, 20, 10),
(28, 12, 30, 10),
(28, 12, 35, 10),
(28, 12, 84, 10),
(28, 13, 7, 10),
(28, 13, 21, 10),
(28, 13, 27, 10),
(28, 16, 43, 10),
(28, 16, 45, 10),
(28, 16, 47, 10),
(28, 16, 140, 10),
(28, 17, 9, 10),
(28, 17, 36, 10),
(28, 17, 54, 10),
(28, 17, 64, 10),
(28, 17, 95, 10),
(28, 25, 3, 10),
(28, 25, 18, 10),
(28, 25, 30, 10),
(28, 25, 36, 10),
(28, 25, 50, 10),
(28, 30, 2, 10),
(28, 30, 19, 10),
(28, 30, 56, 10),
(28, 30, 145, 10),
(28, 39, 2, 10),
(28, 39, 63, 10),
(28, 39, 69, 10),
(28, 52, 14, 10),
(28, 52, 43, 10),
(28, 52, 45, 10),
(28, 52, 46, 10),
(28, 52, 47, 10),
(28, 56, 8, 10),
(28, 56, 17, 10),
(28, 56, 91, 10),
(28, 56, 94, 10),
(28, 56, 108, 10),
(28, 59, 31, 10),
(28, 59, 32, 10),
(28, 59, 42, 10),
(28, 59, 63, 10),
(28, 59, 69, 10),
(28, 62, 163, 10),
(28, 62, 165, 10),
(28, 62, 166, 10),
(28, 77, 40, 10),
(28, 77, 55, 10),
(28, 77, 63, 10),
(28, 77, 64, 10),
(28, 77, 163, 10),
(28, 87, 40, 10),
(28, 87, 41, 10),
(28, 87, 42, 10),
(28, 87, 64, 10),
(28, 87, 95, 10),
(29, 1, 18, 10),
(29, 1, 21, 10),
(29, 1, 27, 10),
(29, 1, 38, 10),
(29, 3, 25, 10),
(29, 3, 37, 10),
(29, 3, 51, 10),
(29, 5, 9, 10),
(29, 5, 10, 10),
(29, 5, 12, 10),
(29, 5, 36, 10),
(29, 5, 118, 10),
(29, 6, 14, 10),
(29, 6, 16, 10),
(29, 6, 44, 10),
(29, 6, 46, 10),
(29, 6, 47, 10),
(29, 7, 10, 10),
(29, 7, 18, 10),
(29, 7, 19, 10),
(29, 7, 103, 10),
(29, 8, 7, 10),
(29, 8, 21, 10),
(29, 8, 23, 10),
(29, 8, 26, 10),
(29, 8, 108, 10),
(29, 9, 8, 10),
(29, 9, 24, 10),
(29, 9, 108, 10),
(29, 10, 6, 10),
(29, 10, 16, 10),
(29, 10, 21, 10),
(29, 10, 26, 10),
(29, 10, 122, 10),
(29, 11, 7, 10),
(29, 11, 21, 10),
(29, 11, 24, 10),
(29, 11, 27, 10),
(29, 11, 108, 10),
(29, 12, 9, 10),
(29, 12, 20, 10),
(29, 12, 30, 10),
(29, 12, 35, 10),
(29, 12, 84, 10),
(29, 13, 7, 10),
(29, 13, 21, 10),
(29, 13, 24, 10),
(29, 13, 27, 10),
(29, 13, 28, 10),
(29, 14, 3, 10),
(29, 14, 30, 10),
(29, 14, 35, 10),
(29, 14, 67, 10),
(29, 15, 15, 10),
(29, 15, 17, 10),
(29, 15, 44, 10),
(29, 15, 45, 10),
(29, 16, 43, 10),
(29, 16, 45, 10),
(29, 16, 47, 10),
(29, 16, 140, 10),
(29, 17, 9, 10),
(29, 17, 36, 10),
(29, 17, 54, 10),
(29, 17, 64, 10),
(29, 17, 95, 10),
(29, 18, 5, 10),
(29, 18, 6, 10),
(29, 18, 21, 10),
(29, 18, 110, 10),
(29, 19, 9, 10),
(29, 19, 10, 10),
(29, 19, 19, 10),
(29, 19, 36, 10),
(29, 19, 68, 10),
(29, 20, 9, 10),
(29, 20, 11, 10),
(29, 20, 19, 10),
(29, 20, 50, 10),
(29, 23, 9, 10),
(29, 23, 19, 10),
(29, 23, 36, 10),
(29, 23, 64, 10),
(29, 24, 4, 10),
(29, 24, 20, 10),
(29, 24, 34, 10),
(29, 24, 52, 10),
(29, 25, 3, 10),
(29, 25, 18, 10),
(29, 25, 30, 10),
(29, 25, 36, 10),
(29, 25, 50, 10),
(29, 27, 18, 10),
(29, 27, 34, 10),
(29, 27, 37, 10),
(29, 28, 9, 10),
(29, 28, 10, 10),
(29, 28, 30, 10),
(29, 28, 31, 10),
(29, 28, 69, 10),
(29, 30, 2, 10),
(29, 30, 19, 10),
(29, 30, 56, 10),
(29, 30, 145, 10),
(29, 36, 2, 10),
(29, 36, 9, 10),
(29, 36, 18, 10),
(29, 36, 36, 10),
(29, 36, 68, 10),
(29, 39, 9, 10),
(29, 39, 63, 10),
(29, 39, 69, 10),
(29, 50, 16, 0),
(29, 50, 43, 10),
(29, 50, 46, 10),
(29, 50, 91, 10),
(29, 50, 92, 10),
(29, 52, 14, 10),
(29, 52, 43, 10),
(29, 52, 45, 10),
(29, 52, 46, 10),
(29, 52, 47, 10),
(29, 53, 14, 10),
(29, 53, 16, 10),
(29, 53, 43, 10),
(29, 53, 46, 10),
(29, 53, 106, 10),
(29, 55, 13, 10),
(29, 55, 46, 10),
(29, 55, 47, 10),
(29, 55, 88, 10),
(29, 55, 106, 10),
(29, 56, 8, 10),
(29, 56, 17, 10),
(29, 56, 91, 10),
(29, 56, 94, 10),
(29, 56, 108, 10),
(29, 60, 68, 10),
(29, 70, 14, 10),
(29, 70, 15, 10),
(29, 70, 16, 10),
(29, 70, 43, 10),
(29, 70, 47, 10),
(29, 73, 14, 10),
(29, 73, 17, 10),
(29, 73, 89, 10),
(29, 73, 161, 10),
(29, 73, 162, 10),
(29, 90, 17, 10),
(29, 90, 38, 10),
(29, 90, 47, 10),
(29, 90, 106, 10),
(30, 3, 25, 10),
(30, 3, 37, 10),
(30, 3, 51, 10),
(30, 8, 7, 10),
(30, 8, 21, 10),
(30, 8, 23, 10),
(30, 8, 26, 10),
(30, 8, 108, 10),
(30, 9, 8, 10),
(30, 9, 24, 10),
(30, 9, 108, 10),
(30, 11, 7, 10),
(30, 11, 21, 10),
(30, 11, 24, 10),
(30, 11, 27, 10),
(30, 11, 108, 10),
(30, 14, 3, 10),
(30, 14, 30, 10),
(30, 14, 35, 10),
(30, 14, 67, 10),
(30, 18, 5, 10),
(30, 18, 6, 10),
(30, 18, 7, 10),
(30, 18, 21, 10),
(30, 18, 110, 10),
(30, 19, 9, 10),
(30, 19, 10, 10),
(30, 19, 19, 10),
(30, 19, 36, 10),
(30, 19, 68, 10),
(30, 23, 9, 10),
(30, 23, 19, 10),
(30, 23, 36, 10),
(30, 23, 64, 10),
(30, 24, 4, 10),
(30, 24, 20, 10),
(30, 24, 34, 10),
(30, 24, 52, 10),
(30, 28, 9, 10),
(30, 28, 10, 10),
(30, 28, 30, 10),
(30, 28, 31, 10),
(30, 28, 69, 10),
(30, 41, 13, 10),
(30, 41, 14, 10),
(30, 41, 17, 10),
(30, 41, 162, 10),
(30, 53, 14, 10),
(30, 53, 16, 10),
(30, 53, 43, 10),
(30, 53, 46, 10),
(30, 53, 106, 10),
(30, 56, 8, 10),
(30, 56, 17, 10),
(30, 56, 91, 10),
(30, 56, 94, 10),
(30, 56, 108, 10),
(30, 70, 14, 10),
(30, 70, 15, 10),
(30, 70, 16, 10),
(30, 70, 43, 10),
(30, 70, 47, 10),
(30, 75, 9, 10),
(30, 75, 10, 10),
(30, 75, 11, 10),
(30, 75, 118, 10),
(30, 75, 119, 10),
(30, 85, 55, 10),
(30, 85, 62, 10),
(30, 85, 68, 10),
(31, 1, 18, 10),
(31, 1, 21, 10),
(31, 1, 27, 10),
(31, 1, 38, 10),
(31, 5, 9, 10),
(31, 5, 10, 10),
(31, 5, 12, 10),
(31, 5, 36, 10),
(31, 5, 118, 10),
(31, 10, 6, 10),
(31, 10, 16, 10);
INSERT INTO `raid_player_wish` (`raid`, `player`, `item`, `ratio`) VALUES
(31, 10, 21, 10),
(31, 10, 26, 10),
(31, 10, 122, 10),
(31, 12, 9, 10),
(31, 12, 20, 10),
(31, 12, 30, 10),
(31, 12, 35, 10),
(31, 12, 84, 10),
(31, 13, 7, 10),
(31, 13, 21, 10),
(31, 13, 24, 10),
(31, 13, 27, 10),
(31, 13, 28, 10),
(31, 16, 43, 10),
(31, 16, 45, 10),
(31, 16, 47, 10),
(31, 16, 140, 10),
(31, 17, 9, 10),
(31, 17, 36, 10),
(31, 17, 54, 10),
(31, 17, 64, 10),
(31, 17, 95, 10),
(31, 20, 9, 10),
(31, 20, 11, 10),
(31, 20, 19, 10),
(31, 20, 20, 10),
(31, 20, 50, 10),
(31, 25, 3, 10),
(31, 25, 9, 10),
(31, 25, 18, 10),
(31, 25, 30, 10),
(31, 25, 50, 10),
(31, 30, 2, 10),
(31, 30, 19, 10),
(31, 30, 56, 10),
(31, 30, 145, 10),
(31, 35, 3, 10),
(31, 35, 34, 10),
(31, 35, 36, 10),
(31, 35, 50, 10),
(31, 35, 126, 10),
(31, 39, 9, 10),
(31, 39, 63, 10),
(31, 39, 69, 10),
(31, 50, 16, 0),
(31, 50, 43, 10),
(31, 50, 46, 10),
(31, 50, 91, 10),
(31, 50, 92, 10),
(31, 52, 14, 10),
(31, 52, 43, 10),
(31, 52, 45, 10),
(31, 52, 46, 10),
(31, 52, 47, 10),
(31, 59, 31, 10),
(31, 59, 32, 10),
(31, 59, 42, 10),
(31, 59, 63, 10),
(31, 59, 69, 10),
(31, 60, 68, 10),
(31, 77, 40, 10),
(31, 77, 55, 10),
(31, 77, 63, 10),
(31, 77, 64, 10),
(31, 77, 163, 10),
(32, 3, 35, 10),
(32, 3, 50, 10),
(32, 3, 51, 10),
(32, 3, 68, 10),
(32, 3, 178, 10),
(32, 6, 14, 10),
(32, 6, 16, 10),
(32, 6, 44, 10),
(32, 6, 46, 10),
(32, 6, 47, 10),
(32, 8, 7, 10),
(32, 8, 21, 10),
(32, 8, 23, 10),
(32, 8, 26, 10),
(32, 8, 108, 10),
(32, 9, 8, 10),
(32, 9, 24, 10),
(32, 9, 108, 10),
(32, 10, 6, 10),
(32, 10, 16, 10),
(32, 10, 21, 10),
(32, 10, 26, 10),
(32, 10, 122, 10),
(32, 11, 7, 10),
(32, 11, 21, 10),
(32, 11, 24, 10),
(32, 11, 27, 10),
(32, 12, 9, 10),
(32, 12, 20, 10),
(32, 12, 30, 10),
(32, 12, 35, 10),
(32, 12, 84, 10),
(32, 14, 3, 10),
(32, 14, 30, 10),
(32, 14, 35, 10),
(32, 14, 67, 10),
(32, 15, 15, 10),
(32, 15, 17, 10),
(32, 15, 44, 10),
(32, 15, 45, 10),
(32, 17, 9, 10),
(32, 17, 36, 10),
(32, 17, 54, 10),
(32, 17, 64, 10),
(32, 17, 95, 10),
(32, 18, 5, 10),
(32, 18, 6, 10),
(32, 18, 7, 10),
(32, 18, 21, 10),
(32, 18, 110, 10),
(32, 20, 9, 10),
(32, 20, 11, 10),
(32, 20, 19, 10),
(32, 20, 20, 10),
(32, 20, 50, 10),
(32, 24, 3, 10),
(32, 24, 9, 10),
(32, 24, 35, 10),
(32, 24, 119, 10),
(32, 24, 146, 10),
(32, 25, 3, 10),
(32, 25, 9, 10),
(32, 25, 18, 10),
(32, 25, 30, 10),
(32, 25, 50, 10),
(32, 28, 9, 10),
(32, 28, 10, 10),
(32, 28, 30, 10),
(32, 28, 31, 10),
(32, 28, 69, 10),
(32, 30, 2, 10),
(32, 30, 19, 10),
(32, 30, 56, 10),
(32, 30, 145, 10),
(32, 36, 2, 10),
(32, 36, 9, 10),
(32, 36, 18, 10),
(32, 36, 36, 10),
(32, 36, 68, 10),
(32, 39, 9, 10),
(32, 39, 63, 10),
(32, 39, 69, 10),
(32, 45, 7, 10),
(32, 45, 8, 10),
(32, 45, 21, 10),
(32, 45, 23, 10),
(32, 45, 24, 10),
(32, 50, 16, 0),
(32, 50, 43, 10),
(32, 50, 46, 10),
(32, 50, 91, 10),
(32, 50, 92, 10),
(32, 52, 14, 10),
(32, 52, 43, 10),
(32, 52, 45, 10),
(32, 52, 46, 10),
(32, 52, 47, 10),
(32, 55, 13, 10),
(32, 55, 46, 10),
(32, 55, 47, 10),
(32, 55, 88, 10),
(32, 55, 106, 10),
(32, 56, 8, 10),
(32, 56, 17, 10),
(32, 56, 91, 10),
(32, 56, 94, 10),
(32, 56, 108, 10),
(32, 59, 31, 10),
(32, 59, 32, 10),
(32, 59, 42, 10),
(32, 59, 63, 10),
(32, 59, 69, 10),
(32, 60, 68, 10),
(32, 61, 8, 10),
(32, 61, 23, 10),
(32, 61, 94, 10),
(32, 61, 110, 10),
(32, 70, 14, 10),
(32, 70, 15, 10),
(32, 70, 16, 10),
(32, 70, 43, 10),
(32, 70, 47, 10),
(32, 73, 14, 10),
(32, 73, 17, 10),
(32, 73, 89, 10),
(32, 73, 161, 10),
(32, 73, 162, 10),
(32, 77, 40, 10),
(32, 77, 55, 10),
(32, 77, 63, 10),
(32, 77, 64, 10),
(32, 77, 163, 10),
(32, 85, 55, 10),
(32, 85, 62, 10),
(32, 85, 68, 10),
(32, 87, 40, 10),
(32, 87, 41, 10),
(32, 87, 42, 10),
(32, 87, 64, 10),
(32, 87, 95, 10),
(32, 90, 17, 10),
(32, 90, 38, 10),
(32, 90, 47, 10),
(32, 90, 106, 10),
(32, 92, 42, 10),
(32, 92, 54, 10),
(32, 92, 64, 10),
(32, 92, 73, 10),
(32, 92, 158, 10),
(33, 7, 10, 10),
(33, 7, 18, 10),
(33, 7, 31, 10),
(33, 7, 103, 10),
(33, 7, 146, 10),
(33, 8, 7, 10),
(33, 8, 21, 10),
(33, 8, 23, 10),
(33, 8, 26, 10),
(33, 8, 108, 10),
(33, 9, 8, 10),
(33, 9, 24, 10),
(33, 9, 108, 10),
(33, 11, 7, 10),
(33, 11, 21, 10),
(33, 11, 24, 10),
(33, 11, 27, 10),
(33, 14, 3, 10),
(33, 14, 30, 10),
(33, 14, 35, 10),
(33, 15, 15, 10),
(33, 15, 17, 10),
(33, 15, 44, 10),
(33, 15, 45, 10),
(33, 18, 5, 10),
(33, 18, 6, 10),
(33, 18, 7, 10),
(33, 18, 21, 10),
(33, 18, 110, 10),
(33, 24, 3, 10),
(33, 24, 9, 10),
(33, 24, 35, 10),
(33, 24, 119, 10),
(33, 24, 146, 10),
(33, 28, 9, 10),
(33, 28, 10, 10),
(33, 28, 30, 10),
(33, 28, 31, 10),
(33, 28, 69, 10),
(33, 35, 2, 10),
(33, 35, 34, 10),
(33, 35, 36, 10),
(33, 35, 50, 10),
(33, 35, 126, 10),
(33, 41, 13, 10),
(33, 41, 14, 10),
(33, 41, 17, 10),
(33, 41, 162, 10),
(33, 59, 31, 10),
(33, 59, 32, 10),
(33, 59, 42, 10),
(33, 59, 63, 10),
(33, 59, 69, 10),
(33, 70, 14, 10),
(33, 70, 15, 10),
(33, 70, 16, 10),
(33, 70, 43, 10),
(33, 70, 47, 10),
(33, 75, 9, 10),
(33, 75, 10, 10),
(33, 75, 11, 10),
(33, 75, 118, 10),
(33, 87, 40, 10),
(33, 87, 41, 10),
(33, 87, 42, 10),
(33, 87, 64, 10),
(33, 87, 95, 10),
(33, 90, 17, 10),
(33, 90, 38, 10),
(33, 90, 47, 10),
(33, 90, 106, 10),
(34, 1, 18, 10),
(34, 1, 21, 10),
(34, 1, 27, 10),
(34, 1, 38, 10),
(34, 3, 35, 10),
(34, 3, 50, 10),
(34, 3, 51, 10),
(34, 3, 68, 10),
(34, 3, 178, 10),
(34, 5, 9, 10),
(34, 5, 10, 10),
(34, 5, 12, 10),
(34, 5, 36, 10),
(34, 5, 118, 10),
(34, 10, 6, 10),
(34, 10, 16, 10),
(34, 10, 21, 10),
(34, 10, 26, 10),
(34, 10, 122, 10),
(34, 13, 7, 10),
(34, 13, 21, 10),
(34, 13, 24, 10),
(34, 13, 27, 10),
(34, 13, 28, 10),
(34, 16, 43, 10),
(34, 16, 45, 10),
(34, 16, 47, 10),
(34, 16, 140, 10),
(34, 19, 9, 10),
(34, 19, 10, 10),
(34, 19, 19, 10),
(34, 19, 36, 10),
(34, 19, 68, 10),
(34, 25, 3, 10),
(34, 25, 9, 10),
(34, 25, 18, 10),
(34, 25, 30, 10),
(34, 25, 50, 10),
(34, 30, 2, 10),
(34, 30, 19, 10),
(34, 30, 56, 10),
(34, 30, 145, 10),
(34, 39, 9, 10),
(34, 39, 63, 10),
(34, 39, 69, 10),
(34, 50, 16, 0),
(34, 50, 43, 10),
(34, 50, 46, 10),
(34, 50, 91, 10),
(34, 50, 92, 10),
(34, 52, 14, 10),
(34, 52, 43, 10),
(34, 52, 45, 10),
(34, 52, 46, 10),
(34, 52, 47, 10),
(34, 56, 8, 10),
(34, 56, 17, 10),
(34, 56, 91, 10),
(34, 56, 94, 10),
(34, 56, 108, 10),
(34, 60, 68, 10),
(34, 62, 163, 10),
(34, 62, 165, 10),
(34, 62, 166, 10),
(34, 92, 42, 10),
(34, 92, 54, 10),
(34, 92, 73, 10),
(34, 92, 158, 10),
(35, 1, 18, 10),
(35, 1, 21, 10),
(35, 1, 27, 10),
(35, 1, 38, 10),
(35, 3, 35, 10),
(35, 3, 50, 10),
(35, 3, 51, 10),
(35, 3, 68, 10),
(35, 3, 178, 10),
(35, 5, 9, 10),
(35, 5, 10, 10),
(35, 5, 12, 10),
(35, 5, 36, 10),
(35, 5, 118, 10),
(35, 7, 10, 10),
(35, 7, 18, 10),
(35, 7, 31, 10),
(35, 7, 103, 10),
(35, 7, 146, 10),
(35, 8, 7, 10),
(35, 8, 21, 10),
(35, 8, 23, 10),
(35, 8, 26, 10),
(35, 8, 108, 10),
(35, 9, 8, 10),
(35, 9, 24, 10),
(35, 9, 108, 10),
(35, 10, 6, 10),
(35, 10, 16, 10),
(35, 10, 21, 10),
(35, 10, 26, 10),
(35, 10, 122, 10),
(35, 11, 7, 10),
(35, 11, 21, 10),
(35, 11, 24, 10),
(35, 11, 27, 10),
(35, 12, 9, 10),
(35, 12, 20, 10),
(35, 12, 30, 10),
(35, 12, 35, 10),
(35, 12, 84, 10),
(35, 13, 7, 10),
(35, 13, 21, 10),
(35, 13, 24, 10),
(35, 13, 27, 10),
(35, 13, 28, 10),
(35, 14, 3, 10),
(35, 14, 30, 10),
(35, 14, 35, 10),
(35, 15, 15, 10),
(35, 15, 17, 10),
(35, 15, 44, 10),
(35, 15, 45, 10),
(35, 16, 43, 10),
(35, 16, 45, 10),
(35, 16, 47, 10),
(35, 16, 140, 10),
(35, 20, 9, 10),
(35, 20, 11, 10),
(35, 20, 19, 10),
(35, 20, 20, 10),
(35, 20, 50, 10),
(35, 23, 9, 10),
(35, 23, 10, 10),
(35, 23, 19, 10),
(35, 23, 36, 10),
(35, 23, 53, 10),
(35, 24, 3, 10),
(35, 24, 9, 10),
(35, 24, 35, 10),
(35, 24, 119, 10),
(35, 24, 146, 10),
(35, 25, 3, 10),
(35, 25, 9, 10),
(35, 25, 18, 10),
(35, 25, 30, 10),
(35, 25, 50, 10),
(35, 27, 18, 10),
(35, 27, 34, 10),
(35, 27, 37, 10),
(35, 28, 9, 10),
(35, 28, 10, 10),
(35, 28, 30, 10),
(35, 28, 31, 10),
(35, 28, 69, 10),
(35, 30, 2, 10),
(35, 30, 19, 10),
(35, 30, 56, 10),
(35, 30, 145, 10),
(35, 35, 2, 10),
(35, 35, 34, 10),
(35, 35, 36, 10),
(35, 35, 50, 10),
(35, 35, 126, 10),
(35, 36, 2, 10),
(35, 36, 9, 10),
(35, 36, 18, 10),
(35, 36, 36, 10),
(35, 36, 68, 10),
(35, 39, 9, 10),
(35, 39, 63, 10),
(35, 39, 69, 10),
(35, 45, 7, 10),
(35, 45, 8, 10),
(35, 45, 21, 10),
(35, 45, 23, 10),
(35, 45, 24, 10),
(35, 50, 16, 0),
(35, 50, 43, 10),
(35, 50, 46, 10),
(35, 50, 91, 10),
(35, 50, 92, 10),
(35, 52, 14, 10),
(35, 52, 43, 10),
(35, 52, 45, 10),
(35, 52, 46, 10),
(35, 52, 47, 10),
(35, 53, 14, 10),
(35, 53, 16, 10),
(35, 53, 43, 10),
(35, 53, 46, 10),
(35, 53, 106, 10),
(35, 55, 13, 10),
(35, 55, 46, 10),
(35, 55, 47, 10),
(35, 55, 88, 10),
(35, 55, 106, 10),
(35, 56, 17, 10),
(35, 56, 91, 10),
(35, 56, 94, 10),
(35, 56, 108, 10),
(35, 60, 68, 10),
(35, 70, 14, 10),
(35, 70, 15, 10),
(35, 70, 16, 10),
(35, 70, 43, 10),
(35, 70, 47, 10),
(35, 73, 14, 10),
(35, 73, 17, 10),
(35, 73, 89, 10),
(35, 73, 162, 10),
(35, 75, 9, 10),
(35, 75, 10, 10),
(35, 75, 11, 10),
(35, 90, 17, 10),
(35, 90, 47, 10),
(35, 90, 91, 10),
(35, 90, 106, 10),
(36, 1, 18, 10),
(36, 1, 21, 10),
(36, 1, 38, 10),
(36, 3, 35, 10),
(36, 3, 50, 10),
(36, 3, 51, 10),
(36, 3, 68, 10),
(36, 3, 178, 10),
(36, 5, 9, 10),
(36, 5, 10, 10),
(36, 5, 12, 10),
(36, 5, 36, 10),
(36, 5, 118, 10),
(36, 7, 10, 10),
(36, 7, 31, 10),
(36, 7, 103, 10),
(36, 7, 146, 10),
(36, 8, 7, 10),
(36, 8, 21, 10),
(36, 8, 23, 10),
(36, 8, 26, 10),
(36, 8, 108, 10),
(36, 9, 8, 10),
(36, 9, 24, 10),
(36, 9, 108, 10),
(36, 10, 6, 10),
(36, 10, 16, 10),
(36, 10, 21, 10),
(36, 10, 26, 10),
(36, 10, 122, 10),
(36, 11, 7, 10),
(36, 11, 21, 10),
(36, 11, 24, 10),
(36, 12, 9, 10),
(36, 12, 30, 10),
(36, 12, 35, 10),
(36, 12, 84, 10),
(36, 13, 7, 10),
(36, 13, 21, 10),
(36, 13, 24, 10),
(36, 13, 27, 10),
(36, 13, 28, 10),
(36, 14, 3, 10),
(36, 14, 30, 10),
(36, 14, 35, 10),
(36, 15, 15, 10),
(36, 15, 17, 10),
(36, 15, 44, 10),
(36, 15, 45, 10),
(36, 16, 43, 10),
(36, 16, 45, 10),
(36, 16, 47, 10),
(36, 16, 140, 10),
(36, 19, 9, 10),
(36, 19, 10, 10),
(36, 19, 19, 10),
(36, 19, 36, 10),
(36, 19, 68, 10),
(36, 23, 9, 10),
(36, 23, 10, 10),
(36, 23, 19, 10),
(36, 23, 36, 10),
(36, 24, 3, 10),
(36, 24, 9, 10),
(36, 24, 35, 10),
(36, 24, 119, 10),
(36, 24, 146, 10),
(36, 25, 3, 10),
(36, 25, 9, 10),
(36, 25, 18, 10),
(36, 25, 30, 10),
(36, 25, 50, 10),
(36, 27, 18, 10),
(36, 27, 34, 10),
(36, 28, 9, 10),
(36, 28, 10, 10),
(36, 28, 30, 10),
(36, 28, 31, 10),
(36, 28, 69, 10),
(36, 30, 2, 10),
(36, 30, 19, 10),
(36, 30, 56, 10),
(36, 30, 145, 10),
(36, 35, 2, 10),
(36, 35, 34, 10),
(36, 35, 36, 10),
(36, 35, 50, 10),
(36, 36, 2, 10),
(36, 36, 9, 10),
(36, 36, 18, 10),
(36, 36, 36, 10),
(36, 36, 68, 10),
(36, 39, 9, 10),
(36, 39, 63, 10),
(36, 39, 69, 10),
(36, 45, 7, 10),
(36, 45, 8, 10),
(36, 45, 21, 10),
(36, 45, 23, 10),
(36, 45, 24, 10),
(36, 50, 16, 0),
(36, 50, 43, 10),
(36, 50, 46, 10),
(36, 50, 91, 10),
(36, 50, 92, 10),
(36, 52, 14, 10),
(36, 52, 43, 10),
(36, 52, 45, 10),
(36, 52, 46, 10),
(36, 52, 47, 10),
(36, 53, 14, 10),
(36, 53, 16, 10),
(36, 53, 43, 10),
(36, 53, 46, 10),
(36, 53, 106, 10),
(36, 55, 13, 10),
(36, 55, 46, 10),
(36, 55, 47, 10),
(36, 55, 88, 10),
(36, 55, 106, 10),
(36, 56, 17, 10),
(36, 56, 91, 10),
(36, 56, 94, 10),
(36, 56, 108, 10),
(36, 60, 68, 10),
(36, 70, 14, 10),
(36, 70, 15, 10),
(36, 70, 16, 10),
(36, 70, 43, 10),
(36, 70, 47, 10),
(36, 73, 14, 10),
(36, 73, 17, 10),
(36, 73, 162, 10),
(36, 75, 9, 10),
(36, 75, 10, 10),
(36, 75, 11, 10),
(36, 90, 17, 10),
(36, 90, 47, 10),
(36, 90, 91, 10),
(36, 90, 106, 10),
(37, 7, 10, 10),
(37, 7, 20, 10),
(37, 7, 31, 10),
(37, 7, 103, 10),
(37, 7, 146, 10),
(37, 8, 7, 10),
(37, 8, 21, 10),
(37, 8, 23, 10),
(37, 8, 26, 10),
(37, 8, 108, 10),
(37, 11, 7, 10),
(37, 11, 21, 10),
(37, 11, 24, 10),
(37, 12, 9, 10),
(37, 12, 30, 10),
(37, 12, 35, 10),
(37, 12, 84, 10),
(37, 14, 3, 10),
(37, 14, 30, 10),
(37, 14, 35, 10),
(37, 15, 15, 10),
(37, 15, 17, 10),
(37, 15, 44, 10),
(37, 15, 45, 10),
(37, 15, 106, 10),
(37, 19, 9, 10),
(37, 19, 10, 10),
(37, 19, 19, 10),
(37, 19, 36, 10),
(37, 19, 68, 10),
(37, 23, 9, 10),
(37, 23, 10, 10),
(37, 23, 19, 10),
(37, 23, 36, 10),
(37, 24, 3, 10),
(37, 24, 9, 10),
(37, 24, 35, 10),
(37, 24, 119, 10),
(37, 24, 146, 10),
(37, 28, 9, 10),
(37, 28, 10, 10),
(37, 28, 30, 10),
(37, 28, 31, 10),
(37, 28, 69, 10),
(37, 30, 2, 10),
(37, 30, 19, 10),
(37, 30, 56, 10),
(37, 30, 145, 10),
(37, 35, 2, 10),
(37, 35, 34, 10),
(37, 35, 36, 10),
(37, 35, 50, 10),
(37, 35, 84, 10),
(37, 52, 14, 10),
(37, 52, 43, 10),
(37, 52, 45, 10),
(37, 52, 46, 10),
(37, 52, 47, 10),
(37, 56, 17, 10),
(37, 56, 91, 10),
(37, 56, 94, 10),
(37, 56, 108, 10),
(37, 70, 15, 10),
(37, 70, 16, 10),
(37, 70, 43, 10),
(37, 70, 46, 10),
(37, 70, 47, 10),
(37, 85, 55, 10),
(37, 85, 62, 10),
(37, 85, 68, 10),
(37, 87, 40, 10),
(37, 87, 41, 10),
(37, 87, 42, 10),
(37, 87, 64, 10),
(37, 87, 95, 10),
(38, 3, 35, 10),
(38, 3, 50, 10),
(38, 3, 51, 10),
(38, 3, 68, 10),
(38, 3, 178, 10),
(38, 5, 9, 10),
(38, 5, 10, 10),
(38, 5, 12, 10),
(38, 5, 36, 10),
(38, 5, 118, 10),
(38, 9, 8, 10),
(38, 9, 24, 10),
(38, 9, 108, 10),
(38, 13, 7, 10),
(38, 13, 21, 10),
(38, 13, 24, 10),
(38, 13, 27, 10),
(38, 13, 28, 10),
(38, 16, 43, 10),
(38, 16, 45, 10),
(38, 16, 47, 10),
(38, 16, 140, 10),
(38, 17, 9, 10),
(38, 17, 36, 10),
(38, 17, 54, 10),
(38, 17, 64, 10),
(38, 17, 95, 10),
(38, 25, 3, 10),
(38, 25, 9, 10),
(38, 25, 18, 10),
(38, 25, 30, 10),
(38, 25, 50, 10),
(38, 36, 2, 10),
(38, 36, 9, 10),
(38, 36, 18, 10),
(38, 36, 36, 10),
(38, 39, 9, 10),
(38, 39, 63, 10),
(38, 39, 69, 10),
(38, 45, 7, 10),
(38, 45, 8, 10),
(38, 45, 21, 10),
(38, 45, 23, 10),
(38, 45, 24, 10),
(38, 50, 43, 10),
(38, 50, 46, 10),
(38, 50, 91, 10),
(38, 50, 92, 10),
(38, 53, 14, 10),
(38, 53, 16, 10),
(38, 53, 43, 10),
(38, 53, 46, 10),
(38, 53, 106, 10),
(38, 59, 31, 10),
(38, 59, 32, 10),
(38, 59, 42, 10),
(38, 59, 63, 10),
(38, 59, 69, 10),
(38, 60, 68, 10),
(38, 75, 9, 10),
(38, 75, 10, 10),
(38, 75, 11, 10),
(38, 90, 17, 10),
(38, 90, 47, 10),
(38, 90, 91, 10),
(38, 90, 106, 10),
(38, 92, 42, 10),
(38, 92, 54, 10),
(38, 92, 71, 10),
(38, 92, 73, 10),
(38, 92, 158, 10),
(40, 1, 18, 10),
(40, 1, 21, 10),
(40, 1, 38, 10),
(40, 7, 10, 10),
(40, 7, 20, 10),
(40, 7, 31, 10),
(40, 7, 103, 10),
(40, 7, 146, 10),
(40, 8, 7, 10),
(40, 8, 21, 10),
(40, 8, 23, 10),
(40, 8, 26, 10),
(40, 8, 108, 10),
(40, 9, 8, 10),
(40, 9, 24, 10),
(40, 9, 108, 10),
(40, 12, 9, 10),
(40, 12, 30, 10),
(40, 12, 35, 10),
(40, 12, 84, 10),
(40, 13, 7, 10),
(40, 13, 21, 10),
(40, 13, 24, 10),
(40, 13, 27, 10),
(40, 13, 28, 10),
(40, 17, 9, 10),
(40, 17, 36, 10),
(40, 17, 54, 10),
(40, 17, 64, 10),
(40, 17, 95, 10),
(40, 23, 9, 10),
(40, 23, 10, 10),
(40, 23, 19, 10),
(40, 23, 36, 10),
(40, 25, 3, 10),
(40, 25, 9, 10),
(40, 25, 18, 10),
(40, 25, 30, 10),
(40, 25, 50, 10),
(40, 41, 13, 10),
(40, 41, 14, 10),
(40, 41, 17, 10),
(40, 41, 162, 10),
(40, 45, 7, 10),
(40, 45, 8, 10),
(40, 45, 21, 10),
(40, 45, 23, 10),
(40, 45, 24, 10),
(40, 52, 14, 10),
(40, 52, 43, 10),
(40, 52, 45, 10),
(40, 52, 46, 10),
(40, 52, 47, 10),
(40, 53, 14, 10),
(40, 53, 16, 10),
(40, 53, 43, 10),
(40, 53, 46, 10),
(40, 53, 106, 10),
(40, 56, 17, 10),
(40, 56, 91, 10),
(40, 56, 94, 10),
(40, 56, 108, 10),
(40, 59, 31, 10),
(40, 59, 32, 10),
(40, 59, 42, 10),
(40, 59, 63, 10),
(40, 59, 69, 10),
(40, 60, 68, 10),
(40, 70, 15, 10),
(40, 70, 16, 10),
(40, 70, 43, 10),
(40, 70, 46, 10),
(40, 70, 47, 10),
(40, 73, 14, 10),
(40, 73, 17, 10),
(40, 73, 162, 10),
(40, 85, 55, 10),
(40, 85, 62, 10),
(40, 85, 68, 10),
(41, 1, 18, 10),
(41, 1, 21, 10),
(41, 1, 38, 10),
(41, 3, 35, 10),
(41, 3, 50, 10),
(41, 3, 51, 10),
(41, 3, 68, 10),
(41, 3, 178, 10),
(41, 5, 9, 10),
(41, 5, 10, 10),
(41, 5, 12, 10),
(41, 5, 36, 10),
(41, 5, 118, 10),
(41, 7, 10, 10),
(41, 7, 20, 10),
(41, 7, 31, 10),
(41, 7, 103, 10),
(41, 7, 146, 10),
(41, 8, 7, 10),
(41, 8, 21, 10),
(41, 8, 23, 10),
(41, 8, 26, 10),
(41, 8, 108, 10),
(41, 12, 9, 10),
(41, 12, 30, 10),
(41, 12, 35, 10),
(41, 12, 84, 10),
(41, 16, 43, 10),
(41, 16, 45, 10),
(41, 16, 47, 10),
(41, 17, 9, 10),
(41, 17, 36, 10),
(41, 17, 54, 10),
(41, 17, 64, 10),
(41, 17, 95, 10),
(41, 30, 2, 10),
(41, 30, 19, 10),
(41, 30, 56, 10),
(41, 30, 145, 10),
(41, 45, 7, 10),
(41, 45, 8, 10),
(41, 45, 21, 10),
(41, 45, 23, 10),
(41, 45, 24, 10),
(41, 56, 17, 10),
(41, 56, 91, 10),
(41, 56, 94, 10),
(41, 56, 108, 10),
(41, 59, 31, 10),
(41, 59, 32, 10),
(41, 59, 42, 10),
(41, 59, 63, 10),
(41, 59, 69, 10),
(41, 60, 68, 10),
(41, 73, 14, 10),
(41, 73, 17, 10),
(41, 73, 162, 10),
(41, 85, 55, 10),
(41, 85, 62, 10),
(41, 85, 68, 10),
(42, 9, 8, 10),
(42, 9, 24, 10),
(42, 9, 108, 10),
(42, 11, 7, 10),
(42, 11, 21, 10),
(42, 11, 24, 10),
(42, 11, 28, 10),
(42, 11, 29, 10),
(42, 14, 3, 10),
(42, 14, 30, 10),
(42, 14, 35, 10),
(42, 15, 15, 10),
(42, 15, 17, 10),
(42, 15, 44, 10),
(42, 15, 45, 10),
(42, 15, 106, 10),
(42, 18, 5, 10),
(42, 18, 6, 10),
(42, 18, 7, 10),
(42, 18, 21, 10),
(42, 18, 110, 10),
(42, 19, 9, 10),
(42, 19, 10, 10),
(42, 19, 19, 10),
(42, 19, 36, 10),
(42, 19, 68, 10),
(42, 20, 9, 10),
(42, 20, 11, 10),
(42, 20, 19, 10),
(42, 20, 20, 10),
(42, 20, 50, 10),
(42, 24, 3, 10),
(42, 24, 9, 10),
(42, 24, 35, 10),
(42, 24, 119, 10),
(42, 24, 146, 10),
(42, 28, 9, 10),
(42, 28, 10, 10),
(42, 28, 30, 10),
(42, 28, 31, 10),
(42, 28, 69, 10),
(42, 35, 2, 10),
(42, 35, 34, 10),
(42, 35, 36, 10),
(42, 35, 50, 10),
(42, 35, 84, 10),
(42, 41, 13, 10),
(42, 41, 14, 10),
(42, 41, 17, 10),
(42, 41, 162, 10),
(42, 52, 14, 10),
(42, 52, 43, 10),
(42, 52, 45, 10),
(42, 52, 46, 10),
(42, 52, 47, 10),
(42, 70, 15, 10),
(42, 70, 16, 10),
(42, 70, 43, 10),
(42, 70, 46, 10),
(42, 70, 47, 10),
(42, 78, 42, 10),
(42, 78, 95, 10),
(42, 92, 42, 10),
(42, 92, 54, 10),
(42, 92, 71, 10),
(42, 92, 73, 10),
(42, 92, 158, 10),
(43, 5, 9, 10),
(43, 5, 10, 10),
(43, 5, 12, 10),
(43, 5, 36, 10),
(43, 5, 118, 10),
(43, 7, 10, 10),
(43, 7, 20, 10),
(43, 7, 31, 10),
(43, 7, 103, 10),
(43, 7, 146, 10),
(43, 8, 7, 10),
(43, 8, 21, 10),
(43, 8, 23, 10),
(43, 8, 26, 10),
(43, 8, 108, 10),
(43, 10, 6, 10),
(43, 10, 16, 10),
(43, 10, 21, 10),
(43, 10, 26, 10),
(43, 10, 122, 10),
(43, 12, 9, 10),
(43, 12, 30, 10),
(43, 12, 35, 10),
(43, 12, 84, 10),
(43, 16, 43, 10),
(43, 16, 45, 10),
(43, 16, 47, 10),
(43, 18, 5, 10),
(43, 18, 6, 10),
(43, 18, 7, 10),
(43, 18, 21, 10),
(43, 18, 110, 10),
(43, 25, 3, 10),
(43, 25, 9, 10),
(43, 25, 18, 10),
(43, 25, 30, 10),
(43, 25, 50, 10),
(43, 39, 9, 10),
(43, 39, 63, 10),
(43, 39, 69, 10),
(43, 56, 17, 10),
(43, 56, 91, 10),
(43, 56, 94, 10),
(43, 56, 108, 10),
(43, 60, 68, 10),
(43, 73, 14, 10),
(43, 73, 17, 10),
(43, 73, 162, 10),
(43, 87, 40, 10),
(43, 87, 41, 10),
(43, 87, 42, 10),
(43, 87, 64, 10),
(43, 87, 95, 10),
(43, 89, 32, 10),
(43, 89, 35, 10),
(43, 89, 36, 10),
(43, 89, 69, 10),
(43, 89, 165, 10),
(44, 7, 10, 10),
(44, 7, 20, 10),
(44, 7, 31, 10),
(44, 7, 103, 10),
(44, 7, 146, 10),
(44, 9, 8, 10),
(44, 9, 24, 10),
(44, 12, 9, 10),
(44, 12, 30, 10),
(44, 12, 35, 10),
(44, 12, 84, 10),
(44, 16, 43, 10),
(44, 16, 45, 10),
(44, 16, 47, 10),
(44, 18, 5, 10),
(44, 18, 6, 10),
(44, 18, 7, 10),
(44, 18, 21, 10),
(44, 18, 110, 10),
(44, 23, 9, 10),
(44, 23, 10, 10),
(44, 23, 19, 10),
(44, 23, 36, 10),
(44, 25, 3, 10),
(44, 25, 9, 10),
(44, 25, 18, 10),
(44, 25, 30, 10),
(44, 25, 50, 10),
(44, 30, 19, 10),
(44, 30, 56, 10),
(44, 30, 145, 10),
(44, 35, 2, 10),
(44, 35, 34, 10),
(44, 35, 36, 10),
(44, 35, 50, 10),
(44, 35, 84, 10),
(44, 36, 2, 10),
(44, 36, 9, 10),
(44, 36, 18, 10),
(44, 36, 36, 10),
(44, 39, 9, 10),
(44, 39, 63, 10),
(44, 39, 69, 10),
(44, 56, 17, 10),
(44, 56, 91, 10),
(44, 56, 94, 10),
(44, 56, 108, 10),
(44, 73, 14, 10),
(44, 73, 17, 10),
(44, 73, 162, 10),
(44, 89, 32, 10),
(44, 89, 35, 10),
(44, 89, 36, 10),
(44, 89, 69, 10),
(44, 89, 165, 10),
(45, 1, 18, 10),
(45, 1, 21, 10),
(45, 1, 38, 10),
(45, 3, 35, 10),
(45, 3, 50, 10),
(45, 3, 51, 10),
(45, 3, 68, 10),
(45, 3, 178, 10),
(45, 5, 9, 10),
(45, 5, 10, 10),
(45, 5, 12, 10),
(45, 5, 36, 10),
(45, 5, 118, 10),
(45, 7, 10, 10),
(45, 7, 20, 10),
(45, 7, 31, 10),
(45, 7, 103, 10),
(45, 7, 146, 10),
(45, 8, 7, 10),
(45, 8, 21, 10),
(45, 8, 23, 10),
(45, 8, 26, 10),
(45, 8, 108, 10),
(45, 9, 8, 10),
(45, 9, 24, 10),
(45, 10, 6, 10),
(45, 10, 16, 10),
(45, 10, 21, 10),
(45, 10, 26, 10),
(45, 10, 122, 10),
(45, 11, 7, 10),
(45, 11, 21, 10),
(45, 11, 24, 10),
(45, 11, 28, 10),
(45, 11, 29, 10),
(45, 12, 9, 10),
(45, 12, 30, 10),
(45, 12, 35, 10),
(45, 12, 84, 10),
(45, 13, 7, 10),
(45, 13, 21, 10),
(45, 13, 24, 10),
(45, 13, 27, 10),
(45, 13, 28, 10),
(45, 14, 3, 10),
(45, 14, 30, 10),
(45, 14, 35, 10),
(45, 15, 15, 10),
(45, 15, 17, 10),
(45, 15, 44, 10),
(45, 15, 45, 10),
(45, 15, 106, 10),
(45, 16, 43, 10),
(45, 16, 45, 10),
(45, 16, 47, 10),
(45, 17, 9, 10),
(45, 17, 36, 10),
(45, 17, 54, 10),
(45, 17, 64, 10),
(45, 17, 95, 10),
(45, 18, 5, 10),
(45, 18, 6, 10),
(45, 18, 7, 10),
(45, 18, 21, 10),
(45, 18, 110, 10),
(45, 19, 9, 10),
(45, 19, 10, 10),
(45, 19, 19, 10),
(45, 19, 36, 10),
(45, 19, 68, 10),
(45, 20, 9, 10),
(45, 20, 11, 10),
(45, 20, 19, 10),
(45, 20, 20, 10),
(45, 20, 50, 10),
(45, 23, 9, 10),
(45, 23, 10, 10),
(45, 23, 19, 10),
(45, 23, 36, 10),
(45, 24, 3, 10),
(45, 24, 9, 10),
(45, 24, 35, 10),
(45, 24, 119, 10),
(45, 24, 146, 10),
(45, 25, 3, 10),
(45, 25, 9, 10),
(45, 25, 18, 10),
(45, 25, 30, 10),
(45, 25, 50, 10),
(45, 27, 18, 10),
(45, 27, 34, 10),
(45, 28, 9, 10),
(45, 28, 10, 10),
(45, 28, 30, 10),
(45, 28, 31, 10),
(45, 28, 69, 10),
(45, 30, 19, 10),
(45, 30, 56, 10),
(45, 30, 145, 10),
(45, 35, 2, 10),
(45, 35, 34, 10),
(45, 35, 36, 10),
(45, 35, 50, 10),
(45, 35, 84, 10),
(45, 36, 2, 10),
(45, 36, 9, 10),
(45, 36, 18, 10),
(45, 36, 36, 10),
(45, 39, 9, 10),
(45, 39, 63, 10),
(45, 39, 69, 10),
(45, 45, 7, 10),
(45, 45, 8, 10),
(45, 45, 21, 10),
(45, 45, 23, 10),
(45, 45, 24, 10),
(45, 50, 43, 10),
(45, 50, 46, 10),
(45, 50, 91, 10),
(45, 50, 92, 10),
(45, 52, 14, 10),
(45, 52, 43, 10),
(45, 52, 45, 10),
(45, 52, 46, 10),
(45, 52, 47, 10),
(45, 53, 14, 10),
(45, 53, 16, 10),
(45, 53, 43, 10),
(45, 53, 46, 10),
(45, 53, 106, 10),
(45, 55, 13, 10),
(45, 55, 46, 10),
(45, 55, 47, 10),
(45, 55, 88, 10),
(45, 55, 106, 10),
(45, 56, 17, 10),
(45, 56, 91, 10),
(45, 56, 94, 10),
(45, 56, 108, 10),
(45, 60, 68, 10),
(45, 70, 15, 10),
(45, 70, 16, 10),
(45, 70, 43, 10),
(45, 70, 46, 10),
(45, 70, 47, 10),
(45, 75, 9, 10),
(45, 75, 10, 10),
(45, 75, 11, 10),
(45, 90, 17, 10),
(45, 90, 47, 10),
(45, 90, 91, 10),
(45, 90, 106, 10),
(46, 1, 18, 10),
(46, 1, 21, 10),
(46, 1, 38, 10),
(46, 3, 35, 10),
(46, 3, 50, 10),
(46, 3, 51, 10),
(46, 3, 68, 10),
(46, 3, 178, 10),
(46, 11, 7, 10),
(46, 11, 21, 10),
(46, 11, 24, 10),
(46, 11, 28, 10),
(46, 11, 29, 10),
(46, 14, 3, 10),
(46, 14, 30, 10),
(46, 14, 35, 10),
(46, 19, 9, 10),
(46, 19, 10, 10),
(46, 19, 19, 10),
(46, 19, 36, 10),
(46, 19, 68, 10),
(46, 23, 9, 10),
(46, 23, 10, 10),
(46, 23, 19, 10),
(46, 23, 36, 10),
(46, 24, 3, 10),
(46, 24, 9, 10),
(46, 24, 35, 10),
(46, 24, 119, 10),
(46, 24, 146, 10),
(46, 28, 9, 10),
(46, 28, 10, 10),
(46, 28, 30, 10),
(46, 28, 31, 10),
(46, 28, 69, 10),
(46, 29, 5, 10),
(46, 29, 45, 10),
(46, 29, 46, 10),
(46, 41, 13, 10),
(46, 41, 14, 10),
(46, 41, 17, 10),
(46, 41, 162, 10),
(46, 45, 7, 10),
(46, 45, 8, 10),
(46, 45, 21, 10),
(46, 45, 23, 10),
(46, 45, 24, 10),
(46, 68, 108, 10),
(46, 68, 109, 10),
(46, 68, 110, 10),
(46, 68, 142, 10),
(46, 70, 15, 10),
(46, 70, 16, 10),
(46, 70, 43, 10),
(46, 70, 46, 10),
(46, 70, 47, 10),
(46, 92, 42, 10),
(46, 92, 54, 10),
(46, 92, 71, 10),
(46, 92, 73, 10),
(46, 92, 158, 10),
(47, 5, 9, 10),
(47, 5, 10, 10),
(47, 5, 12, 10),
(47, 5, 36, 10),
(47, 5, 118, 10),
(47, 7, 10, 10),
(47, 7, 20, 10),
(47, 7, 31, 10),
(47, 7, 103, 10),
(47, 7, 146, 10),
(47, 8, 7, 10),
(47, 8, 21, 10),
(47, 8, 23, 10),
(47, 8, 26, 10),
(47, 8, 108, 10),
(47, 10, 6, 10),
(47, 10, 16, 10),
(47, 10, 21, 10),
(47, 10, 26, 10),
(47, 10, 122, 10),
(47, 16, 43, 10),
(47, 16, 45, 10),
(47, 16, 47, 10),
(47, 24, 3, 10),
(47, 24, 9, 10),
(47, 24, 35, 10),
(47, 24, 119, 10),
(47, 24, 146, 10),
(47, 25, 3, 10),
(47, 25, 9, 10),
(47, 25, 18, 10),
(47, 25, 36, 10),
(47, 25, 50, 10),
(47, 39, 9, 10),
(47, 39, 63, 10),
(47, 39, 69, 10),
(47, 50, 43, 10),
(47, 50, 46, 10),
(47, 50, 91, 10),
(47, 50, 92, 10),
(47, 52, 14, 10),
(47, 52, 43, 10),
(47, 52, 45, 10),
(47, 52, 46, 10),
(47, 52, 47, 10),
(47, 56, 17, 10),
(47, 56, 91, 10),
(47, 56, 94, 10),
(47, 56, 108, 10),
(47, 68, 108, 10),
(47, 68, 110, 10),
(47, 68, 142, 10),
(47, 70, 15, 10),
(47, 70, 16, 10),
(47, 70, 43, 10),
(47, 70, 46, 10),
(47, 70, 47, 10),
(47, 89, 32, 10),
(47, 89, 35, 10),
(47, 89, 36, 10),
(47, 89, 69, 10),
(47, 89, 165, 10),
(47, 90, 17, 10),
(47, 90, 47, 10),
(47, 90, 91, 10),
(47, 90, 106, 10),
(47, 93, 10, 10),
(47, 93, 118, 10),
(47, 93, 119, 10),
(48, 1, 18, 10),
(48, 1, 21, 10),
(48, 1, 38, 10),
(48, 3, 35, 10),
(48, 3, 50, 10),
(48, 3, 51, 10),
(48, 3, 68, 10),
(48, 3, 178, 10),
(48, 8, 7, 10),
(48, 8, 21, 10),
(48, 8, 23, 10),
(48, 8, 26, 10),
(48, 8, 108, 10),
(48, 10, 6, 10),
(48, 10, 16, 10),
(48, 10, 21, 10),
(48, 10, 26, 10),
(48, 10, 122, 10),
(48, 11, 7, 10),
(48, 11, 21, 10),
(48, 11, 24, 10),
(48, 11, 28, 10),
(48, 11, 29, 10),
(48, 12, 9, 10),
(48, 12, 30, 10),
(48, 12, 35, 10),
(48, 12, 84, 10),
(48, 14, 3, 10),
(48, 14, 30, 10),
(48, 14, 35, 10),
(48, 15, 15, 10),
(48, 15, 17, 10),
(48, 15, 44, 10),
(48, 15, 45, 10),
(48, 15, 106, 10),
(48, 17, 9, 10),
(48, 17, 36, 10),
(48, 17, 54, 10),
(48, 17, 64, 10),
(48, 17, 95, 10),
(48, 18, 5, 10),
(48, 18, 6, 10),
(48, 18, 7, 10),
(48, 18, 21, 10),
(48, 18, 110, 10),
(48, 20, 9, 10),
(48, 20, 11, 10),
(48, 20, 19, 10),
(48, 20, 20, 10),
(48, 20, 50, 10),
(48, 24, 3, 10),
(48, 24, 9, 10),
(48, 24, 35, 10),
(48, 24, 119, 10),
(48, 24, 146, 10),
(48, 30, 56, 10),
(48, 30, 145, 10),
(48, 39, 9, 10),
(48, 39, 63, 10),
(48, 39, 69, 10),
(48, 45, 7, 10),
(48, 45, 8, 10),
(48, 45, 21, 10),
(48, 45, 23, 10),
(48, 45, 24, 10),
(48, 52, 14, 10),
(48, 52, 43, 10),
(48, 52, 45, 10),
(48, 52, 46, 10),
(48, 52, 47, 10),
(48, 55, 13, 10),
(48, 55, 45, 10),
(48, 55, 46, 10),
(48, 55, 47, 10),
(48, 55, 106, 10),
(48, 56, 17, 10),
(48, 56, 91, 10),
(48, 56, 94, 10),
(48, 56, 108, 10),
(48, 59, 31, 10),
(48, 59, 32, 10),
(48, 59, 42, 10),
(48, 59, 63, 10),
(48, 59, 69, 10),
(48, 60, 68, 10),
(48, 61, 8, 10),
(48, 61, 23, 10),
(48, 61, 94, 10),
(48, 61, 110, 10),
(48, 64, 8, 10),
(48, 64, 24, 10),
(48, 64, 63, 10),
(48, 68, 108, 10),
(48, 68, 110, 10),
(48, 68, 142, 10),
(48, 70, 15, 10),
(48, 70, 16, 10),
(48, 70, 43, 10),
(48, 70, 46, 10),
(48, 70, 47, 10),
(48, 73, 14, 10),
(48, 73, 17, 10),
(48, 73, 162, 10),
(48, 75, 9, 10),
(48, 75, 10, 10),
(48, 75, 11, 10),
(48, 77, 40, 10),
(48, 77, 63, 10),
(48, 77, 64, 10),
(48, 77, 163, 10),
(48, 85, 55, 10),
(48, 85, 62, 10),
(48, 85, 68, 10),
(48, 89, 32, 10),
(48, 89, 35, 10),
(48, 89, 36, 10),
(48, 89, 69, 10),
(48, 89, 165, 10),
(48, 90, 17, 10),
(48, 90, 47, 10),
(48, 90, 91, 10),
(48, 90, 106, 10),
(48, 92, 42, 10),
(48, 92, 54, 10),
(48, 92, 71, 10),
(48, 92, 73, 10),
(48, 92, 158, 10),
(48, 97, 31, 10),
(48, 97, 32, 10),
(48, 97, 55, 10),
(48, 97, 64, 10),
(48, 97, 95, 10),
(49, 11, 7, 10),
(49, 11, 21, 10),
(49, 11, 24, 10),
(49, 11, 28, 10),
(49, 11, 29, 10),
(49, 13, 7, 10),
(49, 13, 21, 10),
(49, 13, 24, 10),
(49, 13, 27, 10),
(49, 13, 28, 10),
(49, 28, 9, 10),
(49, 28, 10, 10),
(49, 28, 30, 10),
(49, 28, 31, 10),
(49, 28, 69, 10),
(50, 7, 10, 10),
(50, 7, 20, 10),
(50, 7, 31, 10),
(50, 7, 103, 10),
(50, 7, 146, 10),
(50, 8, 7, 10),
(50, 8, 21, 10),
(50, 8, 23, 10),
(50, 8, 26, 10),
(50, 8, 108, 10),
(50, 10, 6, 10),
(50, 10, 16, 10),
(50, 10, 21, 10),
(50, 10, 26, 10),
(50, 10, 122, 10),
(50, 11, 7, 10),
(50, 11, 21, 10),
(50, 11, 24, 10),
(50, 11, 28, 10),
(50, 11, 29, 10),
(50, 12, 9, 10),
(50, 12, 30, 10),
(50, 12, 35, 10),
(50, 12, 84, 10),
(50, 24, 3, 10),
(50, 24, 9, 10),
(50, 24, 20, 10),
(50, 24, 35, 10),
(50, 24, 36, 10),
(50, 25, 3, 10),
(50, 25, 9, 10),
(50, 25, 18, 10),
(50, 25, 36, 10),
(50, 25, 50, 10),
(50, 41, 13, 10),
(50, 41, 14, 10),
(50, 41, 17, 10),
(50, 41, 162, 10),
(50, 53, 14, 10),
(50, 53, 16, 10),
(50, 53, 43, 10),
(50, 53, 46, 10),
(50, 53, 106, 10),
(50, 56, 17, 10),
(50, 56, 91, 10),
(50, 56, 94, 10),
(50, 56, 108, 10),
(50, 59, 31, 10),
(50, 59, 32, 10),
(50, 59, 63, 10),
(50, 59, 69, 10),
(50, 60, 9, 10),
(50, 60, 10, 10),
(50, 60, 58, 10),
(50, 70, 15, 10),
(50, 70, 16, 10),
(50, 70, 43, 10),
(50, 70, 46, 10),
(50, 70, 47, 10),
(50, 85, 55, 10),
(50, 85, 62, 10),
(50, 85, 68, 10),
(50, 89, 32, 10),
(50, 89, 35, 10),
(50, 89, 36, 10),
(50, 89, 69, 10),
(50, 89, 165, 10),
(51, 1, 18, 10),
(51, 1, 21, 10),
(51, 1, 38, 10),
(51, 3, 35, 10),
(51, 3, 50, 10),
(51, 3, 51, 10),
(51, 3, 178, 10),
(51, 5, 9, 10),
(51, 5, 10, 10),
(51, 5, 12, 10),
(51, 5, 36, 10),
(51, 5, 118, 10),
(51, 7, 10, 10),
(51, 7, 20, 10),
(51, 7, 31, 10),
(51, 7, 103, 10),
(51, 7, 146, 10),
(51, 8, 7, 10),
(51, 8, 21, 10),
(51, 8, 23, 10),
(51, 8, 26, 10),
(51, 9, 8, 10),
(51, 9, 24, 10),
(51, 10, 6, 10),
(51, 10, 16, 10),
(51, 10, 21, 10),
(51, 10, 26, 10),
(51, 10, 122, 10),
(51, 11, 7, 10),
(51, 11, 21, 10),
(51, 11, 24, 10),
(51, 11, 28, 10),
(51, 11, 29, 10),
(51, 12, 9, 10),
(51, 12, 30, 10),
(51, 12, 35, 10),
(51, 12, 84, 10),
(51, 13, 7, 10),
(51, 13, 21, 10),
(51, 13, 24, 10),
(51, 13, 27, 10),
(51, 13, 28, 10),
(51, 14, 3, 10),
(51, 14, 30, 10),
(51, 14, 35, 10),
(51, 16, 43, 10),
(51, 16, 45, 10),
(51, 16, 47, 10),
(51, 17, 9, 10),
(51, 17, 54, 10),
(51, 17, 64, 10),
(51, 17, 95, 10),
(51, 18, 5, 10),
(51, 18, 6, 10),
(51, 18, 7, 10),
(51, 18, 21, 10),
(51, 18, 110, 10),
(51, 19, 9, 10),
(51, 19, 10, 10),
(51, 19, 19, 10),
(51, 19, 36, 10),
(51, 19, 87, 10),
(51, 20, 9, 10),
(51, 20, 11, 10),
(51, 20, 19, 10),
(51, 20, 20, 10),
(51, 20, 50, 10),
(51, 23, 9, 10),
(51, 23, 10, 10),
(51, 23, 19, 10),
(51, 23, 36, 10),
(51, 24, 3, 10),
(51, 24, 9, 10),
(51, 24, 20, 10),
(51, 24, 35, 10),
(51, 24, 36, 10),
(51, 25, 3, 10),
(51, 25, 9, 10),
(51, 25, 18, 10),
(51, 25, 36, 10),
(51, 25, 50, 10),
(51, 27, 18, 10),
(51, 27, 34, 10),
(51, 28, 9, 10),
(51, 28, 10, 10),
(51, 28, 30, 10),
(51, 28, 31, 10),
(51, 28, 69, 10),
(51, 30, 56, 10),
(51, 30, 145, 10),
(51, 36, 9, 10),
(51, 36, 18, 10),
(51, 36, 36, 10),
(51, 39, 9, 10),
(51, 39, 63, 10),
(51, 39, 69, 10),
(51, 45, 7, 10),
(51, 45, 21, 10),
(51, 45, 23, 10),
(51, 45, 24, 10),
(51, 45, 108, 10),
(51, 50, 43, 10),
(51, 50, 46, 10),
(51, 50, 91, 10),
(51, 50, 92, 10),
(51, 52, 14, 10),
(51, 52, 43, 10),
(51, 52, 45, 10),
(51, 52, 46, 10),
(51, 52, 47, 10),
(51, 53, 14, 10),
(51, 53, 16, 10),
(51, 53, 43, 10),
(51, 53, 46, 10),
(51, 53, 106, 10),
(51, 55, 13, 10),
(51, 55, 45, 10),
(51, 55, 46, 10),
(51, 55, 47, 10),
(51, 55, 106, 10),
(51, 56, 17, 10),
(51, 56, 91, 10),
(51, 56, 94, 10),
(51, 56, 108, 10),
(51, 60, 9, 10),
(51, 60, 10, 10),
(51, 60, 58, 10),
(51, 68, 108, 10),
(51, 68, 110, 10),
(51, 68, 142, 10),
(51, 70, 15, 10),
(51, 70, 16, 10),
(51, 70, 43, 10),
(51, 70, 46, 10),
(51, 70, 47, 10),
(51, 73, 14, 10),
(51, 73, 45, 10),
(51, 73, 106, 10),
(51, 73, 162, 10),
(51, 90, 17, 10),
(51, 90, 47, 10),
(51, 90, 91, 10),
(51, 90, 106, 10),
(51, 93, 10, 10),
(51, 93, 118, 10),
(51, 93, 119, 10),
(52, 5, 9, 10),
(52, 5, 10, 10),
(52, 5, 12, 10),
(52, 5, 36, 10),
(52, 5, 118, 10),
(52, 7, 10, 10),
(52, 7, 20, 10),
(52, 7, 31, 10),
(52, 7, 103, 10),
(52, 7, 146, 10),
(52, 8, 7, 10),
(52, 8, 21, 10),
(52, 8, 23, 10),
(52, 8, 26, 10),
(52, 9, 8, 10),
(52, 9, 24, 10),
(52, 16, 43, 10),
(52, 16, 45, 10),
(52, 16, 47, 10),
(52, 19, 9, 10),
(52, 19, 10, 10),
(52, 19, 19, 10),
(52, 19, 36, 10),
(52, 19, 87, 10),
(52, 24, 3, 10),
(52, 24, 9, 10),
(52, 24, 20, 10),
(52, 24, 35, 10),
(52, 24, 36, 10),
(52, 28, 9, 10),
(52, 28, 10, 10),
(52, 28, 30, 10),
(52, 28, 31, 10),
(52, 28, 69, 10),
(52, 30, 145, 10),
(52, 39, 9, 10),
(52, 39, 63, 10),
(52, 39, 69, 10),
(52, 50, 43, 10),
(52, 50, 46, 10),
(52, 50, 91, 10),
(52, 50, 92, 10),
(52, 52, 14, 10),
(52, 52, 43, 10),
(52, 52, 45, 10),
(52, 52, 46, 10),
(52, 52, 47, 10),
(52, 53, 14, 10),
(52, 53, 43, 10),
(52, 53, 46, 10),
(52, 53, 88, 10),
(52, 53, 106, 10),
(52, 56, 17, 10),
(52, 56, 91, 10),
(52, 56, 94, 10),
(52, 56, 108, 10),
(52, 64, 8, 10),
(52, 64, 24, 10),
(52, 64, 63, 10),
(52, 68, 108, 10),
(52, 68, 110, 10),
(52, 68, 142, 10),
(52, 70, 16, 10),
(52, 70, 43, 10),
(52, 70, 46, 10),
(52, 70, 47, 10),
(52, 93, 10, 10),
(52, 93, 118, 10),
(52, 93, 119, 10),
(53, 1, 18, 10),
(53, 1, 21, 10),
(53, 1, 38, 10),
(53, 3, 35, 10),
(53, 3, 50, 10),
(53, 3, 51, 10),
(53, 3, 178, 10),
(53, 7, 10, 10),
(53, 7, 20, 10),
(53, 7, 31, 10),
(53, 7, 103, 10),
(53, 7, 146, 10),
(53, 8, 7, 10),
(53, 8, 21, 10),
(53, 8, 23, 10),
(53, 8, 26, 10),
(53, 10, 16, 10),
(53, 10, 21, 10),
(53, 10, 26, 10),
(53, 10, 122, 10),
(53, 12, 9, 10),
(53, 12, 30, 10),
(53, 12, 35, 10),
(53, 12, 84, 10),
(53, 14, 3, 10),
(53, 14, 30, 10),
(53, 14, 35, 10),
(53, 19, 9, 10),
(53, 19, 10, 10),
(53, 19, 19, 10),
(53, 19, 36, 10),
(53, 19, 87, 10),
(53, 20, 9, 10),
(53, 20, 11, 10),
(53, 20, 19, 10),
(53, 20, 20, 10),
(53, 20, 50, 10),
(53, 23, 9, 10),
(53, 23, 10, 10),
(53, 23, 19, 10),
(53, 23, 36, 10),
(53, 24, 3, 10),
(53, 24, 9, 10),
(53, 24, 20, 10),
(53, 24, 35, 10),
(53, 24, 36, 10),
(53, 25, 3, 10),
(53, 25, 9, 10),
(53, 25, 18, 10),
(53, 25, 36, 10),
(53, 25, 50, 10),
(53, 30, 145, 10),
(53, 39, 9, 10),
(53, 39, 63, 10),
(53, 39, 69, 10),
(53, 45, 7, 10),
(53, 45, 21, 10),
(53, 45, 23, 10),
(53, 45, 24, 10),
(53, 45, 108, 10),
(53, 52, 14, 10),
(53, 52, 43, 10),
(53, 52, 45, 10),
(53, 52, 46, 10),
(53, 52, 47, 10),
(53, 56, 17, 10),
(53, 56, 91, 10),
(53, 56, 94, 10),
(53, 56, 108, 10),
(53, 60, 9, 10),
(53, 60, 10, 10),
(53, 60, 58, 10),
(53, 61, 8, 10),
(53, 61, 23, 10),
(53, 61, 110, 10),
(53, 68, 108, 10),
(53, 68, 110, 10),
(53, 68, 142, 10),
(53, 70, 16, 10),
(53, 70, 43, 10),
(53, 70, 46, 10),
(53, 70, 47, 10),
(53, 73, 14, 10),
(53, 73, 45, 10),
(53, 73, 106, 10),
(53, 73, 162, 10),
(53, 89, 32, 10),
(53, 89, 35, 10),
(53, 89, 36, 10),
(53, 89, 69, 10),
(53, 89, 165, 10),
(53, 90, 17, 10),
(53, 90, 47, 10),
(53, 90, 91, 10),
(53, 90, 106, 10),
(53, 93, 10, 10),
(53, 93, 118, 10),
(53, 93, 119, 10),
(53, 97, 31, 10),
(53, 97, 32, 10),
(53, 97, 55, 10),
(53, 97, 64, 10),
(53, 97, 95, 10),
(54, 3, 35, 10),
(54, 3, 50, 10),
(54, 3, 51, 10),
(54, 3, 178, 10),
(54, 7, 10, 10),
(54, 7, 20, 10),
(54, 7, 31, 10),
(54, 7, 103, 10),
(54, 7, 146, 10),
(54, 8, 7, 10),
(54, 8, 21, 10),
(54, 8, 23, 10),
(54, 8, 26, 10),
(54, 10, 16, 10),
(54, 10, 21, 10),
(54, 10, 26, 10),
(54, 10, 122, 10),
(54, 25, 3, 10),
(54, 25, 9, 10),
(54, 25, 18, 10),
(54, 25, 36, 10),
(54, 25, 50, 10),
(54, 27, 18, 10),
(54, 27, 34, 10),
(54, 41, 13, 10),
(54, 41, 14, 10),
(54, 41, 17, 10),
(54, 41, 162, 10),
(54, 53, 14, 10),
(54, 53, 43, 10),
(54, 53, 46, 10),
(54, 53, 89, 10),
(54, 53, 106, 10),
(54, 56, 6, 10),
(54, 56, 21, 10),
(54, 56, 23, 10),
(54, 56, 24, 10),
(54, 56, 91, 10),
(54, 59, 31, 10),
(54, 59, 32, 10),
(54, 59, 63, 10),
(54, 59, 69, 10),
(54, 60, 9, 10),
(54, 60, 10, 10),
(54, 60, 58, 10),
(54, 61, 8, 10),
(54, 61, 23, 10),
(54, 61, 110, 10),
(54, 70, 16, 10),
(54, 70, 43, 10),
(54, 70, 46, 10),
(54, 70, 47, 10),
(54, 78, 42, 10),
(54, 78, 186, 10),
(54, 89, 32, 10),
(54, 89, 35, 10),
(54, 89, 36, 10),
(54, 89, 69, 10),
(54, 89, 165, 10),
(54, 93, 10, 10),
(54, 93, 118, 10),
(54, 93, 119, 10),
(54, 97, 31, 10),
(54, 97, 32, 10),
(54, 97, 55, 10),
(54, 97, 64, 10),
(54, 97, 95, 10),
(55, 1, 18, 10),
(55, 1, 21, 10),
(55, 1, 38, 10),
(55, 3, 35, 10),
(55, 3, 50, 10),
(55, 3, 51, 10),
(55, 3, 178, 10),
(55, 5, 9, 10),
(55, 5, 10, 10),
(55, 5, 12, 10),
(55, 5, 36, 10),
(55, 5, 118, 10),
(55, 7, 10, 10),
(55, 7, 20, 10),
(55, 7, 31, 10),
(55, 7, 103, 10),
(55, 7, 146, 10),
(55, 8, 7, 10),
(55, 8, 21, 10),
(55, 8, 23, 10),
(55, 8, 26, 10),
(55, 10, 7, 10),
(55, 10, 16, 10),
(55, 10, 21, 10),
(55, 10, 26, 10),
(55, 10, 122, 10),
(55, 11, 7, 10),
(55, 11, 21, 10),
(55, 11, 24, 10),
(55, 11, 28, 10),
(55, 11, 29, 10),
(55, 12, 9, 10),
(55, 12, 30, 10),
(55, 12, 35, 10),
(55, 12, 84, 10),
(55, 13, 7, 10),
(55, 13, 21, 10),
(55, 13, 24, 10),
(55, 13, 27, 10),
(55, 13, 28, 10),
(55, 14, 3, 10),
(55, 14, 30, 10),
(55, 15, 15, 10),
(55, 15, 17, 10),
(55, 15, 44, 10),
(55, 15, 45, 10),
(55, 15, 106, 10),
(55, 16, 43, 10),
(55, 16, 45, 10),
(55, 16, 47, 10),
(55, 17, 9, 10),
(55, 17, 54, 10),
(55, 17, 64, 10),
(55, 17, 95, 10),
(55, 18, 5, 10),
(55, 18, 6, 10),
(55, 18, 7, 10),
(55, 18, 21, 10),
(55, 18, 110, 10),
(55, 19, 9, 10),
(55, 19, 10, 10),
(55, 19, 19, 10),
(55, 19, 36, 10),
(55, 19, 87, 10),
(55, 20, 9, 10),
(55, 20, 11, 10),
(55, 20, 19, 10),
(55, 20, 20, 10),
(55, 20, 50, 10),
(55, 23, 9, 10),
(55, 23, 10, 10),
(55, 23, 19, 10),
(55, 23, 36, 10),
(55, 24, 3, 10),
(55, 24, 9, 10),
(55, 24, 20, 10),
(55, 24, 35, 10),
(55, 24, 36, 10),
(55, 25, 3, 10),
(55, 25, 9, 10),
(55, 25, 18, 10),
(55, 25, 36, 10),
(55, 25, 50, 10),
(55, 27, 18, 10),
(55, 27, 34, 10),
(55, 28, 9, 10),
(55, 28, 10, 10),
(55, 28, 30, 10),
(55, 28, 31, 10),
(55, 28, 69, 10),
(55, 30, 145, 10),
(55, 36, 9, 10),
(55, 36, 18, 10),
(55, 36, 36, 10),
(55, 39, 9, 10),
(55, 39, 69, 10),
(55, 45, 7, 10),
(55, 45, 21, 10),
(55, 45, 23, 10),
(55, 45, 24, 10),
(55, 45, 108, 10),
(55, 50, 43, 10),
(55, 50, 46, 10),
(55, 50, 91, 10),
(55, 50, 92, 10),
(55, 52, 14, 10),
(55, 52, 43, 10),
(55, 52, 45, 10),
(55, 52, 46, 10),
(55, 52, 47, 10),
(55, 53, 14, 10),
(55, 53, 43, 10),
(55, 53, 46, 10),
(55, 53, 89, 10),
(55, 53, 106, 10),
(55, 56, 6, 10),
(55, 56, 21, 10),
(55, 56, 23, 10),
(55, 56, 24, 10),
(55, 56, 91, 10),
(55, 60, 9, 10),
(55, 60, 10, 10),
(55, 60, 58, 10),
(55, 66, 14, 10),
(55, 66, 45, 10),
(55, 66, 46, 10),
(55, 66, 91, 10),
(55, 66, 151, 10),
(55, 68, 108, 10),
(55, 68, 110, 10),
(55, 68, 142, 10),
(55, 70, 16, 10),
(55, 70, 43, 10),
(55, 70, 46, 10),
(55, 70, 47, 10),
(55, 73, 14, 10),
(55, 73, 45, 10),
(55, 73, 106, 10),
(55, 73, 162, 10),
(55, 90, 17, 10),
(55, 90, 89, 10),
(55, 90, 91, 10),
(55, 90, 106, 10),
(55, 93, 10, 10),
(55, 93, 118, 10),
(55, 93, 119, 10),
(55, 97, 31, 10),
(55, 97, 32, 10),
(55, 97, 55, 10),
(55, 97, 64, 10),
(55, 97, 95, 10),
(56, 30, 145, 10),
(56, 56, 6, 10),
(56, 56, 21, 10),
(56, 56, 23, 10),
(56, 56, 24, 10),
(56, 56, 91, 10),
(56, 59, 31, 10),
(56, 59, 32, 10),
(56, 59, 63, 10),
(56, 59, 69, 10),
(56, 64, 8, 10),
(56, 64, 24, 10),
(57, 1, 21, 10),
(57, 3, 50, 10),
(57, 3, 69, 10),
(57, 3, 178, 10),
(57, 8, 7, 10),
(57, 8, 21, 10),
(57, 8, 26, 10),
(57, 10, 7, 10),
(57, 10, 16, 10),
(57, 10, 21, 10),
(57, 10, 122, 10),
(57, 15, 15, 10),
(57, 15, 17, 10),
(57, 15, 44, 10),
(57, 15, 45, 10),
(57, 15, 106, 10),
(57, 17, 9, 10),
(57, 17, 54, 10),
(57, 17, 64, 10),
(57, 17, 95, 10),
(57, 19, 9, 10),
(57, 19, 19, 10),
(57, 19, 36, 10),
(57, 19, 87, 10),
(57, 24, 3, 10),
(57, 24, 9, 10),
(57, 24, 36, 10),
(57, 25, 18, 10),
(57, 25, 36, 10),
(57, 25, 56, 10),
(57, 25, 192, 10),
(57, 36, 9, 10),
(57, 36, 10, 10),
(57, 36, 51, 10),
(57, 39, 9, 10),
(57, 39, 69, 10),
(57, 52, 14, 10),
(57, 52, 15, 10),
(57, 52, 45, 10),
(57, 52, 46, 10),
(57, 52, 47, 10),
(57, 56, 6, 10),
(57, 56, 21, 10),
(57, 56, 23, 10),
(57, 56, 24, 10),
(57, 56, 91, 10),
(57, 60, 9, 10),
(57, 60, 10, 10),
(57, 60, 58, 10),
(57, 61, 8, 10),
(57, 61, 23, 10),
(57, 61, 110, 10),
(57, 64, 8, 10),
(57, 64, 24, 10),
(57, 66, 14, 10),
(57, 66, 45, 10),
(57, 66, 46, 10),
(57, 66, 91, 10),
(57, 66, 151, 10),
(57, 70, 43, 10),
(57, 70, 45, 10),
(57, 70, 47, 10),
(57, 70, 110, 10),
(57, 73, 14, 10),
(57, 73, 15, 10),
(57, 73, 45, 10),
(57, 73, 47, 10),
(57, 73, 106, 10),
(57, 85, 55, 10),
(57, 85, 62, 10),
(57, 85, 68, 10),
(57, 89, 32, 10),
(57, 89, 35, 10),
(57, 89, 36, 10),
(57, 89, 69, 10),
(57, 89, 165, 10),
(57, 90, 15, 10),
(57, 90, 16, 10),
(57, 90, 45, 10),
(57, 90, 46, 10),
(57, 97, 42, 10),
(57, 97, 55, 10),
(57, 97, 63, 10),
(57, 97, 64, 10),
(57, 99, 15, 10),
(57, 99, 16, 10),
(57, 99, 44, 10),
(57, 99, 45, 10),
(57, 99, 106, 10),
(57, 100, 3, 10),
(57, 100, 9, 10),
(57, 100, 20, 10),
(57, 100, 30, 10),
(57, 100, 35, 10),
(58, 1, 21, 10),
(58, 1, 38, 10),
(58, 3, 35, 10),
(58, 3, 50, 10),
(58, 3, 51, 10),
(58, 3, 178, 10),
(58, 5, 9, 10),
(58, 5, 12, 10),
(58, 5, 36, 10),
(58, 5, 118, 10),
(58, 7, 10, 10),
(58, 7, 20, 10),
(58, 7, 31, 10),
(58, 7, 103, 10),
(58, 7, 146, 10),
(58, 10, 7, 10),
(58, 10, 16, 10),
(58, 10, 21, 10),
(58, 10, 26, 10),
(58, 10, 122, 10),
(58, 16, 43, 10),
(58, 16, 45, 10),
(58, 16, 47, 10),
(58, 18, 5, 10),
(58, 18, 6, 10),
(58, 18, 7, 10),
(58, 18, 21, 10),
(58, 18, 110, 10),
(58, 19, 9, 10),
(58, 19, 10, 10),
(58, 19, 19, 10),
(58, 19, 36, 10),
(58, 19, 87, 10),
(58, 24, 3, 10),
(58, 24, 9, 10),
(58, 24, 20, 10),
(58, 24, 36, 10),
(58, 27, 18, 10),
(58, 27, 34, 10),
(58, 41, 13, 10),
(58, 41, 14, 10),
(58, 41, 17, 10),
(58, 41, 162, 10),
(58, 68, 108, 10),
(58, 68, 110, 10),
(58, 68, 142, 10),
(58, 70, 16, 10),
(58, 70, 43, 10),
(58, 70, 46, 10),
(58, 70, 47, 10),
(58, 73, 14, 10),
(58, 73, 45, 10),
(58, 73, 106, 10),
(58, 89, 32, 10),
(58, 89, 35, 10),
(58, 89, 36, 10),
(58, 89, 69, 10),
(58, 89, 165, 10),
(58, 93, 10, 10),
(58, 93, 118, 10),
(58, 93, 119, 10),
(58, 97, 32, 10),
(58, 97, 42, 10),
(58, 97, 55, 10),
(58, 97, 63, 10),
(58, 97, 64, 10),
(58, 100, 2, 10),
(58, 100, 35, 10),
(58, 100, 69, 10),
(59, 1, 21, 10),
(59, 3, 18, 10),
(59, 3, 50, 10),
(59, 3, 51, 10),
(59, 3, 63, 10),
(59, 3, 178, 10),
(59, 5, 9, 10),
(59, 5, 12, 10),
(59, 5, 36, 10),
(59, 5, 118, 10),
(59, 7, 10, 10),
(59, 7, 20, 10),
(59, 7, 31, 10),
(59, 7, 103, 10),
(59, 7, 146, 10),
(59, 8, 7, 10),
(59, 8, 21, 10),
(59, 8, 23, 10),
(59, 8, 26, 10),
(59, 10, 7, 10),
(59, 10, 16, 10),
(59, 10, 21, 10),
(59, 10, 26, 10),
(59, 10, 122, 10),
(59, 11, 7, 10),
(59, 11, 21, 10),
(59, 11, 24, 10),
(59, 11, 28, 10),
(59, 12, 9, 10),
(59, 12, 30, 10),
(59, 12, 35, 10),
(59, 12, 84, 10),
(59, 13, 7, 10),
(59, 13, 21, 10),
(59, 13, 24, 10),
(59, 13, 27, 10),
(59, 13, 28, 10),
(59, 14, 3, 10),
(59, 14, 9, 10),
(59, 14, 30, 10),
(59, 15, 15, 10),
(59, 15, 17, 10),
(59, 15, 44, 10),
(59, 15, 45, 10),
(59, 15, 106, 10),
(59, 16, 43, 10),
(59, 16, 45, 10),
(59, 16, 47, 10),
(59, 18, 5, 10),
(59, 18, 6, 10),
(59, 18, 7, 10),
(59, 18, 21, 10),
(59, 18, 110, 10),
(59, 19, 9, 10),
(59, 19, 10, 10),
(59, 19, 19, 10),
(59, 19, 36, 10),
(59, 19, 87, 10),
(59, 20, 9, 10),
(59, 20, 11, 10),
(59, 20, 19, 10),
(59, 20, 20, 10),
(59, 20, 50, 10),
(59, 24, 3, 10),
(59, 24, 9, 10),
(59, 24, 20, 10),
(59, 24, 36, 10),
(59, 25, 3, 10),
(59, 25, 9, 10),
(59, 25, 18, 10),
(59, 25, 36, 10),
(59, 25, 56, 10),
(59, 27, 18, 10),
(59, 27, 34, 10),
(59, 28, 9, 10),
(59, 28, 10, 10),
(59, 28, 31, 10),
(59, 28, 69, 10),
(59, 30, 145, 10),
(59, 36, 9, 10),
(59, 36, 10, 10),
(59, 36, 36, 10),
(59, 36, 51, 10),
(59, 39, 9, 10),
(59, 39, 69, 10),
(59, 45, 7, 10),
(59, 45, 21, 10),
(59, 45, 23, 10),
(59, 45, 24, 10),
(59, 45, 108, 10),
(59, 50, 43, 10),
(59, 50, 46, 10),
(59, 50, 91, 10),
(59, 50, 92, 10),
(59, 52, 14, 10),
(59, 52, 15, 10),
(59, 52, 45, 10),
(59, 52, 46, 10),
(59, 52, 47, 10),
(59, 56, 6, 10),
(59, 56, 21, 10),
(59, 56, 23, 10),
(59, 56, 24, 10),
(59, 56, 91, 10),
(59, 60, 9, 10),
(59, 60, 10, 10),
(59, 60, 58, 10),
(59, 66, 14, 10),
(59, 66, 45, 10),
(59, 66, 46, 10),
(59, 66, 91, 10),
(59, 66, 151, 10),
(59, 68, 108, 10),
(59, 68, 110, 10),
(59, 68, 142, 10),
(59, 70, 16, 10),
(59, 70, 43, 10),
(59, 70, 46, 10),
(59, 70, 47, 10),
(59, 73, 14, 10),
(59, 73, 45, 10),
(59, 73, 106, 10),
(59, 90, 17, 10),
(59, 90, 89, 10),
(59, 90, 91, 10),
(59, 90, 106, 10),
(59, 93, 10, 10),
(59, 93, 118, 10),
(59, 93, 119, 10),
(59, 100, 2, 10),
(59, 100, 35, 10),
(59, 100, 69, 10),
(60, 5, 9, 10),
(60, 5, 12, 10),
(60, 5, 36, 10),
(60, 5, 118, 10),
(60, 7, 10, 10),
(60, 7, 20, 10),
(60, 7, 31, 10),
(60, 7, 103, 10),
(60, 7, 146, 10),
(60, 8, 7, 10),
(60, 8, 21, 10),
(60, 8, 23, 10),
(60, 8, 26, 10),
(60, 10, 7, 10),
(60, 10, 16, 10),
(60, 10, 21, 10),
(60, 10, 26, 10),
(60, 10, 122, 10),
(60, 24, 3, 10),
(60, 24, 9, 10),
(60, 24, 36, 10),
(60, 30, 145, 10),
(60, 52, 14, 10),
(60, 52, 15, 10),
(60, 52, 45, 10),
(60, 52, 46, 10),
(60, 52, 47, 10),
(60, 64, 8, 10),
(60, 64, 24, 10),
(60, 66, 14, 10),
(60, 66, 45, 10),
(60, 66, 46, 10),
(60, 66, 91, 10),
(60, 66, 151, 10),
(60, 68, 108, 10),
(60, 68, 110, 10),
(60, 68, 142, 10),
(60, 89, 32, 10),
(60, 89, 35, 10),
(60, 89, 36, 10),
(60, 89, 69, 10),
(60, 89, 165, 10),
(60, 90, 15, 10),
(60, 90, 16, 10),
(60, 90, 45, 10),
(60, 90, 46, 10),
(60, 90, 106, 10),
(60, 93, 10, 10),
(60, 93, 118, 10),
(60, 93, 119, 10),
(60, 100, 35, 10),
(60, 100, 69, 10),
(61, 1, 21, 10),
(61, 3, 18, 10),
(61, 3, 50, 10),
(61, 3, 63, 10),
(61, 3, 178, 10),
(61, 8, 7, 10),
(61, 8, 21, 10),
(61, 8, 23, 10),
(61, 8, 26, 10),
(61, 10, 7, 10),
(61, 10, 16, 10),
(61, 10, 21, 10),
(61, 10, 26, 10),
(61, 10, 122, 10),
(61, 11, 7, 10),
(61, 11, 21, 10),
(61, 11, 24, 10),
(61, 11, 28, 10),
(61, 14, 3, 10),
(61, 14, 9, 10),
(61, 14, 30, 10),
(61, 15, 15, 10),
(61, 15, 17, 10),
(61, 15, 44, 10),
(61, 15, 45, 10),
(61, 15, 106, 10),
(61, 19, 9, 10),
(61, 19, 19, 10),
(61, 19, 36, 10),
(61, 19, 87, 10),
(61, 23, 9, 10),
(61, 23, 10, 10),
(61, 23, 19, 10),
(61, 23, 36, 10),
(61, 24, 3, 10),
(61, 24, 9, 10),
(61, 24, 36, 10),
(61, 25, 18, 10),
(61, 25, 36, 10),
(61, 25, 51, 10),
(61, 25, 56, 10),
(61, 25, 192, 10),
(61, 36, 9, 10),
(61, 36, 10, 10),
(61, 36, 36, 10),
(61, 36, 51, 10),
(61, 39, 9, 10),
(61, 39, 69, 10),
(61, 41, 13, 10),
(61, 41, 14, 10),
(61, 41, 17, 10),
(61, 41, 162, 10),
(61, 45, 7, 10),
(61, 45, 21, 10),
(61, 45, 23, 10),
(61, 45, 24, 10),
(61, 45, 108, 10),
(61, 52, 14, 10),
(61, 52, 15, 10),
(61, 52, 45, 10),
(61, 52, 46, 10),
(61, 52, 47, 10),
(61, 55, 13, 10),
(61, 55, 45, 10),
(61, 55, 46, 10),
(61, 55, 47, 10),
(61, 55, 106, 10),
(61, 56, 6, 10),
(61, 56, 21, 10),
(61, 56, 23, 10),
(61, 56, 24, 10),
(61, 56, 91, 10),
(61, 60, 9, 10),
(61, 60, 10, 10),
(61, 60, 58, 10),
(61, 66, 14, 10),
(61, 66, 45, 10),
(61, 66, 46, 10),
(61, 66, 91, 10),
(61, 66, 151, 10),
(61, 68, 108, 10),
(61, 68, 110, 10),
(61, 68, 142, 10),
(61, 70, 16, 10),
(61, 70, 43, 10),
(61, 70, 45, 10),
(61, 70, 47, 10),
(61, 70, 110, 10),
(61, 73, 14, 10),
(61, 73, 15, 10),
(61, 73, 45, 10),
(61, 73, 47, 10),
(61, 73, 106, 10),
(61, 89, 32, 10),
(61, 89, 35, 10),
(61, 89, 36, 10),
(61, 89, 69, 10),
(61, 89, 165, 10),
(61, 97, 32, 10),
(61, 97, 42, 10),
(61, 97, 55, 10),
(61, 97, 63, 10),
(61, 97, 64, 10),
(61, 100, 35, 10),
(61, 100, 69, 10),
(62, 1, 21, 10),
(62, 5, 9, 10),
(62, 5, 12, 10),
(62, 5, 36, 10),
(62, 5, 118, 10),
(62, 7, 10, 10),
(62, 7, 20, 10),
(62, 7, 31, 10),
(62, 7, 103, 10),
(62, 7, 146, 10),
(62, 10, 7, 10),
(62, 10, 16, 10),
(62, 10, 21, 10),
(62, 10, 26, 10),
(62, 10, 122, 10),
(62, 16, 43, 10),
(62, 16, 45, 10),
(62, 16, 47, 10),
(62, 18, 5, 10),
(62, 18, 6, 10),
(62, 18, 7, 10),
(62, 18, 21, 10),
(62, 18, 110, 10),
(62, 24, 3, 10),
(62, 24, 9, 10),
(62, 24, 36, 10),
(62, 25, 18, 10),
(62, 25, 36, 10),
(62, 25, 51, 10),
(62, 25, 56, 10),
(62, 25, 192, 10),
(62, 27, 34, 10),
(62, 41, 13, 10),
(62, 41, 14, 10),
(62, 41, 17, 10),
(62, 41, 162, 10),
(62, 59, 31, 10),
(62, 59, 32, 10),
(62, 59, 63, 10),
(62, 59, 69, 10),
(62, 68, 108, 10),
(62, 68, 110, 10),
(62, 68, 142, 10),
(62, 89, 32, 10),
(62, 89, 35, 10),
(62, 89, 36, 10),
(62, 89, 69, 10),
(62, 89, 165, 10),
(62, 93, 10, 10),
(62, 93, 118, 10),
(62, 93, 119, 10),
(62, 100, 35, 10),
(62, 100, 69, 10),
(63, 1, 21, 10),
(63, 3, 18, 10),
(63, 3, 50, 10),
(63, 3, 178, 10),
(63, 5, 9, 10),
(63, 5, 12, 10),
(63, 5, 36, 10),
(63, 5, 118, 10),
(63, 7, 10, 10),
(63, 7, 20, 10),
(63, 7, 31, 10),
(63, 7, 103, 10),
(63, 7, 146, 10),
(63, 8, 7, 10),
(63, 8, 21, 10),
(63, 8, 26, 10),
(63, 10, 7, 10),
(63, 10, 16, 10),
(63, 10, 21, 10),
(63, 10, 26, 10),
(63, 10, 122, 10),
(63, 11, 7, 10),
(63, 11, 21, 10),
(63, 11, 24, 10),
(63, 11, 28, 10),
(63, 13, 7, 10),
(63, 13, 21, 10),
(63, 13, 24, 10),
(63, 13, 27, 10),
(63, 13, 28, 10),
(63, 14, 3, 10),
(63, 14, 9, 10),
(63, 14, 30, 10),
(63, 15, 15, 10),
(63, 15, 17, 10),
(63, 15, 44, 10),
(63, 15, 45, 10),
(63, 15, 106, 10),
(63, 16, 43, 10),
(63, 16, 45, 10),
(63, 16, 47, 10),
(63, 18, 5, 10),
(63, 18, 6, 10),
(63, 18, 7, 10),
(63, 18, 21, 10),
(63, 18, 110, 10),
(63, 19, 9, 10),
(63, 19, 19, 10),
(63, 19, 36, 10),
(63, 19, 87, 10),
(63, 20, 9, 10),
(63, 20, 11, 10),
(63, 20, 19, 10),
(63, 20, 20, 10),
(63, 20, 50, 10),
(63, 23, 9, 10),
(63, 23, 10, 10),
(63, 23, 19, 10),
(63, 23, 36, 10),
(63, 24, 3, 10),
(63, 24, 9, 10),
(63, 24, 36, 10),
(63, 25, 18, 10),
(63, 25, 36, 10),
(63, 25, 51, 10),
(63, 25, 56, 10),
(63, 25, 192, 10),
(63, 27, 34, 10),
(63, 28, 9, 10),
(63, 28, 10, 10),
(63, 28, 51, 10),
(63, 28, 69, 10),
(63, 36, 9, 10),
(63, 36, 10, 10),
(63, 36, 51, 10),
(63, 39, 9, 10),
(63, 39, 69, 10),
(63, 45, 7, 10),
(63, 45, 21, 10),
(63, 45, 23, 10),
(63, 45, 24, 10),
(63, 45, 108, 10),
(63, 50, 43, 10),
(63, 50, 46, 10),
(63, 50, 91, 10),
(63, 50, 92, 10),
(63, 52, 14, 10),
(63, 52, 15, 10),
(63, 52, 45, 10),
(63, 52, 46, 10),
(63, 52, 47, 10),
(63, 55, 13, 10),
(63, 55, 45, 10),
(63, 55, 46, 10),
(63, 55, 47, 10),
(63, 55, 106, 10),
(63, 56, 6, 10),
(63, 56, 21, 10),
(63, 56, 23, 10),
(63, 56, 24, 10),
(63, 56, 91, 10),
(63, 60, 9, 10),
(63, 60, 10, 10),
(63, 60, 58, 10),
(63, 66, 14, 10),
(63, 66, 45, 10),
(63, 66, 46, 10),
(63, 66, 91, 10),
(63, 66, 151, 10),
(63, 68, 108, 10),
(63, 68, 110, 10),
(63, 68, 142, 10),
(63, 70, 16, 10),
(63, 70, 43, 10),
(63, 70, 45, 10),
(63, 70, 47, 10),
(63, 70, 110, 10),
(63, 73, 14, 10),
(63, 73, 15, 10),
(63, 73, 45, 10),
(63, 73, 47, 10),
(63, 73, 106, 10),
(63, 90, 15, 10),
(63, 90, 16, 10),
(63, 90, 45, 10),
(63, 90, 46, 10),
(63, 90, 106, 10),
(63, 93, 10, 10),
(63, 93, 118, 10),
(63, 93, 119, 10),
(63, 97, 42, 10),
(63, 97, 55, 10),
(63, 97, 63, 10),
(63, 97, 64, 10),
(63, 100, 35, 10),
(63, 100, 69, 10),
(64, 7, 10, 10),
(64, 7, 20, 10),
(64, 7, 31, 10),
(64, 7, 103, 10),
(64, 7, 146, 10),
(64, 8, 7, 10),
(64, 8, 21, 10),
(64, 8, 26, 10),
(64, 10, 7, 10),
(64, 10, 16, 10),
(64, 10, 21, 10),
(64, 10, 122, 10),
(64, 12, 9, 10),
(64, 12, 30, 10),
(64, 12, 35, 10),
(64, 12, 84, 10),
(64, 24, 3, 10),
(64, 24, 9, 10),
(64, 24, 36, 10),
(64, 25, 18, 10),
(64, 25, 36, 10),
(64, 25, 56, 10),
(64, 25, 192, 10),
(64, 36, 9, 10),
(64, 36, 10, 10),
(64, 36, 51, 10),
(64, 41, 13, 10),
(64, 41, 14, 10),
(64, 41, 17, 10),
(64, 41, 162, 10),
(64, 55, 13, 10),
(64, 55, 45, 10),
(64, 55, 46, 10),
(64, 55, 47, 10),
(64, 55, 106, 10),
(64, 62, 163, 10),
(64, 62, 165, 10),
(64, 62, 166, 10),
(64, 64, 8, 10),
(64, 64, 24, 10),
(64, 68, 108, 10),
(64, 68, 110, 10),
(64, 68, 142, 10),
(64, 70, 43, 10),
(64, 70, 45, 10),
(64, 70, 47, 10),
(64, 70, 110, 10),
(64, 93, 10, 10),
(64, 93, 118, 10),
(64, 93, 119, 10),
(64, 100, 35, 10),
(64, 100, 69, 10),
(65, 1, 21, 10),
(65, 3, 50, 10),
(65, 3, 69, 10),
(65, 3, 178, 10),
(65, 7, 10, 10),
(65, 7, 20, 10),
(65, 7, 30, 10),
(65, 7, 31, 10),
(65, 7, 103, 10),
(65, 10, 7, 10),
(65, 10, 16, 10),
(65, 10, 21, 10),
(65, 10, 122, 10),
(65, 11, 7, 10),
(65, 11, 21, 10),
(65, 11, 24, 10),
(65, 11, 28, 10),
(65, 14, 3, 10),
(65, 14, 9, 10),
(65, 14, 30, 10),
(65, 16, 43, 10),
(65, 16, 45, 10),
(65, 16, 47, 10),
(65, 18, 5, 10),
(65, 18, 6, 10),
(65, 18, 7, 10),
(65, 18, 21, 10),
(65, 18, 110, 10),
(65, 19, 9, 10),
(65, 19, 19, 10),
(65, 19, 36, 10),
(65, 19, 87, 10),
(65, 23, 9, 10),
(65, 23, 10, 10),
(65, 23, 19, 10),
(65, 23, 36, 10),
(65, 24, 3, 10),
(65, 24, 9, 10),
(65, 24, 36, 10),
(65, 25, 18, 10),
(65, 25, 36, 10),
(65, 25, 56, 10),
(65, 25, 192, 10),
(65, 39, 9, 10),
(65, 39, 69, 10),
(65, 45, 7, 10),
(65, 45, 21, 10),
(65, 45, 23, 10),
(65, 45, 24, 10),
(65, 45, 108, 10),
(65, 55, 13, 10),
(65, 55, 45, 10),
(65, 55, 46, 10),
(65, 55, 47, 10),
(65, 55, 106, 10),
(65, 56, 6, 10),
(65, 56, 21, 10),
(65, 56, 23, 10),
(65, 56, 24, 10),
(65, 56, 91, 10),
(65, 60, 9, 10),
(65, 60, 10, 10),
(65, 60, 58, 10),
(65, 66, 14, 10),
(65, 66, 45, 10),
(65, 66, 46, 10),
(65, 66, 91, 10),
(65, 66, 151, 10),
(65, 68, 108, 10),
(65, 68, 110, 10),
(65, 68, 142, 10),
(65, 70, 43, 10),
(65, 70, 45, 10),
(65, 70, 47, 10),
(65, 70, 110, 10),
(65, 89, 32, 10),
(65, 89, 35, 10),
(65, 89, 36, 10),
(65, 89, 69, 10),
(65, 89, 165, 10),
(65, 100, 3, 10),
(65, 100, 9, 10),
(65, 100, 20, 10),
(65, 100, 30, 10),
(65, 100, 35, 10),
(65, 109, 11, 10),
(65, 109, 30, 10),
(65, 109, 32, 10),
(65, 109, 35, 10),
(65, 109, 69, 10),
(66, 1, 21, 10),
(66, 7, 10, 10),
(66, 7, 20, 10),
(66, 7, 30, 10),
(66, 7, 31, 10),
(66, 7, 103, 10),
(66, 10, 7, 10),
(66, 10, 16, 10),
(66, 10, 21, 10),
(66, 10, 122, 10),
(66, 16, 43, 10),
(66, 16, 45, 10),
(66, 16, 65, 10),
(66, 16, 110, 10),
(66, 18, 5, 10),
(66, 18, 6, 10),
(66, 18, 7, 10),
(66, 18, 21, 10),
(66, 18, 110, 10),
(66, 19, 9, 10),
(66, 19, 19, 10),
(66, 19, 36, 10),
(66, 19, 87, 10),
(66, 24, 3, 10),
(66, 24, 9, 10),
(66, 24, 36, 10),
(66, 25, 18, 10),
(66, 25, 36, 10),
(66, 25, 56, 10),
(66, 25, 146, 10),
(66, 25, 192, 10),
(66, 27, 34, 10),
(66, 62, 163, 10),
(66, 62, 165, 10),
(66, 62, 166, 10),
(66, 70, 43, 10),
(66, 70, 45, 10),
(66, 70, 47, 10),
(66, 70, 110, 10),
(66, 89, 32, 10),
(66, 89, 35, 10),
(66, 89, 36, 10),
(66, 89, 69, 10),
(66, 89, 165, 10),
(66, 93, 10, 10),
(66, 93, 118, 10),
(66, 93, 119, 10),
(66, 99, 15, 10),
(66, 99, 16, 10),
(66, 99, 44, 10),
(66, 99, 45, 10),
(66, 99, 106, 10),
(66, 100, 9, 10),
(66, 100, 19, 10),
(66, 100, 20, 10),
(66, 100, 30, 10),
(66, 100, 35, 10),
(66, 109, 11, 10),
(66, 109, 30, 10),
(66, 109, 32, 10),
(66, 109, 35, 10),
(66, 109, 69, 10),
(67, 1, 21, 10),
(67, 3, 50, 10),
(67, 3, 69, 10),
(67, 3, 178, 10),
(67, 5, 9, 10),
(67, 5, 12, 10),
(67, 5, 36, 10),
(67, 5, 118, 10),
(67, 7, 10, 10),
(67, 7, 20, 10),
(67, 7, 30, 10),
(67, 7, 31, 10),
(67, 7, 103, 10),
(67, 8, 7, 10),
(67, 8, 21, 10),
(67, 8, 26, 10),
(67, 10, 7, 10),
(67, 10, 16, 10),
(67, 10, 21, 10),
(67, 10, 122, 10),
(67, 11, 7, 10),
(67, 11, 21, 10),
(67, 11, 24, 10),
(67, 11, 28, 10),
(67, 13, 7, 10),
(67, 13, 21, 10),
(67, 13, 24, 10),
(67, 13, 27, 10),
(67, 13, 28, 10),
(67, 14, 3, 10),
(67, 14, 9, 10),
(67, 14, 30, 10),
(67, 15, 15, 10),
(67, 15, 17, 10),
(67, 15, 44, 10),
(67, 15, 45, 10),
(67, 15, 106, 10),
(67, 16, 43, 10),
(67, 16, 45, 10),
(67, 16, 65, 10),
(67, 16, 110, 10),
(67, 18, 5, 10),
(67, 18, 6, 10),
(67, 18, 7, 10),
(67, 18, 21, 10),
(67, 18, 110, 10),
(67, 19, 9, 10),
(67, 19, 19, 10),
(67, 19, 36, 10),
(67, 19, 87, 10),
(67, 20, 3, 10),
(67, 20, 9, 10),
(67, 20, 19, 10),
(67, 20, 20, 10),
(67, 20, 50, 10),
(67, 23, 9, 10),
(67, 23, 10, 10),
(67, 23, 19, 10),
(67, 23, 36, 10),
(67, 24, 3, 10),
(67, 24, 9, 10),
(67, 24, 36, 10),
(67, 25, 18, 10),
(67, 25, 36, 10),
(67, 25, 56, 10),
(67, 25, 146, 10),
(67, 25, 192, 10),
(67, 27, 34, 10),
(67, 28, 9, 10),
(67, 28, 10, 10),
(67, 28, 51, 10),
(67, 28, 69, 10),
(67, 36, 9, 10),
(67, 36, 10, 10),
(67, 36, 51, 10),
(67, 39, 9, 10),
(67, 39, 69, 10),
(67, 45, 7, 10),
(67, 45, 21, 10),
(67, 45, 23, 10),
(67, 45, 24, 10),
(67, 45, 108, 10),
(67, 50, 43, 10),
(67, 50, 46, 10),
(67, 50, 91, 10),
(67, 50, 92, 10),
(67, 52, 14, 10),
(67, 52, 15, 10),
(67, 52, 45, 10),
(67, 52, 46, 10),
(67, 52, 47, 10),
(67, 56, 6, 10),
(67, 56, 21, 10),
(67, 56, 23, 10),
(67, 56, 24, 10),
(67, 56, 91, 10),
(67, 60, 9, 10),
(67, 60, 10, 10),
(67, 60, 58, 10),
(67, 66, 14, 10),
(67, 66, 45, 10),
(67, 66, 46, 10),
(67, 66, 91, 10),
(67, 66, 151, 10),
(67, 68, 16, 10),
(67, 68, 21, 10),
(67, 68, 23, 10),
(67, 68, 108, 10),
(67, 68, 110, 10),
(67, 70, 43, 10),
(67, 70, 45, 10),
(67, 70, 47, 10),
(67, 70, 110, 10),
(67, 93, 10, 10),
(67, 93, 118, 10),
(67, 93, 119, 10),
(67, 97, 42, 10),
(67, 97, 55, 10),
(67, 97, 63, 10),
(67, 97, 64, 10),
(67, 99, 15, 10),
(67, 99, 16, 10),
(67, 99, 44, 10),
(67, 99, 45, 10),
(67, 99, 106, 10),
(67, 100, 9, 10),
(67, 100, 19, 10),
(67, 100, 20, 10),
(67, 100, 30, 10),
(67, 100, 35, 10),
(67, 109, 11, 10),
(67, 109, 30, 10),
(67, 109, 32, 10),
(67, 109, 35, 10),
(67, 109, 69, 10),
(68, 3, 50, 10),
(68, 3, 69, 10),
(68, 8, 7, 10),
(68, 8, 21, 10),
(68, 8, 26, 10),
(68, 13, 7, 10),
(68, 13, 21, 10),
(68, 13, 24, 10),
(68, 13, 27, 10),
(68, 13, 28, 10),
(68, 16, 43, 10),
(68, 16, 45, 10),
(68, 16, 65, 10),
(68, 16, 110, 10),
(68, 19, 9, 10),
(68, 19, 19, 10),
(68, 19, 36, 10),
(68, 19, 87, 10),
(68, 23, 9, 10),
(68, 23, 10, 10);
INSERT INTO `raid_player_wish` (`raid`, `player`, `item`, `ratio`) VALUES
(68, 23, 19, 10),
(68, 23, 36, 10),
(68, 25, 18, 10),
(68, 25, 36, 10),
(68, 25, 56, 10),
(68, 25, 146, 10),
(68, 45, 7, 10),
(68, 45, 21, 10),
(68, 45, 23, 10),
(68, 45, 24, 10),
(68, 45, 108, 10),
(68, 52, 14, 10),
(68, 52, 15, 10),
(68, 52, 45, 10),
(68, 52, 46, 10),
(68, 52, 47, 10),
(68, 56, 6, 10),
(68, 56, 21, 10),
(68, 56, 23, 10),
(68, 56, 24, 10),
(68, 56, 91, 10),
(68, 60, 9, 10),
(68, 60, 10, 10),
(68, 60, 58, 10),
(68, 68, 16, 10),
(68, 68, 21, 10),
(68, 68, 23, 10),
(68, 68, 108, 10),
(68, 68, 110, 10),
(68, 93, 10, 10),
(68, 93, 118, 10),
(68, 93, 119, 10),
(68, 97, 42, 10),
(68, 97, 55, 10),
(68, 97, 63, 10),
(68, 97, 64, 10),
(68, 100, 9, 10),
(68, 100, 19, 10),
(68, 100, 20, 10),
(68, 100, 30, 10),
(68, 100, 35, 10),
(68, 106, 9, 10),
(68, 106, 36, 10),
(68, 106, 68, 10),
(68, 106, 98, 10),
(68, 106, 103, 10),
(68, 109, 11, 10),
(68, 109, 30, 10),
(68, 109, 32, 10),
(68, 109, 35, 10),
(68, 109, 69, 10),
(69, 7, 10, 10),
(69, 7, 20, 10),
(69, 7, 30, 10),
(69, 7, 31, 10),
(69, 7, 103, 10),
(69, 10, 7, 10),
(69, 10, 16, 10),
(69, 10, 21, 10),
(69, 10, 122, 10),
(69, 13, 7, 10),
(69, 13, 21, 10),
(69, 13, 24, 10),
(69, 13, 27, 10),
(69, 13, 28, 10),
(69, 16, 43, 10),
(69, 16, 45, 10),
(69, 16, 65, 10),
(69, 16, 110, 10),
(69, 24, 3, 10),
(69, 24, 9, 10),
(69, 24, 36, 10),
(69, 24, 69, 10),
(69, 25, 3, 10),
(69, 25, 18, 10),
(69, 25, 20, 10),
(69, 25, 52, 10),
(69, 25, 56, 10),
(69, 36, 9, 10),
(69, 36, 10, 10),
(69, 36, 51, 10),
(69, 44, 3, 10),
(69, 44, 35, 10),
(69, 44, 50, 10),
(69, 44, 123, 10),
(69, 44, 126, 10),
(69, 68, 16, 10),
(69, 68, 21, 10),
(69, 68, 23, 10),
(69, 68, 108, 10),
(69, 68, 110, 10),
(69, 90, 15, 10),
(69, 90, 16, 10),
(69, 90, 45, 10),
(69, 90, 46, 10),
(69, 93, 10, 10),
(69, 93, 118, 10),
(69, 93, 119, 10),
(69, 100, 9, 10),
(69, 100, 19, 10),
(69, 100, 20, 10),
(69, 100, 30, 10),
(69, 100, 35, 10),
(69, 109, 11, 10),
(69, 109, 30, 10),
(69, 109, 32, 10),
(69, 109, 35, 10),
(69, 109, 69, 10),
(70, 1, 21, 10),
(70, 10, 7, 10),
(70, 10, 16, 10),
(70, 10, 21, 10),
(70, 10, 122, 10),
(70, 13, 7, 10),
(70, 13, 21, 10),
(70, 13, 24, 10),
(70, 13, 27, 10),
(70, 13, 28, 10),
(70, 16, 43, 10),
(70, 16, 45, 10),
(70, 16, 65, 10),
(70, 16, 110, 10),
(70, 18, 5, 10),
(70, 18, 6, 10),
(70, 18, 7, 10),
(70, 18, 21, 10),
(70, 18, 110, 10),
(70, 19, 9, 10),
(70, 19, 19, 10),
(70, 19, 36, 10),
(70, 19, 87, 10),
(70, 20, 9, 10),
(70, 20, 11, 10),
(70, 20, 19, 10),
(70, 20, 20, 10),
(70, 20, 50, 10),
(70, 23, 9, 10),
(70, 23, 10, 10),
(70, 23, 19, 10),
(70, 23, 36, 10),
(70, 24, 3, 10),
(70, 24, 9, 10),
(70, 24, 36, 10),
(70, 24, 69, 10),
(70, 25, 3, 10),
(70, 25, 18, 10),
(70, 25, 20, 10),
(70, 25, 52, 10),
(70, 25, 56, 10),
(70, 36, 9, 10),
(70, 36, 10, 10),
(70, 36, 51, 10),
(70, 39, 9, 10),
(70, 39, 69, 10),
(70, 45, 7, 10),
(70, 45, 21, 10),
(70, 45, 23, 10),
(70, 45, 24, 10),
(70, 45, 108, 10),
(70, 52, 14, 10),
(70, 52, 15, 10),
(70, 52, 45, 10),
(70, 52, 46, 10),
(70, 52, 47, 10),
(70, 56, 6, 10),
(70, 56, 21, 10),
(70, 56, 23, 10),
(70, 56, 24, 10),
(70, 56, 91, 10),
(70, 60, 9, 10),
(70, 60, 10, 10),
(70, 60, 58, 10),
(70, 66, 14, 10),
(70, 66, 45, 10),
(70, 66, 46, 10),
(70, 66, 91, 10),
(70, 66, 151, 10),
(70, 68, 16, 10),
(70, 68, 21, 10),
(70, 68, 23, 10),
(70, 68, 108, 10),
(70, 68, 110, 10),
(70, 70, 43, 10),
(70, 70, 45, 10),
(70, 70, 47, 10),
(70, 70, 110, 10),
(70, 73, 15, 10),
(70, 73, 45, 10),
(70, 73, 46, 10),
(70, 73, 47, 10),
(70, 73, 106, 10),
(70, 78, 42, 10),
(70, 78, 186, 10),
(70, 90, 15, 10),
(70, 90, 16, 10),
(70, 90, 45, 10),
(70, 90, 46, 10),
(70, 93, 9, 10),
(70, 93, 10, 10),
(70, 93, 36, 10),
(70, 93, 118, 10),
(70, 97, 42, 10),
(70, 97, 63, 10),
(70, 97, 64, 10),
(70, 99, 15, 10),
(70, 99, 16, 10),
(70, 99, 44, 10),
(70, 99, 45, 10),
(70, 99, 106, 10),
(70, 100, 9, 10),
(70, 100, 19, 10),
(70, 100, 20, 10),
(70, 100, 30, 10),
(70, 100, 35, 10),
(70, 101, 38, 10),
(70, 101, 48, 10),
(70, 101, 54, 10),
(70, 101, 65, 10),
(70, 101, 70, 10),
(70, 109, 11, 10),
(70, 109, 30, 10),
(70, 109, 32, 10),
(70, 109, 35, 10),
(70, 109, 69, 10),
(71, 1, 21, 10),
(71, 5, 9, 10),
(71, 5, 12, 10),
(71, 5, 36, 10),
(71, 5, 118, 10),
(71, 7, 10, 10),
(71, 7, 20, 10),
(71, 7, 30, 10),
(71, 7, 31, 10),
(71, 7, 103, 10),
(71, 9, 8, 10),
(71, 9, 24, 10),
(71, 10, 7, 10),
(71, 10, 16, 10),
(71, 10, 21, 10),
(71, 10, 122, 10),
(71, 16, 43, 10),
(71, 16, 45, 10),
(71, 16, 110, 10),
(71, 19, 9, 10),
(71, 19, 19, 10),
(71, 19, 36, 10),
(71, 19, 87, 10),
(71, 24, 3, 10),
(71, 24, 9, 10),
(71, 24, 36, 10),
(71, 24, 69, 10),
(71, 25, 3, 10),
(71, 25, 18, 10),
(71, 25, 20, 10),
(71, 25, 52, 10),
(71, 25, 56, 10),
(71, 39, 9, 10),
(71, 39, 69, 10),
(71, 44, 3, 10),
(71, 44, 35, 10),
(71, 44, 50, 10),
(71, 44, 123, 10),
(71, 44, 126, 10),
(71, 52, 14, 10),
(71, 52, 15, 10),
(71, 52, 45, 10),
(71, 52, 46, 10),
(71, 52, 47, 10),
(71, 68, 16, 10),
(71, 68, 21, 10),
(71, 68, 23, 10),
(71, 68, 108, 10),
(71, 68, 110, 10),
(71, 89, 32, 10),
(71, 89, 35, 10),
(71, 89, 36, 10),
(71, 89, 69, 10),
(71, 89, 165, 10),
(71, 99, 15, 10),
(71, 99, 16, 10),
(71, 99, 44, 10),
(71, 99, 45, 10),
(71, 99, 106, 10),
(71, 100, 9, 10),
(71, 100, 19, 10),
(71, 100, 20, 10),
(71, 100, 30, 10),
(71, 100, 69, 10),
(71, 109, 11, 10),
(71, 109, 30, 10),
(71, 109, 32, 10),
(71, 109, 35, 10),
(71, 109, 69, 10),
(72, 1, 21, 10),
(72, 3, 50, 10),
(72, 3, 69, 10),
(72, 5, 9, 10),
(72, 5, 12, 10),
(72, 5, 36, 10),
(72, 7, 10, 10),
(72, 7, 20, 10),
(72, 7, 30, 10),
(72, 7, 31, 10),
(72, 7, 103, 10),
(72, 8, 7, 10),
(72, 8, 21, 10),
(72, 8, 26, 10),
(72, 9, 8, 10),
(72, 9, 24, 10),
(72, 10, 7, 10),
(72, 10, 16, 10),
(72, 10, 21, 10),
(72, 10, 122, 10),
(72, 13, 7, 10),
(72, 13, 21, 10),
(72, 13, 24, 10),
(72, 13, 26, 10),
(72, 13, 28, 10),
(72, 14, 3, 10),
(72, 14, 9, 10),
(72, 14, 30, 10),
(72, 16, 43, 10),
(72, 16, 45, 10),
(72, 16, 110, 10),
(72, 18, 5, 10),
(72, 18, 6, 10),
(72, 18, 7, 10),
(72, 18, 21, 10),
(72, 18, 110, 10),
(72, 20, 9, 10),
(72, 20, 20, 10),
(72, 20, 36, 10),
(72, 20, 50, 10),
(72, 20, 69, 10),
(72, 23, 9, 10),
(72, 23, 10, 10),
(72, 23, 19, 10),
(72, 23, 36, 10),
(72, 24, 3, 10),
(72, 24, 9, 10),
(72, 24, 36, 10),
(72, 24, 69, 10),
(72, 25, 3, 10),
(72, 25, 18, 10),
(72, 25, 20, 10),
(72, 25, 52, 10),
(72, 25, 56, 10),
(72, 27, 34, 10),
(72, 28, 9, 10),
(72, 28, 10, 10),
(72, 28, 51, 10),
(72, 28, 69, 10),
(72, 36, 9, 10),
(72, 36, 10, 10),
(72, 36, 51, 10),
(72, 39, 9, 10),
(72, 39, 69, 10),
(72, 45, 6, 10),
(72, 45, 7, 10),
(72, 45, 21, 10),
(72, 45, 24, 10),
(72, 45, 108, 10),
(72, 50, 17, 10),
(72, 50, 43, 10),
(72, 50, 46, 10),
(72, 50, 47, 10),
(72, 50, 91, 10),
(72, 52, 14, 10),
(72, 52, 15, 10),
(72, 52, 45, 10),
(72, 52, 46, 10),
(72, 52, 47, 10),
(72, 56, 5, 10),
(72, 56, 6, 10),
(72, 56, 21, 10),
(72, 56, 23, 10),
(72, 56, 24, 10),
(72, 60, 9, 10),
(72, 60, 10, 10),
(72, 60, 58, 10),
(72, 66, 14, 10),
(72, 66, 45, 10),
(72, 66, 46, 10),
(72, 66, 91, 10),
(72, 66, 151, 10),
(72, 68, 16, 10),
(72, 68, 21, 10),
(72, 68, 23, 10),
(72, 68, 108, 10),
(72, 68, 110, 10),
(72, 73, 15, 10),
(72, 73, 45, 10),
(72, 73, 46, 10),
(72, 73, 47, 10),
(72, 73, 106, 10),
(72, 90, 15, 10),
(72, 90, 16, 10),
(72, 90, 45, 10),
(72, 90, 46, 10),
(72, 90, 162, 10),
(72, 93, 9, 10),
(72, 93, 10, 10),
(72, 93, 36, 10),
(72, 93, 118, 10),
(72, 99, 15, 10),
(72, 99, 16, 10),
(72, 99, 44, 10),
(72, 99, 45, 10),
(72, 99, 106, 10),
(72, 100, 9, 10),
(72, 100, 19, 10),
(72, 100, 20, 10),
(72, 100, 30, 10),
(72, 100, 69, 10),
(72, 106, 9, 10),
(72, 106, 36, 10),
(72, 106, 68, 10),
(72, 106, 98, 10),
(72, 106, 103, 10),
(72, 109, 11, 10),
(72, 109, 30, 10),
(72, 109, 32, 10),
(72, 109, 35, 10),
(72, 109, 69, 10),
(73, 1, 21, 10),
(73, 8, 7, 10),
(73, 8, 21, 10),
(73, 8, 26, 10),
(73, 10, 7, 10),
(73, 10, 16, 10),
(73, 10, 21, 10),
(73, 10, 122, 10),
(73, 16, 43, 10),
(73, 16, 45, 10),
(73, 16, 110, 10),
(73, 18, 5, 10),
(73, 18, 6, 10),
(73, 18, 7, 10),
(73, 18, 110, 10),
(73, 20, 20, 10),
(73, 20, 36, 10),
(73, 20, 50, 10),
(73, 20, 69, 10),
(73, 23, 9, 10),
(73, 23, 10, 10),
(73, 23, 19, 10),
(73, 23, 36, 10),
(73, 24, 9, 10),
(73, 24, 36, 10),
(73, 24, 69, 10),
(73, 25, 3, 10),
(73, 25, 20, 10),
(73, 25, 52, 10),
(73, 25, 56, 10),
(73, 39, 9, 10),
(73, 39, 69, 10),
(73, 50, 17, 10),
(73, 50, 43, 10),
(73, 50, 46, 10),
(73, 50, 47, 10),
(73, 50, 91, 10),
(73, 52, 14, 10),
(73, 52, 15, 10),
(73, 52, 45, 10),
(73, 52, 47, 10),
(73, 56, 5, 10),
(73, 56, 6, 10),
(73, 56, 21, 10),
(73, 56, 23, 10),
(73, 56, 24, 10),
(73, 60, 9, 10),
(73, 60, 10, 10),
(73, 60, 58, 10),
(73, 62, 163, 10),
(73, 62, 165, 10),
(73, 62, 166, 10),
(73, 66, 14, 10),
(73, 66, 45, 10),
(73, 66, 46, 10),
(73, 66, 91, 10),
(73, 66, 151, 10),
(73, 68, 16, 10),
(73, 68, 21, 10),
(73, 68, 23, 10),
(73, 68, 108, 10),
(73, 68, 110, 10),
(73, 73, 15, 10),
(73, 73, 45, 10),
(73, 73, 46, 10),
(73, 73, 47, 10),
(73, 73, 106, 10),
(73, 85, 55, 10),
(73, 85, 62, 10),
(73, 85, 68, 10),
(73, 89, 32, 10),
(73, 89, 35, 10),
(73, 89, 36, 10),
(73, 89, 69, 10),
(73, 89, 165, 10),
(73, 90, 15, 10),
(73, 90, 16, 10),
(73, 90, 45, 10),
(73, 90, 46, 10),
(73, 90, 162, 10),
(73, 92, 42, 10),
(73, 92, 54, 10),
(73, 92, 158, 10),
(73, 100, 9, 10),
(73, 100, 19, 10),
(73, 100, 20, 10),
(73, 100, 30, 10),
(73, 100, 69, 10),
(73, 101, 38, 10),
(73, 101, 54, 10),
(73, 101, 65, 10),
(73, 101, 70, 10),
(73, 109, 11, 10),
(73, 109, 30, 10),
(73, 109, 32, 10),
(73, 109, 35, 10),
(73, 109, 69, 10),
(74, 8, 7, 10),
(74, 8, 21, 10),
(74, 8, 26, 10),
(74, 16, 43, 10),
(74, 16, 45, 10),
(74, 16, 110, 10),
(74, 24, 9, 10),
(74, 24, 36, 10),
(74, 24, 69, 10),
(74, 25, 3, 10),
(74, 25, 20, 10),
(74, 25, 52, 10),
(74, 25, 56, 10),
(74, 36, 9, 10),
(74, 36, 10, 10),
(74, 36, 51, 10),
(74, 41, 13, 10),
(74, 41, 14, 10),
(74, 41, 17, 10),
(74, 41, 162, 10),
(74, 44, 3, 10),
(74, 44, 35, 10),
(74, 44, 50, 10),
(74, 44, 123, 10),
(74, 44, 126, 10),
(74, 64, 8, 10),
(74, 64, 24, 10),
(74, 93, 9, 10),
(74, 93, 10, 10),
(74, 93, 36, 10),
(74, 93, 118, 10),
(74, 100, 9, 10),
(74, 100, 19, 10),
(74, 100, 20, 10),
(74, 100, 30, 10),
(74, 100, 69, 10),
(74, 121, 47, 10),
(74, 121, 161, 10),
(74, 121, 162, 10),
(75, 10, 7, 10),
(75, 10, 16, 10),
(75, 10, 21, 10),
(75, 10, 122, 10),
(75, 20, 20, 10),
(75, 20, 36, 10),
(75, 20, 50, 10),
(75, 20, 69, 10),
(75, 24, 9, 10),
(75, 24, 36, 10),
(75, 24, 69, 10),
(75, 27, 34, 10),
(75, 36, 9, 10),
(75, 36, 10, 10),
(75, 36, 51, 10),
(75, 41, 13, 10),
(75, 41, 14, 10),
(75, 41, 17, 10),
(75, 41, 162, 10),
(75, 64, 8, 10),
(75, 64, 24, 10),
(75, 68, 16, 10),
(75, 68, 21, 10),
(75, 68, 23, 10),
(75, 68, 108, 10),
(75, 68, 110, 10),
(75, 100, 9, 10),
(75, 100, 19, 10),
(75, 100, 20, 10),
(75, 100, 30, 10),
(75, 100, 69, 10),
(75, 101, 38, 10),
(75, 101, 65, 10),
(75, 101, 70, 10),
(76, 8, 7, 10),
(76, 8, 21, 10),
(76, 8, 26, 10),
(76, 10, 7, 10),
(76, 10, 16, 10),
(76, 10, 21, 10),
(76, 10, 122, 10),
(76, 16, 43, 10),
(76, 16, 45, 10),
(76, 16, 110, 10),
(76, 23, 9, 10),
(76, 23, 10, 10),
(76, 23, 19, 10),
(76, 24, 9, 10),
(76, 24, 36, 10),
(76, 24, 69, 10),
(76, 25, 3, 10),
(76, 25, 20, 10),
(76, 25, 36, 10),
(76, 25, 52, 10),
(76, 25, 56, 10),
(76, 41, 13, 10),
(76, 41, 14, 10),
(76, 41, 17, 10),
(76, 41, 162, 10),
(76, 44, 3, 10),
(76, 44, 35, 10),
(76, 44, 50, 10),
(76, 44, 123, 10),
(76, 44, 126, 10),
(76, 60, 9, 10),
(76, 60, 10, 10),
(76, 60, 58, 10),
(76, 68, 16, 10),
(76, 68, 21, 10),
(76, 68, 23, 10),
(76, 68, 110, 10),
(76, 90, 15, 10),
(76, 90, 16, 10),
(76, 90, 45, 10),
(76, 90, 46, 10),
(76, 100, 9, 10),
(76, 100, 19, 10),
(76, 100, 20, 10),
(76, 100, 30, 10),
(76, 100, 69, 10),
(76, 109, 11, 10),
(76, 109, 30, 10),
(76, 109, 32, 10),
(76, 109, 35, 10),
(76, 109, 69, 10),
(76, 121, 47, 10),
(76, 121, 161, 10),
(76, 121, 162, 10),
(77, 1, 21, 10),
(77, 1, 100, 10),
(77, 7, 10, 10),
(77, 7, 20, 10),
(77, 7, 30, 10),
(77, 7, 31, 10),
(77, 7, 103, 10),
(77, 8, 7, 10),
(77, 8, 21, 10),
(77, 8, 26, 10),
(77, 9, 8, 10),
(77, 9, 24, 10),
(77, 10, 7, 10),
(77, 10, 16, 10),
(77, 10, 21, 10),
(77, 10, 122, 10),
(77, 11, 7, 10),
(77, 11, 21, 10),
(77, 11, 24, 10),
(77, 11, 28, 10),
(77, 13, 7, 10),
(77, 13, 21, 10),
(77, 13, 24, 10),
(77, 13, 26, 10),
(77, 14, 3, 10),
(77, 14, 9, 10),
(77, 14, 30, 10),
(77, 16, 16, 10),
(77, 16, 43, 10),
(77, 16, 45, 10),
(77, 16, 110, 10),
(77, 18, 5, 10),
(77, 18, 6, 10),
(77, 18, 7, 10),
(77, 18, 110, 10),
(77, 19, 9, 10),
(77, 19, 19, 10),
(77, 20, 20, 10),
(77, 20, 36, 10),
(77, 20, 50, 10),
(77, 20, 69, 10),
(77, 23, 9, 10),
(77, 23, 10, 10),
(77, 23, 19, 10),
(77, 24, 9, 10),
(77, 24, 36, 10),
(77, 24, 69, 10),
(77, 25, 3, 10),
(77, 25, 20, 10),
(77, 25, 36, 10),
(77, 25, 52, 10),
(77, 25, 56, 10),
(77, 27, 34, 10),
(77, 36, 9, 10),
(77, 36, 10, 10),
(77, 36, 51, 10),
(77, 39, 9, 10),
(77, 39, 69, 10),
(77, 45, 6, 10),
(77, 45, 7, 10),
(77, 45, 21, 10),
(77, 45, 24, 10),
(77, 45, 108, 10),
(77, 52, 14, 10),
(77, 52, 15, 10),
(77, 52, 45, 10),
(77, 52, 47, 10),
(77, 56, 5, 10),
(77, 56, 6, 10),
(77, 56, 21, 10),
(77, 56, 23, 10),
(77, 56, 24, 10),
(77, 60, 9, 10),
(77, 60, 10, 10),
(77, 60, 58, 10),
(77, 66, 14, 10),
(77, 66, 45, 10),
(77, 66, 46, 10),
(77, 66, 91, 10),
(77, 66, 151, 10),
(77, 68, 16, 10),
(77, 68, 21, 10),
(77, 68, 23, 10),
(77, 68, 110, 10),
(77, 70, 43, 10),
(77, 70, 45, 10),
(77, 70, 47, 10),
(77, 70, 110, 10),
(77, 73, 15, 10),
(77, 73, 45, 10),
(77, 73, 46, 10),
(77, 73, 106, 10),
(77, 90, 15, 10),
(77, 90, 16, 10),
(77, 90, 45, 10),
(77, 90, 46, 10),
(77, 93, 9, 10),
(77, 93, 10, 10),
(77, 93, 36, 10),
(77, 97, 42, 10),
(77, 97, 64, 10),
(77, 100, 9, 10),
(77, 100, 19, 10),
(77, 100, 20, 10),
(77, 100, 30, 10),
(77, 100, 69, 10),
(77, 109, 11, 10),
(77, 109, 30, 10),
(77, 109, 32, 10),
(77, 109, 35, 10),
(77, 109, 69, 10),
(77, 118, 7, 10),
(77, 118, 18, 10),
(77, 118, 21, 10),
(77, 118, 25, 10),
(77, 118, 108, 10),
(78, 8, 7, 10),
(78, 8, 21, 10),
(78, 8, 26, 10),
(78, 9, 8, 10),
(78, 9, 24, 10),
(78, 10, 7, 10),
(78, 10, 16, 10),
(78, 10, 21, 10),
(78, 10, 122, 10),
(78, 19, 9, 10),
(78, 19, 19, 10),
(78, 23, 9, 10),
(78, 23, 10, 10),
(78, 23, 19, 10),
(78, 24, 9, 10),
(78, 24, 36, 10),
(78, 24, 69, 10),
(78, 25, 3, 10),
(78, 25, 20, 10),
(78, 25, 36, 10),
(78, 25, 52, 10),
(78, 36, 9, 10),
(78, 36, 10, 10),
(78, 36, 51, 10),
(78, 41, 13, 10),
(78, 41, 14, 10),
(78, 41, 17, 10),
(78, 41, 162, 10),
(78, 44, 3, 10),
(78, 44, 35, 10),
(78, 44, 50, 10),
(78, 44, 123, 10),
(78, 44, 126, 10),
(78, 68, 16, 10),
(78, 68, 21, 10),
(78, 68, 23, 10),
(78, 68, 110, 10),
(78, 70, 43, 10),
(78, 70, 45, 10),
(78, 70, 47, 10),
(78, 70, 110, 10),
(78, 90, 15, 10),
(78, 90, 16, 10),
(78, 90, 45, 10),
(78, 90, 46, 10),
(78, 100, 9, 10),
(78, 100, 19, 10),
(78, 100, 20, 10),
(78, 100, 30, 10),
(78, 100, 69, 10),
(78, 109, 11, 10),
(78, 109, 30, 10),
(78, 109, 32, 10),
(78, 109, 35, 10),
(78, 109, 69, 10),
(79, 1, 21, 10),
(79, 1, 100, 10),
(79, 7, 10, 10),
(79, 7, 20, 10),
(79, 7, 30, 10),
(79, 7, 31, 10),
(79, 8, 7, 10),
(79, 8, 21, 10),
(79, 8, 26, 10),
(79, 9, 8, 10),
(79, 9, 24, 10),
(79, 10, 7, 10),
(79, 10, 16, 10),
(79, 10, 21, 10),
(79, 10, 122, 10),
(79, 11, 7, 10),
(79, 11, 21, 10),
(79, 11, 24, 10),
(79, 11, 28, 10),
(79, 16, 43, 10),
(79, 16, 45, 10),
(79, 16, 110, 10),
(79, 20, 20, 10),
(79, 20, 36, 10),
(79, 20, 50, 10),
(79, 20, 69, 10),
(79, 23, 9, 10),
(79, 23, 10, 10),
(79, 23, 19, 10),
(79, 24, 9, 10),
(79, 24, 36, 10),
(79, 24, 69, 10),
(79, 25, 3, 10),
(79, 25, 20, 10),
(79, 25, 36, 10),
(79, 25, 52, 10),
(79, 39, 9, 10),
(79, 39, 69, 10),
(79, 45, 7, 10),
(79, 45, 16, 10),
(79, 45, 21, 10),
(79, 45, 24, 10),
(79, 45, 108, 10),
(79, 52, 14, 10),
(79, 52, 15, 10),
(79, 52, 45, 10),
(79, 52, 47, 10),
(79, 56, 5, 10),
(79, 56, 6, 10),
(79, 56, 21, 10),
(79, 56, 23, 10),
(79, 56, 24, 10),
(79, 60, 9, 10),
(79, 60, 10, 10),
(79, 60, 58, 10),
(79, 66, 14, 10),
(79, 66, 45, 10),
(79, 66, 46, 10),
(79, 66, 91, 10),
(79, 66, 151, 10),
(79, 68, 16, 10),
(79, 68, 21, 10),
(79, 68, 23, 10),
(79, 68, 110, 10),
(79, 70, 43, 10),
(79, 70, 45, 10),
(79, 70, 47, 10),
(79, 70, 110, 10),
(79, 73, 15, 10),
(79, 73, 45, 10),
(79, 73, 46, 10),
(79, 73, 106, 10),
(79, 90, 15, 10),
(79, 90, 16, 10),
(79, 90, 45, 10),
(79, 90, 46, 10),
(79, 93, 9, 10),
(79, 93, 10, 10),
(79, 93, 36, 10),
(79, 100, 9, 10),
(79, 100, 19, 10),
(79, 100, 20, 10),
(79, 100, 30, 10),
(79, 100, 69, 10),
(80, 8, 7, 10),
(80, 8, 21, 10),
(80, 8, 26, 10),
(80, 10, 7, 10),
(80, 10, 16, 10),
(80, 10, 21, 10),
(80, 10, 122, 10),
(80, 24, 9, 10),
(80, 24, 36, 10),
(80, 24, 69, 10),
(80, 60, 9, 10),
(80, 60, 10, 10),
(80, 60, 58, 10),
(80, 64, 8, 10),
(80, 64, 24, 10),
(80, 66, 14, 10),
(80, 66, 45, 10),
(80, 66, 46, 10),
(80, 66, 91, 10),
(80, 66, 151, 10),
(80, 68, 16, 10),
(80, 68, 21, 10),
(80, 68, 23, 10),
(80, 68, 110, 10),
(80, 100, 9, 10),
(80, 100, 19, 10),
(80, 100, 20, 10),
(80, 100, 30, 10),
(80, 100, 69, 10),
(80, 101, 38, 10),
(80, 101, 65, 10),
(80, 101, 70, 10),
(80, 109, 11, 10),
(80, 109, 30, 10),
(80, 109, 32, 10),
(80, 109, 35, 10),
(80, 109, 69, 10),
(80, 121, 47, 10),
(80, 121, 161, 10),
(80, 121, 162, 10),
(81, 1, 21, 10),
(81, 1, 100, 10),
(81, 5, 9, 10),
(81, 5, 12, 10),
(81, 5, 36, 10),
(81, 7, 10, 10),
(81, 7, 20, 10),
(81, 7, 30, 10),
(81, 7, 31, 10),
(81, 8, 7, 10),
(81, 8, 21, 10),
(81, 8, 26, 10),
(81, 9, 8, 10),
(81, 9, 24, 10),
(81, 10, 7, 10),
(81, 10, 16, 10),
(81, 10, 21, 10),
(81, 10, 122, 10),
(81, 11, 7, 10),
(81, 11, 21, 10),
(81, 11, 24, 10),
(81, 11, 28, 10),
(81, 13, 7, 10),
(81, 13, 21, 10),
(81, 13, 24, 10),
(81, 13, 26, 10),
(81, 14, 3, 10),
(81, 14, 30, 10),
(81, 15, 15, 10),
(81, 15, 17, 10),
(81, 15, 44, 10),
(81, 15, 45, 10),
(81, 15, 106, 10),
(81, 16, 43, 10),
(81, 16, 45, 10),
(81, 16, 110, 10),
(81, 19, 9, 10),
(81, 19, 19, 10),
(81, 20, 20, 10),
(81, 20, 36, 10),
(81, 20, 50, 10),
(81, 20, 69, 10),
(81, 24, 9, 10),
(81, 24, 36, 10),
(81, 24, 69, 10),
(81, 25, 3, 10),
(81, 25, 20, 10),
(81, 25, 36, 10),
(81, 25, 52, 10),
(81, 27, 34, 10),
(81, 28, 9, 10),
(81, 28, 10, 10),
(81, 28, 51, 10),
(81, 28, 69, 10),
(81, 36, 9, 10),
(81, 36, 10, 10),
(81, 36, 51, 10),
(81, 45, 7, 10),
(81, 45, 16, 10),
(81, 45, 21, 10),
(81, 45, 24, 10),
(81, 45, 108, 10),
(81, 50, 43, 10),
(81, 50, 46, 10),
(81, 50, 47, 10),
(81, 50, 91, 10),
(81, 50, 110, 10),
(81, 52, 14, 10),
(81, 52, 15, 10),
(81, 52, 45, 10),
(81, 52, 47, 10),
(81, 56, 5, 10),
(81, 56, 6, 10),
(81, 56, 21, 10),
(81, 56, 23, 10),
(81, 56, 24, 10),
(81, 60, 9, 10),
(81, 60, 10, 10),
(81, 60, 58, 10),
(81, 66, 14, 10),
(81, 66, 45, 10),
(81, 66, 46, 10),
(81, 66, 91, 10),
(81, 66, 151, 10),
(81, 68, 16, 10),
(81, 68, 21, 10),
(81, 68, 23, 10),
(81, 68, 110, 10),
(81, 70, 43, 10),
(81, 70, 45, 10),
(81, 70, 47, 10),
(81, 70, 110, 10),
(81, 73, 15, 10),
(81, 73, 45, 10),
(81, 73, 46, 10),
(81, 73, 106, 10),
(81, 90, 15, 10),
(81, 90, 16, 10),
(81, 90, 45, 10),
(81, 90, 46, 10),
(81, 93, 9, 10),
(81, 93, 10, 10),
(81, 97, 42, 10),
(81, 97, 64, 10),
(81, 99, 15, 10),
(81, 99, 16, 10),
(81, 99, 44, 10),
(81, 99, 45, 10),
(81, 99, 106, 10),
(81, 100, 9, 10),
(81, 100, 19, 10),
(81, 100, 20, 10),
(81, 100, 30, 10),
(81, 100, 69, 10),
(81, 109, 11, 10),
(81, 109, 20, 10),
(81, 109, 30, 10),
(81, 109, 32, 10),
(81, 109, 69, 10),
(81, 118, 7, 10),
(81, 118, 18, 10),
(81, 118, 21, 10),
(81, 118, 25, 10),
(81, 118, 108, 10),
(82, 8, 7, 10),
(82, 8, 21, 10),
(82, 8, 26, 10),
(82, 9, 8, 10),
(82, 9, 24, 10),
(82, 10, 7, 10),
(82, 10, 16, 10),
(82, 10, 21, 10),
(82, 10, 122, 10),
(82, 11, 7, 10),
(82, 11, 21, 10),
(82, 11, 24, 10),
(82, 11, 28, 10),
(82, 14, 3, 10),
(82, 14, 30, 10),
(82, 15, 15, 10),
(82, 15, 17, 10),
(82, 15, 44, 10),
(82, 15, 45, 10),
(82, 15, 106, 10),
(82, 16, 43, 10),
(82, 16, 45, 10),
(82, 16, 110, 10),
(82, 20, 20, 10),
(82, 20, 36, 10),
(82, 20, 50, 10),
(82, 20, 69, 10),
(82, 24, 9, 10),
(82, 24, 36, 10),
(82, 24, 69, 10),
(82, 25, 3, 10),
(82, 25, 20, 10),
(82, 25, 36, 10),
(82, 25, 52, 10),
(82, 50, 43, 10),
(82, 50, 46, 10),
(82, 50, 47, 10),
(82, 50, 91, 10),
(82, 50, 110, 10),
(82, 52, 14, 10),
(82, 52, 15, 10),
(82, 52, 45, 10),
(82, 52, 47, 10),
(82, 56, 5, 10),
(82, 56, 6, 10),
(82, 56, 21, 10),
(82, 56, 23, 10),
(82, 56, 24, 10),
(82, 59, 31, 10),
(82, 59, 32, 10),
(82, 59, 63, 10),
(82, 60, 9, 10),
(82, 60, 10, 10),
(82, 60, 58, 10),
(82, 64, 8, 10),
(82, 64, 24, 10),
(82, 66, 14, 10),
(82, 66, 45, 10),
(82, 66, 46, 10),
(82, 66, 91, 10),
(82, 66, 151, 10),
(82, 70, 43, 10),
(82, 70, 45, 10),
(82, 70, 47, 10),
(82, 70, 110, 10),
(82, 85, 55, 10),
(82, 85, 62, 10),
(82, 85, 68, 10),
(82, 90, 15, 10),
(82, 90, 16, 10),
(82, 90, 45, 10),
(82, 90, 46, 10),
(82, 92, 42, 10),
(82, 92, 54, 10),
(82, 92, 158, 10),
(82, 99, 15, 10),
(82, 99, 16, 10),
(82, 99, 44, 10),
(82, 99, 45, 10),
(82, 99, 106, 10),
(82, 100, 9, 10),
(82, 100, 19, 10),
(82, 100, 20, 10),
(82, 100, 30, 10),
(82, 100, 69, 10),
(82, 109, 11, 10),
(82, 109, 20, 10),
(82, 109, 30, 10),
(82, 109, 32, 10),
(82, 109, 69, 10),
(82, 118, 7, 10),
(82, 118, 18, 10),
(82, 118, 21, 10),
(82, 118, 25, 10),
(82, 118, 108, 10),
(82, 121, 47, 10),
(82, 121, 161, 10),
(82, 121, 162, 10),
(83, 10, 7, 10),
(83, 10, 16, 10),
(83, 10, 21, 10),
(83, 10, 122, 10),
(83, 14, 3, 10),
(83, 14, 30, 10),
(83, 15, 15, 10),
(83, 15, 17, 10),
(83, 15, 44, 10),
(83, 15, 45, 10),
(83, 15, 106, 10),
(83, 19, 9, 10),
(83, 19, 19, 10),
(83, 24, 9, 10),
(83, 24, 36, 10),
(83, 24, 69, 10),
(83, 25, 3, 10),
(83, 25, 20, 10),
(83, 25, 36, 10),
(83, 25, 52, 10),
(83, 41, 13, 10),
(83, 41, 14, 10),
(83, 41, 17, 10),
(83, 41, 162, 10),
(83, 44, 3, 10),
(83, 44, 35, 10),
(83, 44, 50, 10),
(83, 44, 123, 10),
(83, 44, 126, 10),
(83, 64, 8, 10),
(83, 64, 24, 10),
(83, 66, 14, 10),
(83, 66, 46, 10),
(83, 66, 91, 10),
(83, 66, 151, 10),
(83, 68, 16, 10),
(83, 68, 21, 10),
(83, 68, 23, 10),
(83, 68, 110, 10),
(83, 87, 40, 10),
(83, 87, 54, 10),
(83, 87, 73, 10),
(83, 87, 77, 10),
(83, 87, 95, 10),
(83, 100, 9, 10),
(83, 100, 19, 10),
(83, 100, 20, 10),
(83, 100, 30, 10),
(83, 100, 69, 10),
(83, 101, 38, 10),
(83, 101, 65, 10),
(83, 101, 70, 10),
(83, 110, 14, 10),
(83, 110, 38, 10),
(83, 110, 63, 10),
(83, 110, 65, 10),
(83, 126, 46, 10),
(83, 126, 106, 10),
(83, 126, 107, 10),
(83, 126, 151, 10),
(84, 8, 7, 10),
(84, 8, 21, 10),
(84, 8, 26, 10),
(84, 10, 7, 10),
(84, 10, 16, 10),
(84, 10, 21, 10),
(84, 10, 122, 10),
(84, 15, 15, 10),
(84, 15, 17, 10),
(84, 15, 45, 10),
(84, 15, 106, 10),
(84, 15, 110, 10),
(84, 24, 9, 10),
(84, 24, 36, 10),
(84, 24, 69, 10),
(84, 25, 3, 10),
(84, 25, 20, 10),
(84, 25, 36, 10),
(84, 25, 52, 10),
(84, 27, 34, 10),
(84, 41, 13, 10),
(84, 41, 14, 10),
(84, 41, 17, 10),
(84, 41, 162, 10),
(84, 66, 14, 10),
(84, 66, 46, 10),
(84, 66, 91, 10),
(84, 66, 151, 10),
(84, 68, 16, 10),
(84, 68, 21, 10),
(84, 68, 23, 10),
(84, 68, 110, 10),
(84, 78, 186, 10),
(84, 97, 42, 10),
(84, 97, 64, 10),
(84, 99, 15, 10),
(84, 99, 16, 10),
(84, 99, 44, 10),
(84, 99, 45, 10),
(84, 99, 106, 10),
(84, 101, 38, 10),
(84, 101, 65, 10),
(84, 101, 70, 10),
(84, 109, 11, 10),
(84, 109, 20, 10),
(84, 109, 30, 10),
(84, 109, 69, 10),
(84, 127, 11, 10),
(84, 127, 36, 10),
(84, 127, 42, 10),
(84, 127, 62, 10),
(84, 127, 63, 10);

-- --------------------------------------------------------

--
-- Stand-in structure for view `raid_size`
-- (See below for the actual view)
--
CREATE TABLE `raid_size` (
`raid` int(11)
,`name` varchar(128)
,`date` datetime
,`size` bigint(21)
);

-- --------------------------------------------------------

--
-- Table structure for table `user`
--

CREATE TABLE `user` (
  `id` int(11) NOT NULL,
  `name` varchar(128) NOT NULL,
  `email` varchar(128) NOT NULL,
  `pass` varchar(256) NOT NULL,
  `role` varchar(128) DEFAULT NULL
) ENGINE=InnoDB DEFAULT CHARSET=utf8mb4;

--
-- Dumping data for table `user`
--

INSERT INTO `user` (`id`, `name`, `email`, `pass`, `role`) VALUES
(1, 'Galy', 'shionn@gmail.com', 'ed453ddf63a61d059c415674b8934606b54a15b4bcb79553ffe11dbf130f158b', 'ROLE_ADMIN:ROLE_MDC'),
(2, 'Cerise', 'magalielal8@gmail.com', '485f72df06fc91c4d7559fcb6df9401e2a7c4eedfe0f83f2ba66d54e74479a46', 'ROLE_ADMIN:ROLE_MDC'),
(3, 'Taecia', 'fouille.jeremy@gmail.com', '5975e2a8507dc8768d7b0eae3c8eafef02f346bc2d95c14c22e3dddff538189c', 'ROLE_ADMIN:ROLE_MDC'),
(4, 'Nak', 'quentinlla@outlook.fr', '8d969eef6ecad3c29a3a629280e686cf0c3f5d5a86aff3ca12020c923adc6c92', 'ROLE_MDC'),
(5, 'Xemac', 'xehmac@hotmail.com', 'c63fe5c8e02820bb858eb56767e2c558d8f179a16c6c50acc109db66e31f8d69', 'ROLE_MDC'),
(6, 'Argawaen', 'romuald.saas@gmail.com', 'f11f515bf51a0e6c8ece542f07cb8e2a38eb1d5361f41821541480e7f6c6deff', 'ROLE_MDC'),
(8, 'Arkinor', 'victor.depaillette@gmail.com - desctivé', 'desactivé', ''),
(10, 'knarnf', 'edoardo.dagostino@gmail.com', '0d9eae55db2b0ae4fd2828eb21659666c32d1b3d9afeb6e7586f33f3fd83cef2', 'ROLE_MDC'),
(11, 'Danaé', 'selenajeusset@hotmail.fr', '640632983ba14acf7da857b23edd34465f075ac7d1529cadf6fbdfd099892b53', 'ROLE_MDC'),
(12, 'Glumorg', 'Bouviergermain@ymail.com', '44021940846d6d6e47166845ebaa7701d6c76db948867ea3465e6579c0416008', 'ROLE_MDC'),
(13, 'Meurtrière', 'lois.arens@live.fr', 'c95127058923e84d53e73137b9fe6228470d01f56088a17180ee68d4e6dbc70b', 'ROLE_MDC'),
(14, 'Edenya', 'ngavant1412@gmail.com', 'e4954fb2c6aef227b5c02d44693305627c3e35e43a580711f2df5f17fa4d986e', 'ROLE_ADMIN:ROLE_MDC');

-- --------------------------------------------------------

--
-- Structure for view `evgp`
--
DROP TABLE IF EXISTS `evgp`;

CREATE ALGORITHM=UNDEFINED DEFINER=`root`@`localhost` SQL SECURITY DEFINER VIEW `evgp`  AS  select `ev`.`player` AS `player`,`ev`.`name` AS `name`,`ev`.`ev` AS `ev`,`gp`.`gp` AS `gp`,(`gp`.`gp` / `ev`.`ev`) AS `ratio` from (`player_ev` `ev` left join `player_gp` `gp` on((`gp`.`player` = `ev`.`player`))) ;

-- --------------------------------------------------------

--
-- Structure for view `item_point_history`
--
DROP TABLE IF EXISTS `item_point_history`;

CREATE ALGORITHM=UNDEFINED DEFINER=`root`@`localhost` SQL SECURITY DEFINER VIEW `item_point_history`  AS  (select `i`.`id` AS `item`,`i`.`name` AS `item_name`,`p`.`id` AS `player`,`p`.`name` AS `player_name`,NULL AS `item_loot_name`,`r`.`point` AS `point`,`r`.`date` AS `date`,'raid' AS `type` from ((((`raid_entry` `rp` join `raid` `r` on((`r`.`id` = `rp`.`raid`))) join `player` `p` on((`p`.`id` = `rp`.`player`))) join `player_wish` `pw` on((`pw`.`player` = `rp`.`player`))) join `item` `i` on((`i`.`id` = `pw`.`item`)))) union (select `i`.`id` AS `item`,`i`.`name` AS `item_name`,`p`.`id` AS `player`,`p`.`name` AS `player_name`,`il`.`name` AS `item_loot_name`,-(`pl`.`ratio`) AS `point`,`r`.`date` AS `date`,'loot' AS `type` from (((((`player_loot` `pl` join `raid` `r` on((`r`.`id` = `pl`.`raid`))) join `player_wish` `pw` on((`pl`.`player` = `pw`.`player`))) join `item` `i` on((`i`.`id` = `pw`.`item`))) join `item` `il` on((`il`.`id` = `pl`.`item`))) join `player` `p` on((`p`.`id` = `pl`.`player`))) where (`pl`.`ratio` <> 0)) ;

-- --------------------------------------------------------

--
-- Structure for view `item_point_history_loot`
--
DROP TABLE IF EXISTS `item_point_history_loot`;

CREATE ALGORITHM=UNDEFINED DEFINER=`root`@`localhost` SQL SECURITY DEFINER VIEW `item_point_history_loot`  AS  select `item_point_history`.`item` AS `item`,`item_point_history`.`player` AS `player`,sum(-(`item_point_history`.`point`)) AS `point` from `item_point_history` where (`item_point_history`.`type` = 'loot') group by `item_point_history`.`item`,`item_point_history`.`player` ;

-- --------------------------------------------------------

--
-- Structure for view `item_point_history_raid`
--
DROP TABLE IF EXISTS `item_point_history_raid`;

CREATE ALGORITHM=UNDEFINED DEFINER=`root`@`localhost` SQL SECURITY DEFINER VIEW `item_point_history_raid`  AS  select `item_point_history`.`item` AS `item`,`item_point_history`.`player` AS `player`,sum(`item_point_history`.`point`) AS `point` from `item_point_history` where (`item_point_history`.`type` = 'raid') group by `item_point_history`.`item`,`item_point_history`.`player` ;

-- --------------------------------------------------------

--
-- Structure for view `item_priority`
--
DROP TABLE IF EXISTS `item_priority`;

CREATE ALGORITHM=UNDEFINED DEFINER=`root`@`localhost` SQL SECURITY DEFINER VIEW `item_priority`  AS  select `i`.`id` AS `item`,`p`.`id` AS `player`,`i`.`name` AS `item_name`,`p`.`name` AS `player_name`,round(ifnull(((sum(`l`.`point`) * 100) / sum(`r`.`point`)),0),0) AS `point`,`pw`.`ratio` AS `ratio`,`evgp`.`ev` AS `ev`,`evgp`.`gp` AS `gp`,round((`evgp`.`ratio` * 100),0) AS `evgp_ratio`,round(ifnull(sum(`l`.`point`),0),0) AS `nb_loot`,ifnull(sum(`r`.`point`),0) AS `nb_raid`,ifnull(`nl`.`nb_raid`,0) AS `nb_raid_without_loot`,ifnull(`pww`.`point`,0) AS `nb_raid_wait` from (((((((`player_wish` `pw` join `item` `i` on((`pw`.`item` = `i`.`id`))) join `player` `p` on((`pw`.`player` = `p`.`id`))) left join `item_point_history_loot` `l` on(((`pw`.`item` = `l`.`item`) and (`pw`.`player` = `l`.`player`)))) left join `item_point_history_raid` `r` on(((`pw`.`item` = `r`.`item`) and (`pw`.`player` = `r`.`player`)))) left join `no_loot` `nl` on((`nl`.`player` = `p`.`id`))) left join `player_wish_wait` `pww` on(((`pww`.`player` = `pw`.`player`) and (`pww`.`item` = `pw`.`item`)))) left join `evgp` on((`evgp`.`player` = `p`.`id`))) where (`pw`.`running` = 1) group by `i`.`id`,`p`.`id` ;

-- --------------------------------------------------------

--
-- Structure for view `last_player_loot`
--
DROP TABLE IF EXISTS `last_player_loot`;

CREATE ALGORITHM=UNDEFINED DEFINER=`root`@`localhost` SQL SECURITY DEFINER VIEW `last_player_loot`  AS  select `e`.`player` AS `player`,max(`r`.`date`) AS `loot_date` from ((`raid` `r` join `raid_entry` `e` on((`r`.`id` = `e`.`raid`))) join `player_loot` `l` on(((`r`.`id` = `l`.`raid`) and (`l`.`player` = `e`.`player`)))) where (`l`.`ratio` >= 10) group by `e`.`player` ;

-- --------------------------------------------------------

--
-- Structure for view `last_raid_attendance`
--
DROP TABLE IF EXISTS `last_raid_attendance`;

CREATE ALGORITHM=UNDEFINED DEFINER=`root`@`localhost` SQL SECURITY DEFINER VIEW `last_raid_attendance`  AS  select `p`.`id` AS `player`,`p`.`name` AS `player_name`,`r`.`instance` AS `instance`,count(`r`.`id`) AS `attendance` from ((`raid` `r` join `raid_entry` `re` on((`r`.`id` = `re`.`raid`))) join `player` `p` on(((`p`.`id` = `re`.`player`) and (`p`.`rank` <> 'inactif')))) where (`r`.`date` >= cast((now() - interval 14 day) as date)) group by `re`.`player`,`r`.`instance` ;

-- --------------------------------------------------------

--
-- Structure for view `loot_history`
--
DROP TABLE IF EXISTS `loot_history`;

CREATE ALGORITHM=UNDEFINED DEFINER=`root`@`localhost` SQL SECURITY DEFINER VIEW `loot_history`  AS  select `i`.`id` AS `item_id`,`i`.`name` AS `item_name`,`i`.`big` AS `item_big`,`p`.`id` AS `player_id`,`p`.`name` AS `player_name`,`r`.`date` AS `loot_date`,`r`.`id` AS `raid`,`i`.`gp` AS `initial_gp`,round((`i`.`gp` * pow(0.85,((to_days(curdate()) - to_days(`r`.`date`)) DIV 7))),0) AS `gp`,(case when (`pl`.`wl` = 1) then 'wishList' when (`pl`.`ratio` >= 10) then 'primary' when (`i`.`id` in (82,143,144,147,169)) then 'bag' else 'secondary' end) AS `attribution` from (((`player_loot` `pl` join `item` `i` on((`i`.`id` = `pl`.`item`))) join `player` `p` on((`p`.`id` = `pl`.`player`))) join `raid` `r` on((`r`.`id` = `pl`.`raid`))) ;

-- --------------------------------------------------------

--
-- Structure for view `no_loot`
--
DROP TABLE IF EXISTS `no_loot`;

CREATE ALGORITHM=UNDEFINED DEFINER=`root`@`localhost` SQL SECURITY DEFINER VIEW `no_loot`  AS  select sum(`r`.`point`) AS `nb_raid`,`e`.`player` AS `player` from (`raid` `r` join `raid_entry` `e` on((`e`.`raid` = `r`.`id`))) where (`r`.`date` > (select `lpl`.`loot_date` from `last_player_loot` `lpl` where (`lpl`.`player` = `e`.`player`))) group by `e`.`player` ;

-- --------------------------------------------------------

--
-- Structure for view `player_ev`
--
DROP TABLE IF EXISTS `player_ev`;

CREATE ALGORITHM=UNDEFINED DEFINER=`root`@`localhost` SQL SECURITY DEFINER VIEW `player_ev`  AS  select `p`.`id` AS `player`,`p`.`name` AS `name`,sum(`ev`.`ev_per_player`) AS `ev` from ((`player` `p` join `raid_entry` `re` on((`p`.`id` = `re`.`player`))) join `raid_ev` `ev` on((`re`.`raid` = `ev`.`raid`))) group by `re`.`player` ;

-- --------------------------------------------------------

--
-- Structure for view `player_gp`
--
DROP TABLE IF EXISTS `player_gp`;

CREATE ALGORITHM=UNDEFINED DEFINER=`root`@`localhost` SQL SECURITY DEFINER VIEW `player_gp`  AS  select `p`.`id` AS `player`,`p`.`name` AS `name`,sum(round((`i`.`gp` * pow(0.85,((to_days(curdate()) - to_days(`r`.`date`)) DIV 7))),0)) AS `gp` from (((`player` `p` join `player_loot` `pl` on(((`p`.`id` = `pl`.`player`) and (`pl`.`ratio` > 0)))) join `raid` `r` on(((`r`.`id` = `pl`.`raid`) and (`r`.`point` > 0)))) join `item` `i` on((`i`.`id` = `pl`.`item`))) group by `pl`.`player` ;

-- --------------------------------------------------------

--
-- Structure for view `player_wish_wait`
--
DROP TABLE IF EXISTS `player_wish_wait`;

CREATE ALGORITHM=UNDEFINED DEFINER=`root`@`localhost` SQL SECURITY DEFINER VIEW `player_wish_wait`  AS  select `i`.`id` AS `item`,`i`.`name` AS `item_name`,`p`.`id` AS `player`,`p`.`name` AS `player_name`,`p`.`rank` AS `rank`,`p`.`class` AS `class`,(sum((`r`.`point` * `rpw`.`ratio`)) / 10) AS `point` from ((((`raid_player_wish` `rpw` join `player_wish` `pw` on(((`pw`.`player` = `rpw`.`player`) and (`pw`.`item` = `rpw`.`item`) and (`pw`.`running` = 1)))) join `raid` `r` on((`r`.`id` = `rpw`.`raid`))) join `player` `p` on((`p`.`id` = `rpw`.`player`))) join `item` `i` on((`i`.`id` = `rpw`.`item`))) group by `i`.`id`,`p`.`id` ;

-- --------------------------------------------------------

--
-- Structure for view `raid_attendance`
--
DROP TABLE IF EXISTS `raid_attendance`;

CREATE ALGORITHM=UNDEFINED DEFINER=`root`@`localhost` SQL SECURITY DEFINER VIEW `raid_attendance`  AS  select `p`.`id` AS `player`,`p`.`name` AS `player_name`,`r`.`instance` AS `instance`,count(`r`.`id`) AS `attendance` from ((`raid` `r` join `raid_entry` `re` on((`r`.`id` = `re`.`raid`))) join `player` `p` on(((`p`.`id` = `re`.`player`) and (`p`.`rank` <> 'inactif')))) group by `re`.`player`,`r`.`instance` ;

-- --------------------------------------------------------

--
-- Structure for view `raid_ev`
--
DROP TABLE IF EXISTS `raid_ev`;

CREATE ALGORITHM=UNDEFINED DEFINER=`root`@`localhost` SQL SECURITY DEFINER VIEW `raid_ev`  AS  select `r`.`id` AS `raid`,`r`.`name` AS `name`,`r`.`instance` AS `instance`,`r`.`date` AS `date`,`rs`.`size` AS `size`,sum(`i`.`gp`) AS `initial_ev`,((to_days(curdate()) - to_days(`r`.`date`)) DIV 7) AS `week_ago`,round((sum(`i`.`gp`) * pow(0.9,((to_days(curdate()) - to_days(`r`.`date`)) DIV 7))),0) AS `ev`,(sum(`i`.`gp`) DIV `rs`.`size`) AS `ev_per_player_initial`,(round((sum(`i`.`gp`) * pow(0.9,((to_days(curdate()) - to_days(`r`.`date`)) DIV 7))),0) DIV `rs`.`size`) AS `ev_per_player` from (((`raid` `r` join `raid_size` `rs` on((`r`.`id` = `rs`.`raid`))) join `player_loot` `pl` on(((`r`.`id` = `pl`.`raid`) and (`pl`.`ratio` > 0)))) join `item` `i` on((`i`.`id` = `pl`.`item`))) where (`r`.`point` > 0) group by `r`.`id` ;

-- --------------------------------------------------------

--
-- Structure for view `raid_size`
--
DROP TABLE IF EXISTS `raid_size`;

CREATE ALGORITHM=UNDEFINED DEFINER=`root`@`localhost` SQL SECURITY DEFINER VIEW `raid_size`  AS  select `r`.`id` AS `raid`,`r`.`name` AS `name`,`r`.`date` AS `date`,count(`e`.`player`) AS `size` from (`raid` `r` join `raid_entry` `e` on((`r`.`id` = `e`.`raid`))) group by `e`.`raid` ;

--
-- Indexes for dumped tables
--

--
-- Indexes for table `item`
--
ALTER TABLE `item`
  ADD PRIMARY KEY (`id`),
  ADD KEY `raid` (`raid`);

--
-- Indexes for table `player`
--
ALTER TABLE `player`
  ADD PRIMARY KEY (`id`);

--
-- Indexes for table `player_loot`
--
ALTER TABLE `player_loot`
  ADD PRIMARY KEY (`player`,`item`,`raid`),
  ADD KEY `item` (`item`),
  ADD KEY `raid` (`raid`);

--
-- Indexes for table `player_wish`
--
ALTER TABLE `player_wish`
  ADD PRIMARY KEY (`player`,`item`),
  ADD KEY `item` (`item`);

--
-- Indexes for table `raid`
--
ALTER TABLE `raid`
  ADD PRIMARY KEY (`id`),
  ADD KEY `running` (`running`);

--
-- Indexes for table `raid_entry`
--
ALTER TABLE `raid_entry`
  ADD PRIMARY KEY (`raid`,`player`),
  ADD KEY `raid-entry-player` (`player`);

--
-- Indexes for table `raid_player_wish`
--
ALTER TABLE `raid_player_wish`
  ADD PRIMARY KEY (`raid`,`player`,`item`),
  ADD KEY `player` (`player`,`item`);

--
-- Indexes for table `user`
--
ALTER TABLE `user`
  ADD PRIMARY KEY (`id`),
  ADD UNIQUE KEY `email` (`email`);

--
-- AUTO_INCREMENT for dumped tables
--

--
-- AUTO_INCREMENT for table `item`
--
ALTER TABLE `item`
  MODIFY `id` int(11) NOT NULL AUTO_INCREMENT, AUTO_INCREMENT=210;
--
-- AUTO_INCREMENT for table `player`
--
ALTER TABLE `player`
  MODIFY `id` int(11) NOT NULL AUTO_INCREMENT, AUTO_INCREMENT=129;
--
-- AUTO_INCREMENT for table `raid`
--
ALTER TABLE `raid`
  MODIFY `id` int(11) NOT NULL AUTO_INCREMENT, AUTO_INCREMENT=85;
--
-- AUTO_INCREMENT for table `user`
--
ALTER TABLE `user`
  MODIFY `id` int(11) NOT NULL AUTO_INCREMENT, AUTO_INCREMENT=15;
--
-- Constraints for dumped tables
--

--
-- Constraints for table `player_loot`
--
ALTER TABLE `player_loot`
  ADD CONSTRAINT `player_loot_ibfk_1` FOREIGN KEY (`player`) REFERENCES `player` (`id`),
  ADD CONSTRAINT `player_loot_ibfk_2` FOREIGN KEY (`item`) REFERENCES `item` (`id`),
  ADD CONSTRAINT `player_loot_ibfk_3` FOREIGN KEY (`raid`) REFERENCES `raid` (`id`);

--
-- Constraints for table `player_wish`
--
ALTER TABLE `player_wish`
  ADD CONSTRAINT `player_wish_ibfk_1` FOREIGN KEY (`player`) REFERENCES `player` (`id`),
  ADD CONSTRAINT `player_wish_ibfk_2` FOREIGN KEY (`item`) REFERENCES `item` (`id`);

--
-- Constraints for table `raid_entry`
--
ALTER TABLE `raid_entry`
  ADD CONSTRAINT `raid_entry_ibfk_1` FOREIGN KEY (`raid`) REFERENCES `raid` (`id`),
  ADD CONSTRAINT `raid_entry_ibfk_2` FOREIGN KEY (`player`) REFERENCES `player` (`id`);

--
-- Constraints for table `raid_player_wish`
--
ALTER TABLE `raid_player_wish`
  ADD CONSTRAINT `raid_player_wish_ibfk_1` FOREIGN KEY (`raid`,`player`) REFERENCES `raid_entry` (`raid`, `player`),
  ADD CONSTRAINT `raid_player_wish_ibfk_2` FOREIGN KEY (`player`,`item`) REFERENCES `player_wish` (`player`, `item`);

/*!40101 SET CHARACTER_SET_CLIENT=@OLD_CHARACTER_SET_CLIENT */;
/*!40101 SET CHARACTER_SET_RESULTS=@OLD_CHARACTER_SET_RESULTS */;
/*!40101 SET COLLATION_CONNECTION=@OLD_COLLATION_CONNECTION */;
