-- phpMyAdmin SQL Dump
-- version 4.6.6deb4+deb9u1
-- https://www.phpmyadmin.net/
--
-- Host: localhost:3306
-- Generation Time: Dec 07, 2020 at 10:25 AM
-- Server version: 10.1.26-MariaDB-0+deb9u1
-- PHP Version: 7.0.33-0+deb9u9

SET SQL_MODE = "NO_AUTO_VALUE_ON_ZERO";
SET time_zone = "+00:00";


/*!40101 SET @OLD_CHARACTER_SET_CLIENT=@@CHARACTER_SET_CLIENT */;
/*!40101 SET @OLD_CHARACTER_SET_RESULTS=@@CHARACTER_SET_RESULTS */;
/*!40101 SET @OLD_COLLATION_CONNECTION=@@COLLATION_CONNECTION */;
/*!40101 SET NAMES utf8mb4 */;

--
-- Database: `ubk`
--

-- --------------------------------------------------------

--
-- Stand-in structure for view `armory`
-- (See below for the actual view)
--
CREATE TABLE `armory` (
`player` int(11)
,`player_name` varchar(64)
,`class` varchar(16)
,`rank` varchar(32)
,`item` int(11)
,`item_name` varchar(64)
,`slot` varchar(32)
,`ilvl` int(11)
,`raid` varchar(32)
,`attribution` varchar(32)
,`wl` bigint(20)
,`optained` bigint(20)
,`editable` bigint(20)
);

-- --------------------------------------------------------

--
-- Stand-in structure for view `evergp`
-- (See below for the actual view)
--
CREATE TABLE `evergp` (
`player` bigint(11)
,`name` varchar(64)
,`ev` decimal(41,0)
,`er` decimal(41,0)
,`gp` double(17,0)
,`evgp_ratio` double(21,4)
,`ergp_ratio` double(21,4)
);

-- --------------------------------------------------------

--
-- Stand-in structure for view `evgp`
-- (See below for the actual view)
--
CREATE TABLE `evgp` (
`player` bigint(11)
,`name` varchar(64)
,`ev` decimal(41,0)
,`gp` double(17,0)
,`ratio` double(21,4)
);

-- --------------------------------------------------------

--
-- Table structure for table `item`
--

CREATE TABLE `item` (
  `id` int(11) NOT NULL,
  `name` varchar(64) NOT NULL,
  `raid` varchar(32) NOT NULL,
  `boss` varchar(64) NOT NULL,
  `big` tinyint(1) NOT NULL DEFAULT '0',
  `ilvl` int(11) NOT NULL DEFAULT '0',
  `slot` varchar(32) DEFAULT NULL,
  `gp` int(11) DEFAULT '0',
  `gp_ratio` int(11) NOT NULL DEFAULT '100'
) ENGINE=InnoDB DEFAULT CHARSET=utf8mb4;

--
-- Dumping data for table `item`
--

INSERT INTO `item` (`id`, `name`, `raid`, `boss`, `big`, `ilvl`, `slot`, `gp`, `gp_ratio`) VALUES
(2, 'Tête de Néfarian', 'BWL', 'Néfarian', 0, 83, 'finger', 1894, 50),
(3, 'Bottes Chromatiques', 'BWL', 'Chromagus', 0, 77, 'feet', 4606, 100),
(4, 'Scarabée d\'obstruction de Styleen ', 'BWL', 'Flamegor', 0, 75, 'trinket', 3937, 100),
(5, 'Lok\'amir il Romathis', 'BWL', 'Néfarian', 0, 81, 'weapon1h', 2755, 100),
(6, 'Jambière Surpuissante', 'BWL', 'Chromagus', 0, 77, 'legs', 5929, 100),
(7, 'Anneau d\'élémentium pur', 'BWL', 'Néfarian', 1, 83, 'finger', 7577, 200),
(8, 'Anneau de Cautérisation', 'MC', 'Chambellan Executus', 0, 71, 'finger', 2772, 100),
(9, 'Talisman croc-de-drake', 'BWL', 'Rochébène', 1, 75, 'trinket', 7874, 200),
(10, 'Talisman de perfidie de Prestor', 'BWL', 'Néfarian', 1, 83, 'neck', 7577, 200),
(11, 'Anneau de frappe rapide', 'MC', 'Multiple Boss', 0, 67, 'finger', 2468, 100),
(12, 'Ashjre\'thul, arbalète de châtiment', 'BWL', 'Chromagus', 1, 77, 'rangedWeapon', 4980, 200),
(13, 'Magelame de Chante-azur', 'MC', 'Golemagg l\'Incinérateur', 0, 71, 'weapon1h', 2117, 100),
(14, 'Talisman de pouvoir éphémère', 'MC', 'Multiple Boss', 0, 66, 'trinket', 3049, 100),
(15, 'Mantelet de la cabale de l\'Aile noire', 'BWL', 'Tranchetripe l\'Indompté', 0, 73, 'shoulder', 4140, 100),
(16, 'Mish\'undare, coiffure du flagelleur mental', 'BWL', 'Néfarian', 1, 83, 'head', 13778, 200),
(17, 'Anneau de puissance de sort', 'MC', 'Multiple Boss', 0, 66, 'finger', 2395, 100),
(18, 'Torse T2', 'BWL', 'Néfarian', 0, 76, 'chest', 4620, 80),
(19, 'Bottes de la Flamme d\'ombre', 'BWL', 'Néfarian', 0, 83, 'feet', 10705, 200),
(20, 'Maladath, lame runique du Vol noir', 'BWL', 'Seigneur des couvées Lashlayer', 1, 75, 'weapon1h', 4725, 200),
(21, 'Gemme de récupération', 'BWL', 'Multiple Boss', 1, 75, 'trinket', 7874, 200),
(22, 'Gants en cuir de dragon tendu', 'BWL', 'Chromagus', 0, 77, 'hands', 4606, 100),
(23, 'Spallières de croissance sauvage', 'MC', 'Chambellan Executus', 0, 71, 'shoulder', 3916, 100),
(24, 'Eclat de l\'Ecaille', 'Boss', 'Onyxia', 1, 71, 'trinket', 7057, 200),
(25, 'Epauliere T2', 'BWL', 'Chromagus', 0, 76, 'shoulder', 3590, 80),
(26, 'Bottes de la pensée pure', 'BWL', 'Trash', 1, 70, 'feet', 7614, 200),
(27, 'Gant T2', 'BWL', 'Multiple Boss', 0, 76, 'hands', 3590, 80),
(28, 'Récolteur d\'essence', 'BWL', 'Trash', 0, 70, 'wand', 2058, 100),
(29, 'Voile de la Pensée pur', 'BWL', 'Flamegor', 0, 75, 'back', 3093, 100),
(30, 'Epée trempée chromatiquement', 'BWL', 'Chromagus', 1, 77, 'weapon1h', 4980, 200),
(31, 'Vis\'kag le Saigneur', 'Boss', 'Onyxia', 0, 74, 'weapon1h', 2299, 100),
(32, 'Lame de brutalité', 'MC', 'Garr', 0, 70, 'weapon1h', 2058, 100),
(34, 'Crul\'shorukh, Trancheuse du chaos', 'BWL', 'Néfarian', 0, 81, 'weapon1h', 2755, 100),
(35, 'Ceinturon d\'assaut', 'MC', 'Ragnaros', 1, 78, 'waist', 9454, 200),
(36, 'Anneau de Précisia', 'MC', 'Ragnaros', 1, 75, 'finger', 6187, 200),
(37, 'Ceinture T2', 'BWL', 'Vaelastraz le Corrompu', 0, 76, 'waist', 3590, 80),
(38, 'Bâton de Domination', 'MC', 'Golemagg l\'Incinérateur', 0, 70, 'weapon2h', 4900, 100),
(39, 'Marteau d\'Aurastone', 'MC', 'Garr', 0, 69, 'weapon1h', 1999, 100),
(40, 'Epauliere T1', 'MC', 'Multiple Boss', 0, 66, 'shoulder', 2707, 80),
(41, 'Gant T1', 'MC', 'Multiple Boss', 0, 66, 'hands', 2707, 80),
(42, 'Botte T1', 'MC', 'Multiple Boss', 0, 66, 'feet', 2707, 80),
(43, 'Baton de la flamme d\'ombre', 'BWL', 'Néfarian', 1, 81, 'weapon2h', 13122, 200),
(44, 'Bottes de blizzard de Ringo', 'BWL', 'Trash', 0, 71, 'feet', 3916, 100),
(45, 'Anneau de Concentration forcée', 'BWL', 'Rochébène', 1, 75, 'finger', 6187, 200),
(46, 'Larme de Neltharion', 'BWL', 'Néfarian', 1, 83, 'trinket', 9644, 200),
(47, 'Collier du Seigneur du Feu', 'MC', 'Ragnaros', 0, 78, 'neck', 3346, 100),
(48, 'Tête de Onyxia', 'Boss', 'Onyxia', 0, 74, 'neck', 1505, 50),
(49, 'Cercle de la force appliquée', 'BWL', 'Flamegor', 0, 75, 'finger', 3093, 100),
(50, 'Espauliers griffe-de-drake', 'BWL', 'Multiple Boss', 0, 75, 'shoulder', 4370, 100),
(51, 'Bracelet T2', 'BWL', 'Tranchetripe l\'Indompté', 0, 76, 'wrist', 2541, 80),
(52, 'Bouclier en élémentium renforcé', 'BWL', 'Chromagus', 0, 77, 'shield', 3260, 100),
(53, 'Botte T2', 'BWL', 'Seigneur des couvées Lashlayer', 0, 76, 'feet', 3590, 80),
(54, 'Casque T1', 'MC', 'Multiple Boss', 0, 66, 'head', 3484, 80),
(55, 'Casque T2', 'Boss', 'Onyxia', 0, 76, 'head', 4620, 80),
(56, 'Cape brochée d\'élémentium', 'BWL', 'Chromagus', 0, 77, 'back', 3260, 100),
(57, 'Bague de rétorsion d\'Archimtiros', 'BWL', 'Néfarian', 0, 83, 'finger', 3788, 100),
(58, 'Cape du Voile de brume', 'MC', 'Ragnaros', 0, 74, 'back', 3011, 100),
(59, 'Gemme donneuse de vie', 'BWL', 'Néfarian', 0, 75, 'trinket', 3937, 100),
(60, 'Anneau de Sulfuras', 'MC', 'Ragnaros', 0, 78, 'finger', 3346, 100),
(61, 'Protège-épaules en cuir de dragon tendu', 'BWL', 'Chromagus', 0, 77, 'shoulder', 4606, 100),
(62, 'Lame de la perdition', 'MC', 'Ragnaros', 0, 77, 'weapon1h', 2490, 100),
(63, 'Jambière T2', 'MC', 'Ragnaros', 0, 76, 'legs', 4620, 80),
(64, 'Torse T1', 'MC', 'Multiple Boss', 0, 66, 'chest', 3484, 80),
(65, 'Corde de mana enflammé', 'MC', 'Multiple Boss', 0, 71, 'waist', 3916, 100),
(66, 'Trancheuse du destin', 'BWL', 'Trash', 0, 70, 'weapon1h', 2058, 100),
(67, 'Gantelets de garde des flammes', 'MC', 'Multiple Boss', 0, 69, 'hands', 3699, 100),
(68, 'Dent de chien du magma', 'MC', 'Chambellan Executus', 0, 70, 'weapon1h', 2058, 100),
(69, 'Marque du Frappeur', 'MC', 'Magmadar', 1, 69, 'rangedWeapon', 3999, 200),
(70, 'Grimoire de runes de feu', 'MC', 'Multiple Boss', 0, 70, 'offHand', 2695, 100),
(71, 'Médaillon de Puissance inébranlable', 'MC', 'Magmadar', 0, 68, 'chest', 4624, 100),
(72, 'Cuissards d\'Attise-flammes', 'MC', 'Magmadar', 0, 61, 'legs', 3721, 100),
(73, 'Disque Drillborer', 'MC', 'Garr', 0, 67, 'shield', 2468, 100),
(74, 'Sceau de l\'archimagus', 'MC', 'Baron Geddon', 0, 70, 'finger', 2695, 100),
(75, 'Lance-grenaille explosif', 'MC', 'Golemagg l\'Incinérateur', 0, 70, 'rangedWeapon', 2058, 100),
(76, 'Garde-poignets de vrai vol', 'MC', 'Chambellan Executus', 0, 71, 'wrist', 2772, 100),
(77, 'Bracelet T1', 'MC', 'Trash', 0, 66, 'wrist', 1916, 80),
(78, 'Cape ignifugée', 'MC', 'Chambellan Executus', 0, 71, 'back', 2772, 100),
(79, 'Cape sang-de-dragon', 'MC', 'Ragnaros', 0, 73, 'back', 2930, 100),
(81, 'Drapé de Saphiron', 'Boss', 'Onyxia', 0, 72, 'back', 2851, 100),
(82, 'Sac à dos en cuir d\'Onyxia', 'Boss', 'Onyxia', 0, 0, 'back', 0, 100),
(83, 'Protecteur en écailles de dragon rouge', 'BWL', 'Vaelastraz le Corrompu', 0, 74, 'shield', 3011, 100),
(84, 'Cape de puissance draconique', 'BWL', 'Multiple Boss', 0, 70, 'back', 2695, 100),
(85, 'Gemme de vivacité d\'esprit', 'BWL', 'Vaelastraz le Corrompu', 0, 76, 'trinket', 4043, 100),
(86, 'Totem venimeux', 'BWL', 'Seigneur des couvées Lashlayer', 0, 76, 'trinket', 4043, 100),
(87, 'Griffe du drake noir', 'BWL', 'Griffe du drake noir', 0, 75, 'weapon1h', 2362, 100),
(88, 'Anneau de sombre domination', 'BWL', 'Trash', 0, 70, 'finger', 2695, 100),
(89, 'Gants de la flamme d\'ébène', 'BWL', 'Rochébène', 0, 75, 'hands', 4370, 100),
(90, 'Torsade d\'Angelista', 'BWL', 'Chromagus', 0, 77, 'waist', 4606, 100),
(91, 'Griffe de Chromaggus', 'BWL', 'Chromagus', 0, 77, 'weapon1h', 2490, 100),
(92, 'Cape du seigneur des couvées', 'BWL', 'Nefarian', 0, 83, 'back', 3788, 100),
(93, 'Prophète de malheur', 'BWL', 'Flamegor', 0, 75, 'weapon2h', 5625, 100),
(94, 'Pantalon en écailles de salamandre', 'MC', 'Multiple Boss', 0, 64, 'legs', 4096, 100),
(95, 'Jambiere T1', 'MC', 'Multiple Boss', 0, 66, 'legs', 3484, 80),
(96, 'Lame à tranchant d\'obsidienne', 'MC', 'Multiple Boss', 0, 68, 'weapon2h', 4624, 100),
(97, 'Déchireur de Gutgore', 'MC', 'Garr', 0, 69, 'weapon1h', 1999, 100),
(98, 'Vieux gants en cuir du Magma', 'MC', 'Multiple Boss', 0, 69, 'hands', 3699, 100),
(99, 'Essence de la Flamme pure', 'MC', 'Ragnaros', 0, 76, 'trinket', 4043, 100),
(100, 'Fragment de la Flamme', 'MC', 'Ragnaros', 0, 74, 'trinket', 3833, 100),
(101, 'Ancien Grimoire de Cornerstone', 'Boss', 'Onyxia', 0, 76, 'offHand', 3176, 100),
(102, 'Le Livre noir', 'BWL', 'Tranchetripe l\'Indompté', 0, 76, 'trinket', 4043, 100),
(103, 'Cape gueule-de-feu', 'BWL', 'Gueule-de-feu', 0, 75, 'back', 3093, 100),
(104, 'Bague de Blackrock', 'BWL', 'Multiple Boss', 0, 75, 'finger', 3093, 100),
(106, 'Brassards de précision des arcanes', 'BWL', 'Seigneur des couvées Lashlayer', 0, 75, 'wrist', 3093, 100),
(107, 'Cape de consomption', 'ZG', 'Hakkar', 0, 68, 'back', 2543, 100),
(108, 'Mauvais oeil de Jin\'do', 'ZG', 'Jin\'do le Maléficieur', 0, 66, 'neck', 2395, 100),
(109, 'Maléficieur de Jin\'do', 'ZG', 'Jin\'do le Maléficieur', 0, 66, 'weapon1h', 1829, 100),
(110, 'Robe du pouvoir volatile', 'MC', 'Multiple Boss', 0, 66, 'chest', 4356, 100),
(112, 'Griffe droite d\'Eskhandar', 'MC', 'Magmadar', 0, 66, 'weapon1h', 1829, 100),
(113, 'Dague ensorceleuse', 'MC', 'Multiple Boss', 0, 65, 'weapon1h', 1774, 100),
(114, 'Défenseur de Malistar', 'MC', 'Ragnaros', 0, 75, 'shield', 3093, 100),
(115, 'Epaulières de garde du feu', 'MC', 'Chambellan Executus', 0, 71, 'shoulder', 3916, 100),
(116, 'Collier d\'Eskhandar', 'Boss', 'Onyxia', 0, 71, 'neck', 2772, 100),
(117, 'Porte-mort', 'Boss', 'Onyxia', 0, 75, 'weapon1h', 2362, 100),
(118, 'Croc du Sans-Visage', 'ZG', 'Hakkar', 0, 68, 'weapon1h', 1942, 100),
(119, 'Lame de guerre des Hakkari (droite)', 'ZG', 'Hakkar', 0, 68, 'weapon1h', 1942, 100),
(120, 'Gantelets de garde-paix', 'ZG', 'Hakkar', 0, 68, 'hands', 3592, 100),
(121, 'Couvre-oeil de Dagharn', 'ZG', 'Gahz\'ranka', 0, 65, 'head', 4225, 100),
(122, 'Coiffe de croissance déviante', 'ZG', 'Léthon', 0, 75, 'head', 5625, 100),
(123, 'Parchemin de lumière aveuglante', 'BWL', 'Gueule-de-feu', 0, 76, 'trinket', 4043, 100),
(124, 'Défenseur du Seigneur sanglant', 'ZG', 'Seigneur sanglant Mandokir', 0, 66, 'weapon1h', 1829, 100),
(125, 'Ashkandi, Grande épée de la Confrérie', 'BWL', 'Nefarian', 0, 81, 'weapon2h', 6561, 100),
(126, 'Cuissards du croisé déchu', 'BWL', 'Gueule-de-feu', 0, 75, 'feet', 4370, 100),
(127, 'Heaume de la rage infinie', 'BWL', 'Vaelastraz le Corrompu', 0, 74, 'head', 5476, 100),
(128, 'Robe de cendre noire', 'BWL', 'Gueule-de-feu', 0, 75, 'chest', 5625, 100),
(129, 'Egide de préservation', 'BWL', 'Rochébène', 0, 76, 'trinket', 4043, 100),
(130, 'Vengeresse draconique', 'BWL', 'Trash', 0, 71, 'weapon2h', 5041, 100),
(131, 'Geta chatoyantes', 'BWL', 'Chromagus', 0, 77, 'feet', 4606, 100),
(133, 'Sceau du berserker gurubashi', 'ZG', 'Multiple Boss', 0, 65, 'finger', 2323, 100),
(135, 'Robe rituelle flottante', 'ZG', 'Grande prêtresse Mar\'li', 0, 65, 'chest', 4225, 100),
(137, 'Hallebarde de châtiment', 'ZG', 'Seigneur sanglant Mandokir', 0, 66, 'weapon2h', 4356, 100),
(138, 'Poing de Thekal', 'ZG', 'Grand prêtre Thekal', 0, 65, 'weapon1h', 1774, 100),
(140, 'Larme de Chaos', 'ZG', 'Hakkar', 0, 68, 'wand', 1942, 100),
(141, 'Ancienne massacreuse hakkari', 'ZG', 'Hakkar', 0, 68, 'weapon1h', 1942, 100),
(142, 'Coeur d\'Hakkar', 'ZG', 'Hakkar', 0, 68, 'trinket', 3236, 100),
(143, 'Raptor razzashi rapide', 'ZG', 'Multiple Boss', 0, 0, 'back', 0, 100),
(144, 'Tigre zulien rapide', 'ZG', 'Multiple Boss', 0, 0, NULL, 0, 100),
(145, 'Exterminateur de poisson de Nat Pagle', 'ZG', 'Gahz\'ranka', 0, 65, 'weapon2h', 4225, 100),
(146, 'Lame de guerre des Hakkari (gauche)', 'ZG', 'Multiple Boss', 0, 66, 'weapon1h', 1829, 100),
(147, 'Idole primordiale hakkari', 'ZG', 'Multiple Boss', 0, 0, 'back', 0, 100),
(148, 'Zin\'rokh, Destructeur de mondes', 'ZG', 'Hakkar', 0, 68, 'weapon2h', 4624, 100),
(149, 'Collier d\'illumination', 'MC', 'Lucifron', 0, 65, 'neck', 2323, 100),
(150, 'Jugement de Jin\'do', 'ZG', 'Jin\'do le Maléficieur', 0, 66, 'weapon2h', 4356, 100),
(151, 'Sac de sales tours de Jin\'do', 'ZG', 'Jin\'do le Maléficieur', 0, 66, 'offHand', 2395, 100),
(152, 'Destructeur de nains gurubashi', 'ZG', 'Hakkar', 0, 68, 'rangedWeapon', 1942, 100),
(153, 'Croc de Venoxis', 'ZG', 'Grand prêtre Venoxis', 0, 65, 'weapon1h', 1774, 100),
(154, 'Rune de transformation', 'BWL', 'Vaelastraz le Corrompu', 0, 76, 'trinket', 4043, 100),
(155, 'Etreinte d\'Arlokk', 'ZG', 'Grande prêtresse Arlokk', 0, 65, 'weapon1h', 1774, 100),
(156, 'L\'Oeil d\'Hakkar', 'ZG', 'Hakkar', 0, 68, 'neck', 2543, 100),
(157, 'Bague de servitude', 'ZG', 'Multiple Boss', 0, 65, 'finger', 2323, 100),
(158, 'Anneau épais en sombrefer', 'MC', 'Multiple Boss', 0, 66, 'finger', 2395, 100),
(159, 'Feuille ancienne pétrifiée', 'MC', 'Chambellan Executus', 0, 75, 'rangedWeapon', 2362, 100),
(161, 'L\'Oeil de la divinité', 'MC', 'Chambellan Executus', 0, 75, 'weapon2h', 5625, 100),
(162, 'Echarpe des secrets murmurés', 'MC', 'Chambellan Executus', 0, 71, 'waist', 3916, 100),
(163, 'Fléau de Bonereaver', 'MC', 'Ragnaros', 0, 77, 'weapon2h', 5929, 100),
(164, 'Cuissards imprégnés de sang', 'ZG', 'Hakkar', 0, 68, 'legs', 4624, 100),
(165, 'Garde-poignets de stabilité', 'MC', 'Multiple Boss', 0, 65, 'wrist', 2323, 100),
(166, 'Jambières du Gardien des nuages', 'MC', 'Trash', 0, 62, 'legs', 3844, 100),
(167, 'Tome de métamorphose : Tortue', 'ZG', 'Gahz\'ranka', 0, 0, NULL, 0, 100),
(168, 'Toucher du dragon', 'BWL', 'Flamegor', 0, 75, 'wand', 2362, 100),
(169, 'Sac en peau de panthère', 'ZG', 'Grande prêtresse Arlokk', 0, 0, 'back', 0, 100),
(170, 'Cherche-sang', 'ZG', 'Hakkar', 0, 68, 'weapon1h', 1942, 100),
(171, 'Aiguillon de Mandokir', 'ZG', 'Seigneur sanglant Mandokir', 0, 66, 'rangedWeapon', 1829, 100),
(172, 'Egide du Dieu sanglant', 'ZG', 'Hakkar', 0, 68, 'shield', 2543, 100),
(173, 'Anneau de lien', 'Boss', 'Onyxia', 0, 73, 'finger', 2930, 100),
(174, 'Volonté d\'Arlokk', 'ZG', 'Grande prêtresse Arlokk', 0, 65, 'weapon2h', 4225, 100),
(176, 'Frappe-ténèbres', 'MC', 'Messager de Sulfuron', 0, 63, 'weapon2h', 3969, 100),
(177, 'Bottes du traître', 'ZG', 'Grand prêtre Thekal', 0, 65, 'feet', 3282, 100),
(178, 'Lame croc-de-dragon', 'BWL', 'Vaelastraz le Corrompu', 0, 74, 'weapon1h', 2299, 100),
(179, 'Ecraseur cramoisi', 'MC', 'Multiple Boss', 0, 66, 'wand', 1829, 100),
(180, 'Arrache-moelle', 'MC', 'Ragnaros', 0, 76, 'weapon2h', 5776, 100),
(181, 'Collier du Corrupteur d\'âmes', 'ZG', 'Hakkar', 0, 68, 'neck', 2543, 100),
(182, 'Ecraseur de Jeklik', 'ZG', 'Grande prêtresse Jeklik', 0, 65, 'weapon2h', 4225, 100),
(183, 'Toucher de Mar\'li', 'ZG', 'Grande prêtresse Mar\'li', 0, 65, 'wand', 1774, 100),
(184, 'Ceinture en cuir de dragon tendu', 'BWL', 'Multiple Boss', 0, 75, 'waist', 4370, 100),
(185, 'Etreinte Gueule-de-feu', 'BWL', 'Gueule-de-feu', 0, 75, 'waist', 4370, 100),
(186, 'Ceinture T1', 'MC', 'Trash', 0, 66, 'waist', 2707, 80),
(187, 'Maillet draconique', 'BWL', 'Multiple Boss', 0, 70, 'weapon2h', 4900, 100),
(188, 'Rempart béni de Malfurion', 'BWL', 'Rochébène', 0, 75, 'chest', 5625, 100),
(189, 'Drague-lave de Finkle', 'MC', 'Cachette du Seigneur du feu', 0, 70, 'weapon2h', 4900, 100),
(190, 'Trembleterre', 'MC', 'Magmadar', 0, 66, 'weapon2h', 4356, 100),
(191, 'Pourpoint d\'ombre entrelacé', 'BWL', 'Trash', 0, 71, 'chest', 5041, 100),
(192, 'Canon à main Souffle-de-dragon', 'BWL', 'Rochébène', 0, 75, 'rangedWeapon', 2362, 100),
(193, 'Gemme imprégnée d\'arcanes', 'BWL', 'Tranchetripe l\'Indompté', 0, 76, 'trinket', 4043, 100),
(194, 'Jambières en tisse-braise', 'BWL', 'Flamegor', 0, 75, 'legs', 5625, 100),
(195, 'Brise-échine', 'BWL', 'Tranchetripe l\'Indompté', 0, 73, 'weapon1h', 2238, 100),
(197, 'Frappe-coeur', 'BWL', 'Seigneur des couvées Lashlayer', 0, 75, 'rangedWeapon', 2362, 100),
(198, 'Dague sacrificielle qiraji', 'AQ20', 'Kurinnaxx', 0, 66, 'weapon1h', 1829, 100),
(199, 'Habit des Sables changeants', 'AQ20', 'Kurinnaxx', 0, 66, 'chest', 4356, 100),
(200, 'Bottes de l\'avant-garde', 'AQ20', 'Général Rajaxx', 0, 66, 'feet', 3384, 100),
(201, 'Massacreuse des Qiraji', 'AQ20', 'Général Rajaxx', 0, 66, 'weapon2h', 4356, 100),
(202, 'Gantelets de l\'Inébranlable', 'AQ20', 'Multiple Boss', 0, 68, 'hands', 3592, 100),
(203, 'Serre de concentration furieuse', 'AQ20', 'Moam', 0, 69, 'offHand', 2618, 100),
(206, 'Fragment du crâne de Buru', 'AQ20', 'Buru Grandgosier', 0, 68, 'shield', 2543, 100),
(207, 'Gantelets d\'écailles visqueux', 'AQ20', 'Buru Grandgosier', 0, 68, 'hands', 3592, 100),
(208, 'Gants de l\'essaim', 'AQ20', 'Buru Grandgosier', 0, 68, 'hands', 3592, 100),
(209, 'Gants de la flamme hypnotique', 'MC', 'Cachette du Seigneur du feu', 0, 70, 'hands', 3807, 100),
(210, 'Pendentif du dragon déchu', 'BWL', 'Vaelastraz le Corrompu', 0, 74, 'neck', 3011, 100),
(211, 'Tenue de parade impériale qiraji (Marteau)', 'AQ40', 'Multiple Boss', 1, 79, 'weapon1h', 5242, 200),
(212, 'Tenue de parade impériale qiraji (Baton)', 'AQ40', 'Multiple Boss', 0, 79, 'weapon2h', 6241, 100),
(213, 'Semblance du dévoreur', 'AQ40', 'Multiple Boss', 0, 75, 'head', 5625, 100),
(214, 'Gants du temple caché', 'AQ40', 'Empereur Vek\'nilash/Vek\'lor', 0, 81, 'hands', 5097, 100),
(215, 'Brassards d\'exécution quiraji', 'AQ40', 'Empereur Vek\'nilash/Vek\'lor', 0, 81, 'wrist', 3608, 100),
(216, 'Ceinture d\'agonie sans fin', 'AQ40', 'C\'Thun', 0, 88, 'waist', 6017, 100),
(217, 'Mantelet ternaire', 'AQ40', 'Multiple Boss', 0, 75, 'shoulder', 4370, 100),
(218, 'Sceptre du faux prophète', 'AQ40', 'C\'Thun', 1, 84, 'weapon1h', 5927, 200),
(220, 'Torsade  du Dieu très ancien', 'AQ40', 'C\'Thun', 0, 88, 'waist', 6017, 100),
(221, 'Bracelets de rédemption royale', 'AQ40', 'Empereur Vek\'nilash/Vek\'lor', 0, 81, 'wrist', 3608, 100),
(222, 'Sceptre royal de Vek\'lor', 'AQ40', 'Empereur Vek\'nilash/Vek\'lor', 0, 81, 'offHand', 3608, 100),
(223, 'Fémur de silithide aiguisé', 'AQ40', 'Viscidus', 1, 78, 'weapon1h', 5110, 200),
(224, 'Amulette de Vek\'nilash', 'AQ40', 'Empereur Vek\'nilash/Vek\'lor', 0, 81, 'neck', 3608, 100),
(225, 'Anneau du chaos de Rytssin', 'AQ40', 'Trash', 0, 71, 'finger', 2772, 100),
(226, 'Corde de pédoncule cintrée', 'AQ40', 'C\'Thun', 0, 88, 'waist', 6017, 100),
(227, 'Gantelets du sombre orage', 'AQ40', 'C\'Thun', 1, 88, 'hands', 12034, 200),
(228, 'Oeil de C\'Thun (cape)', 'AQ40', 'C\'Thun', 0, 88, 'back', 2129, 50),
(229, 'Oeil de C\'Thun (collier)', 'AQ40', 'C\'Thun', 0, 88, 'neck', 2129, 50),
(230, 'Oeil de C\'Thun (Anneau)', 'AQ40', 'C\'Thun', 0, 88, 'finger', 2129, 50),
(231, 'Insigne de garde-essaim', 'AQ40', 'Garde de guerre Sartura', 0, 76, 'trinket', 4043, 100),
(232, 'Griffe de silithide', 'AQ40', 'Garde de guerre Sartura', 0, 76, 'weapon1h', 2425, 100),
(233, 'Larve du Grand ver', 'AQ40', 'Ouro', 0, 81, 'rangedWeapon', 2755, 100),
(234, 'Ancien éventreur qiraji', 'AQ40', 'Fankriss l\'Inflexible', 1, 77, 'weapon1h', 4980, 200),
(235, 'Anneau du martyr', 'AQ40', 'Princesse Huhuran', 1, 78, 'finger', 6692, 200),
(236, 'Cape de clarté', 'AQ40', 'C\'Thun', 0, 88, 'back', 4259, 100),
(237, 'Tête d\'Ossirian l\'Intouché', 'AQ20', 'Ossirian l\'Intouché', 0, 70, 'neck', 2695, 100),
(238, 'Pouvoir de Sartura', 'AQ40', 'Garde de guerre Sartura', 0, 76, 'offHand', 3176, 100),
(239, 'Robe du saint gardien', 'AQ40', 'Fankriss l\'Inflexible', 0, 77, 'chest', 5929, 100),
(240, 'Jom Gabbar', 'AQ40', 'Ouro', 1, 81, 'trinket', 9185, 200),
(241, 'Aiguillon de la mort', 'AQ40', 'C\'Thun', 0, 84, 'weapon1h', 2963, 100),
(242, 'Cape de concentré de haine', 'AQ40', 'Le Prophète Skeram', 0, 73, 'back', 2930, 100),
(243, 'Arbalète de destin imminent', 'AQ20', 'Ossirian l\'Intouché', 0, 72, 'rangedWeapon', 2177, 100),
(244, 'Gants de coercition', 'AQ40', 'Garde de guerre Sartura', 0, 76, 'hands', 4487, 100),
(245, 'Anneau de l\'empereur Vek\'lor', 'AQ40', 'Empereur Vek\'nilash/Vek\'lor', 0, 81, 'finger', 3608, 100),
(246, 'Marque de C\'Thun', 'AQ40', 'C\'Thun', 0, 88, 'neck', 4259, 100),
(248, 'La lame indomptée', 'BWL', 'Tranchetripe l\'Indompté', 0, 73, 'weapon2h', 5329, 100),
(249, 'Armes impériales qiraji (Hache/Dague)', 'AQ40', 'Multiple Boss', 0, 79, 'weapon1h', 2621, 100),
(250, 'Armes impériales qiraji (Fusil)', 'AQ40', 'Multiple Boss', 0, 79, 'back', 3432, 100),
(251, 'Armes impériales qiraji (Bouclier)', 'AQ40', 'Multiple Boss', 0, 79, 'shield', 3432, 100),
(253, 'Manchettes de commandement qiraji (Botte)', 'AQ40', 'Multiple Boss', 0, 78, 'feet', 2363, 50),
(254, 'Manchettes de commandement qiraji (Epauliere)', 'AQ40', 'Multiple Boss', 0, 78, 'shoulder', 2363, 50),
(255, 'Gantelets d\'annihilation', 'AQ40', 'C\'Thun', 0, 88, 'hands', 6017, 100),
(257, 'Gants de la sombre sagesse', 'AQ20', 'Ossirian l\'Intouché', 0, 72, 'hands', 4027, 100),
(258, 'Brassards de brutalité', 'AQ20', 'Ossirian l\'Intouché', 0, 72, 'wrist', 2851, 100),
(259, 'Mantelet de l\'Horusath', 'AQ20', 'Ossirian l\'Intouché', 0, 72, 'shoulder', 4027, 100),
(260, 'Manchettes d\'Ossirian', 'AQ20', 'Ossirian l\'Intouché', 0, 72, 'hands', 4027, 100),
(261, 'Turban terrevent', 'AQ20', 'Moam', 0, 69, 'head', 4761, 100),
(262, 'Jambières du blizzard noir', 'AQ20', 'Ossirian l\'Intouché', 0, 72, 'legs', 5184, 100),
(263, 'Plastron d\'annihilation', 'AQ40', 'Le Prophète Skeram', 0, 73, 'chest', 5329, 100),
(264, 'Chapeau égaré de Don Rigoberto', 'AQ40', 'Ouro', 0, 81, 'head', 6561, 100),
(265, 'Bottes de la volonté inexorable', 'AQ40', 'Le Prophète Skeram', 0, 73, 'feet', 4140, 100),
(266, 'Jambières d\'immersion', 'AQ40', 'Le Prophète Skeram', 0, 73, 'legs', 5329, 100),
(267, 'Charme d\'Angelista', 'AQ40', 'Trio Bug', 0, 75, 'neck', 3093, 100),
(268, 'Collier de pureté', 'AQ40', 'Garde de guerre Sartura', 0, 76, 'neck', 3176, 100),
(269, 'Cape des secrets inexprimables', 'AQ40', 'Fankriss l\'Inflexible', 0, 77, 'back', 3260, 100),
(270, 'Jambières de ravageur des sables en écailles', 'AQ40', 'Fankriss l\'Inflexible', 0, 77, 'legs', 5929, 100),
(271, 'Atours d\'ascension royale', 'AQ40', 'Trash', 0, 71, 'chest', 5041, 100),
(272, 'Gantelets en peau de guêpe', 'AQ40', 'Princesse Huhuran', 0, 78, 'hands', 4727, 100),
(273, 'Gants du messie', 'AQ40', 'Princesse Huhuran', 0, 78, 'hands', 4727, 100),
(274, 'Carapace du Dieu très ancien', 'AQ40', 'C\'Thun', 0, 88, 'chest', 3872, 50),
(275, 'Manche orné qiraji (arme 1h)', 'AQ20', 'Multiple Boss', 0, 70, 'weapon1h', 2058, 100),
(276, 'Gantelets de nouvelle vie', 'AQ20', 'Ossirian l\'Intouché', 0, 72, 'hands', 4027, 100),
(277, 'Mantelet de vengeance cruelle', 'AQ40', 'Fankriss l\'Inflexible', 0, 77, 'shoulder', 4606, 100),
(278, 'Robe du triumvirat', 'AQ40', 'Multiple Boss', 0, 75, 'chest', 5625, 100),
(279, 'Gantelets éclaboussés de vase', 'AQ40', 'Trio Bug', 0, 75, 'hands', 4370, 100),
(280, 'Casque des lianes rampantes', 'AQ40', 'Garde de guerre Sartura', 0, 76, 'head', 5776, 100),
(281, 'Espauliers de l\'Implacable', 'AQ40', 'Fankriss l\'Inflexible', 0, 77, 'shoulder', 4606, 100),
(282, 'Aiguillon d\'Huhuran', 'AQ40', 'Princesse Huhuran', 1, 78, 'rangedWeapon', 5110, 200),
(283, 'Manchettes de domination qiraji (Epaule)', 'AQ40', 'Multiple Boss', 0, 78, 'shoulder', 2363, 50),
(284, 'Manchettes de domination qiraji (Botte)', 'AQ40', 'Multiple Boss', 0, 78, 'feet', 2363, 50),
(285, 'Cape de tempête de sable', 'AQ20', 'Ossirian l\'Intouché', 0, 72, 'back', 2851, 100),
(286, 'Pendentif du gardien qiraji', 'AQ40', 'Le Prophète Skeram', 0, 73, 'neck', 2930, 100),
(287, 'Fétiche du ravageur des sables', 'AQ40', 'Fankriss l\'Inflexible', 0, 77, 'trinket', 4150, 100),
(288, 'Cape de la Ruche d\'or', 'AQ40', 'Princesse Huhuran', 0, 78, 'back', 3346, 100),
(290, 'Diadème de Vek\'nilash', 'AQ40', 'Empereur Vek\'nilash/Vek\'lor', 0, 81, 'head', 3280, 50),
(291, 'Corselet silithide épais', 'AQ20', 'Moam', 0, 69, 'chest', 4761, 100),
(292, 'Toucher d\'Angelista', 'AQ40', 'Multiple Boss', 0, 75, 'finger', 3093, 100),
(293, 'Ceinture royale qiraji', 'AQ40', 'Empereur Vek\'nilash/Vek\'lor', 0, 81, 'waist', 5097, 100),
(294, 'Garde-poignets en écailles de hanneton', 'AQ40', 'Le Prophète Skeram', 0, 73, 'wrist', 2930, 100),
(295, 'Bottes du héros déchu', 'AQ40', 'Trio Bug', 0, 75, 'feet', 4370, 100),
(296, 'Guisarme du ravageur des sables', 'AQ40', 'Fankriss l\'Inflexible', 0, 77, 'weapon2h', 5929, 100),
(297, 'Collier barbelé', 'AQ40', 'Fankriss l\'Inflexible', 0, 77, 'neck', 3260, 100),
(298, 'Diadème de Vek\'lor', 'AQ40', 'Empereur Vek\'nilash/Vek\'lor', 0, 81, 'head', 3280, 50),
(299, 'Heaume de domination', 'AQ20', 'Ossirian l\'Intouché', 0, 72, 'head', 5184, 100),
(300, 'Chaîne de Therazane', 'BWL', 'Nefarian', 0, 83, 'waist', 5352, 100),
(301, 'Bottes de la prophétie rédemptrice', 'AQ40', 'Le Prophète Skeram', 0, 73, 'feet', 4140, 100),
(302, 'Cape de la trinité', 'AQ40', 'Multiple Boss', 0, 75, 'back', 3093, 100),
(303, 'Jambières de l\'essaim purulent', 'AQ40', 'Garde de guerre Sartura', 0, 76, 'legs', 5776, 100),
(304, 'Corselet en carapace de silithide', 'AQ40', 'Fankriss l\'Inflexible', 0, 77, 'chest', 5929, 100),
(305, 'Marteau de guerre d\'anubisath', 'AQ40', 'Trash', 0, 71, 'weapon1h', 2117, 100),
(306, 'Garde-poignets de profanateur de ruche', 'AQ40', 'Princesse Huhuran', 0, 78, 'wrist', 3346, 100),
(307, 'Bottes de tunnelière de la ruche', 'AQ40', 'Fankriss l\'Inflexible', 0, 77, 'feet', 4606, 100),
(308, 'Peau du Grand ver des sables', 'AQ40', 'Ouro', 0, 81, 'legs', 3280, 50),
(309, 'Peau intacte d\'Ouro', 'AQ40', 'Ouro', 0, 81, 'legs', 3280, 50),
(310, 'Bouclier en écailles de ver', 'AQ40', 'Ouro', 0, 81, 'shield', 3608, 100),
(311, 'Carcasse du Dieu très ancien', 'AQ40', 'C\'Thun', 0, 88, 'chest', 3872, 50),
(312, 'Manche à pointes qiraji', 'AQ20', 'Multiple Boss', 0, 70, 'weapon1h', 2058, 100),
(313, 'Ceinture qiraji en peau épaisse', 'AQ40', 'Garde de guerre Sartura', 0, 76, 'waist', 4487, 100),
(314, 'Ceinture régénérante de Vek\'nilash', 'AQ40', 'Empereur Vek\'nilash/Vek\'lor', 0, 81, 'waist', 5097, 100),
(315, 'Bottes de l\'épiphanie', 'AQ40', 'Empereur Vek\'nilash/Vek\'lor', 0, 81, 'feet', 5097, 100),
(316, 'La Carapace du fouisseur', 'AQ40', 'Ouro', 0, 81, 'trinket', 4592, 100),
(317, 'Gantelets de détermination inébranlable', 'AQ40', 'Garde de guerre Sartura', 0, 76, 'hands', 4487, 100),
(318, 'Anneau du tueur de dieu', 'AQ40', 'C\'Thun', 0, 88, 'finger', 4259, 100),
(319, 'Cape du Dévoré', 'AQ40', 'C\'Thun', 0, 88, 'back', 4259, 100),
(320, 'Cuissards de lumière flamboyante', 'AQ40', 'Garde de guerre Sartura', 0, 76, 'legs', 5776, 100),
(321, 'Brassards de fouisseur', 'AQ40', 'Ouro', 0, 81, 'wrist', 3608, 100),
(322, 'Sombre doloire de la démence', 'AQ40', 'C\'Thun', 0, 84, 'weapon2h', 7056, 100),
(323, 'Anneau de pensée foisonnante', 'AQ40', 'Le Prophète Skeram', 0, 73, 'finger', 2930, 100),
(324, 'Bottes recomposées', 'AQ40', 'Garde de guerre Sartura', 0, 76, 'feet', 4487, 100),
(325, 'Robe du garde de guerre', 'AQ40', 'Garde de guerre Sartura', 0, 76, 'chest', 5776, 100),
(326, 'Fragment de l\'étoile tombée', 'AQ40', 'Trash', 0, 75, 'trinket', 3937, 100),
(327, 'Gants de dévastation de Vek\'lor', 'AQ40', 'Empereur Vek\'nilash/Vek\'lor', 0, 81, 'hands', 5097, 100),
(328, 'Baguette de noblesse qiraji', 'AQ40', 'Trio Bug', 0, 78, 'wand', 2555, 100),
(329, 'Libram de grâce', 'AQ40', 'Fankriss l\'Inflexible', 0, 78, 'wand', 2555, 100),
(330, 'Anneau de fureur qiraji', 'AQ40', 'Viscidus', 0, 78, 'finger', 3346, 100),
(331, 'Gantelets du champion vertueux', 'AQ40', 'Viscidus', 0, 78, 'hands', 4727, 100),
(332, 'Gilet d\'exécution rapide', 'AQ40', 'Trio Bug', 0, 78, 'chest', 6084, 100),
(333, 'Idole de santé', 'AQ40', 'Ouro', 0, 78, 'wand', 2555, 100),
(334, 'Ceinture de la triade', 'AQ40', 'Multiple Boss', 0, 75, 'waist', 4370, 100),
(335, 'Gantelets couverts de bile', 'AQ40', 'Trio Bug', 0, 78, 'hands', 4727, 100),
(336, 'Broche scarabée', 'AQ40', 'Viscidus', 0, 78, 'trinket', 4258, 100),
(337, 'Fendoir griffe-de-drake', 'BWL', 'Multiple Boss', 0, 75, 'weapon2h', 5625, 100),
(338, 'Grèves du Coeur du Magma', 'MC', 'Chambellan Executus', 0, 70, 'legs', 4900, 100),
(340, 'Oeil de Sulfuras', 'MC', 'Ragnaros', 1, 80, 'weapon2h', 12800, 200),
(341, 'Amulette de vile sauvegarde', 'AQ40', 'Le Prophète Skeram', 0, 73, 'neck', 2930, 100),
(342, 'Bâton des prophètes qiraji', 'AQ40', 'Le Prophète Skeram', 0, 75, 'back', 3093, 100),
(343, 'Anneau du dévoré', 'AQ40', 'Trio Bug', 0, 78, 'finger', 3346, 100),
(345, 'Scarabée pétrifié', 'AQ40', 'Trio Bug', 0, 76, 'trinket', 4043, 100),
(346, 'Couronne de destruction', 'MC', 'Ragnaros', 0, 76, 'head', 5776, 100),
(347, 'Gants d\'Ebru', 'AQ40', 'Trio Bug', 0, 75, 'hands', 4370, 100),
(348, 'Manchettes désacralisées', 'Naxxramas', 'Multiple Boss', 0, 88, 'wrist', 3407, 80),
(349, 'Protège-poignets désacralisés', 'Naxxramas', 'Multiple Boss', 0, 88, 'wrist', 3407, 80),
(350, 'Brassards désacralisées', 'Naxxramas', 'Multiple Boss', 0, 88, 'wrist', 3407, 80),
(351, 'Larme de givre', 'Naxxramas', 'Anub\'Rekhan', 0, 83, 'neck', 3788, 100),
(352, 'Cape en soie de démon des cryptes', 'Naxxramas', 'Anub\'Rekhan', 0, 83, 'back', 3788, 100),
(353, 'Garde-poignets de vengeance', 'Naxxramas', 'Anub\'Rekhan', 0, 83, 'wrist', 3788, 100),
(354, 'Bague des prières inexaucées', 'Naxxramas', 'Anub\'Rekhan', 0, 83, 'finger', 3788, 100),
(355, 'Gemme de Nérubis', 'Naxxramas', 'Anub\'Rekhan', 0, 83, 'offHand', 3788, 100),
(356, 'Remords de la veuve', 'Naxxramas', 'Grande veuve Faerlina', 0, 81, 'weapon1h', 2755, 100),
(357, 'L\'Etrainte de la veuve', 'Naxxramas', 'Grande veuve Faerlina', 0, 81, 'weapon1h', 2755, 100),
(358, 'Espauliers plaie-de-glace', 'Naxxramas', 'Grande veuve Faerlina', 0, 83, 'shoulder', 5352, 100),
(359, 'Protège-épaules polaires', 'MC', 'Grande veuve Faerlina', 0, 83, 'shoulder', 5352, 100),
(360, 'Pendentif de la pierre pernicieuse', 'Naxxramas', 'Grande veuve Faerlina', 0, 83, 'neck', 3788, 100),
(361, 'Gant désacralisés', 'Naxxramas', 'Multiple Boss', 0, 88, 'hands', 4813, 80),
(362, 'Garde-mains désacralisés', 'Naxxramas', 'Multiple Boss', 0, 88, 'hands', 4813, 80),
(363, 'Gantelets désacralisés', 'Naxxramas', 'Multiple Boss', 0, 88, 'hands', 4813, 80),
(364, 'Croc de Maexxna', 'Naxxramas', 'Maexxna', 0, 83, 'weapon1h', 2893, 100),
(365, 'Lame en peine', 'Naxxramas', 'Maexxna', 0, 83, 'weapon1h', 2893, 100),
(366, 'Baiser de l\'araignée', 'Naxxramas', 'Maexxna', 0, 85, 'trinket', 5057, 100),
(367, 'Robe de toile cristalline', 'Naxxramas', 'Maexxna', 0, 85, 'chest', 7225, 100),
(368, 'pendentif des noms oubliés', 'Naxxramas', 'Maexxna', 0, 85, 'neck', 3973, 100),
(369, 'Ceinture désacralisée', 'Naxxramas', 'Multiple Boss', 0, 88, 'back', 3407, 80),
(370, 'Ceinturon désacralisé', 'Naxxramas', 'Multiple Boss', 0, 88, 'waist', 4813, 80),
(371, 'Sangle désacralisée', 'Naxxramas', 'Multiple Boss', 0, 88, 'waist', 4813, 80),
(372, 'Cape du Fléau', 'Naxxramas', 'Noth le Porte-peste', 0, 88, 'back', 4259, 100),
(373, 'Bague de l\'inévitable', 'Naxxramas', 'Noth le Porte-peste', 0, 83, 'finger', 3788, 100),
(374, 'Bague du grêlon', 'Naxxramas', 'Noth le Porte-peste', 0, 83, 'finger', 3788, 100),
(375, 'Coeur frigide de Noth', 'Naxxramas', 'Noth le Porte-peste', 0, 83, 'offHand', 3788, 100),
(376, 'Libram de lumière', 'Naxxramas', 'Noth le Porte-peste', 0, 83, 'wand', 2893, 100),
(377, 'Hachette de l\'os brisé', 'Naxxramas', 'Noth le Porte-peste', 0, 83, 'weapon1h', 2893, 100),
(378, 'Chapeau de précepteur', 'Naxxramas', 'Heigan l\'Impur', 0, 83, 'head', 6889, 100),
(379, 'Camail glacécaille', 'Naxxramas', 'Heigan l\'Impur', 0, 83, 'head', 6889, 100),
(380, 'Heaume plaie-de-glace', 'Naxxramas', 'Heigan l\'Impur', 0, 83, 'head', 6889, 100),
(381, 'Collier de nécropsie', 'Naxxramas', 'Heigan l\'Impur', 0, 83, 'neck', 3788, 100),
(382, 'Cuisssots de carnage', 'Naxxramas', 'Heigan l\'Impur', 0, 83, 'legs', 6889, 100),
(383, 'Spallières du Grand croisé', 'Naxxramas', 'Trash', 0, 85, 'legs', 7225, 100),
(384, 'Atours de nécrochevalier', 'Naxxramas', 'Trash', 0, 85, 'chest', 7225, 100),
(385, 'Tunique en peau de goule', 'Naxxramas', 'Trash', 0, 83, 'chest', 6889, 100),
(386, 'Ceinturon de furie élémentaire', 'Naxxramas', 'Trash', 0, 85, 'waist', 5613, 100),
(387, 'Ceinturon du Grand croisé', 'Naxxramas', 'Trash', 0, 85, 'waist', 5613, 100),
(388, 'Jambières du Grand croisé', 'Naxxramas', 'Trash', 0, 85, 'legs', 7225, 100),
(389, 'Anneau de la flamme éternelle', 'Naxxramas', 'Trash', 0, 83, 'finger', 3788, 100),
(390, 'Targe stygienne', 'Naxxramas', 'Trash', 0, 83, 'shield', 3788, 100),
(391, 'Présage funeste', 'Naxxramas', 'Trash', 0, 83, 'weapon1h', 2893, 100),
(392, 'Servobras égaré', 'Naxxramas', 'Trash', 0, 83, 'weapon1h', 2893, 100),
(393, 'Jambières désacralisées', 'Naxxramas', 'Horreb', 0, 88, 'legs', 6195, 80),
(394, 'Cuissards désacralisés', 'Naxxramas', 'Noreb', 0, 88, 'legs', 6195, 80),
(395, 'Cuisssots désacralisés', 'Naxxramas', 'Noreb', 0, 88, 'legs', 6195, 80),
(396, 'Bague des forces contre-nature', 'Naxxramas', 'Noreb', 0, 85, 'finger', 3973, 100),
(397, 'Anneau de ferveeur spirituelle', 'Naxxramas', 'Noreb', 0, 85, 'finger', 3179, 80),
(398, 'Reflet d\'Horreb', 'Naxxramas', 'Noreb', 0, 85, 'trinket', 5057, 100),
(399, 'L\'oeil de Nérub', 'Naxxramas', 'Noreb', 0, 83, 'weapon2h', 6889, 100),
(400, 'Bâton de soufre', 'Naxxramas', 'Horreb', 0, 83, 'weapon2h', 6889, 100),
(401, 'Sandales désacralisées', 'Naxxramas', 'Multiple Boss', 0, 86, 'feet', 4597, 80),
(402, 'Bottes désacralisées', 'Naxxramas', 'Multiple Boss', 0, 86, 'feet', 4597, 80),
(403, 'Solerets désacralisés', 'Naxxramas', 'Multiple Boss', 0, 86, 'feet', 4597, 80),
(404, 'Voile de l\'éclipse', 'Naxxramas', 'Instructeur Razuvious', 0, 83, 'back', 3788, 100),
(405, 'Ceinturon du mentor', 'Naxxramas', 'Instructeur Razuvious', 0, 85, 'waist', 5613, 100),
(406, 'Chevalière du défenseur déchu', 'Naxxramas', 'Instructeur Razuvious', 0, 83, 'finger', 3788, 100),
(407, 'Idole de longévité', 'Naxxramas', 'Instructeur Razuvious', 0, 83, 'wand', 2893, 100),
(408, 'Baguette de la mort murmurante', 'Naxxramas', 'Instructeur Razuvious', 0, 83, 'wand', 2893, 100),
(409, 'Iblis, lame du Séraphin déchu', 'Naxxramas', 'Instructeur Razuvious', 0, 81, 'weapon1h', 2755, 100),
(410, 'Coiffure glaciale', 'Naxxramas', 'Gothik le Moissonneur', 0, 83, 'head', 6889, 100),
(411, 'Casque polaire', 'Naxxramas', 'Gothik le Moissonneur', 0, 83, 'head', 6889, 100),
(412, 'Torque de sadique', 'Naxxramas', 'Gothik le Moissonneur', 0, 83, 'neck', 3788, 100),
(413, 'Machettes du moissonneur d\'âmes', 'Naxxramas', 'Gothik le Moissonneur', 0, 83, 'wrist', 3788, 100),
(414, 'Bottes de déplacement', 'Naxxramas', 'Gothik le Moissonneur', 0, 83, 'feet', 5352, 100),
(415, 'Robe désacralisée', 'Naxxramas', 'Les quatre cavaliers', 0, 92, 'chest', 6771, 80),
(416, 'Tunique désacralisée', 'Naxxramas', 'Les quatre cavaliers', 0, 92, 'chest', 6771, 80),
(417, 'Cuirasse désacralisée', 'Naxxramas', 'Les quatre cavaliers', 0, 92, 'chest', 6771, 80),
(418, 'Jambières de l\'Apocalypse', 'Naxxramas', 'Les quatre cavaliers', 0, 83, 'legs', 6889, 100),
(419, 'Sceau des damnés', 'Naxxramas', 'Les quatre cavaliers', 0, 85, 'finger', 3973, 100),
(420, 'Cordialité du patron', 'Naxxramas', 'Les quatre cavaliers', 0, 85, 'trinket', 5057, 100),
(421, 'Cordâme', 'Naxxramas', 'Les quatre cavaliers', 0, 83, 'rangedWeapon', 2893, 100),
(422, 'Maillet du croiisé racheté', 'Naxxramas', 'Les quatre cavaliers', 0, 83, 'weapon2h', 6889, 100),
(423, 'Porte-centres corrompue', 'Naxxramas', 'Les quatre cavaliers', 0, 86, 'weapon2h', 7396, 100),
(424, 'Protège-épaules désacralisés', 'Naxxramas', 'Multiple Boss', 0, 86, 'shoulder', 4597, 80),
(425, 'Spallières désacralisées', 'Naxxramas', 'Multiple Boss', 0, 86, 'shoulder', 4597, 80),
(426, 'Espauliers désacralisés', 'Naxxramas', 'Multiple Boss', 0, 86, 'shoulder', 4597, 80),
(427, 'Cape de suture', 'Naxxramas', 'Le Recousu', 0, 83, 'back', 3788, 100),
(428, 'Bague de réanimation', 'Naxxramas', 'Le Recousu', 0, 83, 'finger', 3788, 100),
(429, 'Baguette des Parques', 'Naxxramas', 'Le Recousu', 0, 83, 'wand', 2893, 100),
(430, 'Le Porte-peste', 'Naxxramas', 'Le Recousu', 0, 83, 'shield', 3788, 100),
(431, 'Cisailleuse', 'Naxxramas', 'Le Recousu', 0, 81, 'weapon2h', 6561, 100),
(432, 'Mantelet glacial', 'Naxxramas', 'Grobbulus', 0, 83, 'shoulder', 5352, 100),
(433, 'Spallières glacécaille', 'Naxxramas', 'Grobbulus', 0, 83, 'shoulder', 5352, 100),
(434, 'Injecteur de toxines', 'Naxxramas', 'Grobbulus', 0, 81, 'rangedWeapon', 2755, 100),
(435, 'Rosées du crépuscule', 'Naxxramas', 'Grobbulus', 0, 81, 'weapon1h', 2755, 100),
(436, 'La fin des rêves', 'Naxxramas', 'Grobbulus', 0, 83, 'weapon1h', 2893, 100),
(437, 'Mantelet couvert de gel', 'Naxxramas', 'Gluth', 0, 83, 'shoulder', 5352, 100),
(438, 'Collier perdu de Gluth', 'Naxxramas', 'Gluth', 0, 83, 'neck', 3788, 100),
(439, 'Main de pouvoir digégée', 'Naxxramas', 'Gluth', 0, 83, 'offHand', 3788, 100),
(440, 'Pacte de la mort', 'Naxxramas', 'Gluth', 0, 83, 'shield', 3788, 100),
(441, 'Claymore de puissance impie', 'Naxxramas', 'Gluth', 0, 81, 'weapon2h', 6561, 100),
(442, 'Diadème désacralisé', 'Naxxramas', 'Thaddius', 0, 88, 'head', 6195, 80),
(443, 'Couvre-chef désacralisé', 'Naxxramas', 'Thaddius', 0, 88, 'head', 6195, 80),
(444, 'Heaume désacralisé', 'Naxxramas', 'Thaddius', 0, 88, 'head', 6195, 80),
(445, 'Thorax d\'abomination blindé', 'Naxxramas', 'Thaddius', 0, 85, 'chest', 7225, 100),
(446, 'Jambiere de polarité', 'Naxxramas', 'Thaddius', 0, 85, 'legs', 7225, 100),
(447, 'Oeil de diminution', 'Naxxramas', 'Thaddius', 0, 85, 'trinket', 5057, 100),
(448, 'Fustigatrice', 'Naxxramas', 'Thaddius', 0, 83, 'weapon1h', 2893, 100),
(449, 'Pic du Crèpuscule', 'Naxxramas', 'Thaddius', 0, 83, 'weapon2h', 6889, 100),
(450, 'Cape de la nécropole', 'Naxxramas', 'Saphiron', 0, 90, 'back', 4455, 100),
(451, 'Voile d\'assujettissement', 'Naxxramas', 'Thaddius', 0, 90, 'back', 4455, 100),
(452, 'Glyphe de déviation', 'Naxxramas', 'Thaddius', 0, 90, 'trinket', 5670, 100),
(453, 'Oeil du mort', 'Naxxramas', 'Saphiron', 0, 90, 'trinket', 5670, 100),
(454, 'Blason de tueur', 'Naxxramas', 'Saphiron', 0, 90, 'trinket', 5670, 100),
(455, 'L\'essence contenue de Saphiron', 'Naxxramas', 'Saphiron', 0, 90, 'trinket', 5670, 100),
(456, 'Oeil gauche de Saphiron', 'Naxxramas', 'Saphiron', 0, 90, 'offHand', 4455, 100),
(457, 'Oeil droit de Saphiron', 'Naxxramas', 'Saphiron', 0, 90, 'offHand', 4455, 100),
(458, 'Le visage de la mort', 'Naxxramas', 'Saphiron', 0, 90, 'shield', 4455, 100),
(459, 'Griffe du wyrm de givre', 'Naxxramas', 'Saphiron', 0, 88, 'offHand', 4259, 100),
(460, 'Gemme des innocents enchaînés', 'Naxxramas', 'Kel\'Thuzad', 0, 92, 'neck', 4655, 100),
(461, 'Talisman bouillonnant de Stormrage', 'Naxxramas', 'Kel\'Thuzad', 0, 92, 'neck', 4655, 100),
(463, 'Esclavagiste nérubien', 'Naxxramas', 'Kel\'Thuzad', 0, 89, 'rangedWeapon', 3326, 100),
(464, 'Doigt du destin', 'Naxxramas', 'Kel\'Thuzad', 0, 92, 'wand', 3554, 100),
(465, 'Bouclier de condamnation', 'Naxxramas', 'Kel\'Thuzad', 0, 92, 'shield', 4655, 100),
(466, 'Détrôneuse', 'Naxxramas', 'Kel\'Thuzad', 0, 89, 'weapon1h', 3326, 100),
(467, 'Marteau du Néant distordu', 'Naxxramas', 'Kel\'Thuzad', 0, 89, 'weapon1h', 3326, 100),
(468, 'Gressil, Aube de la ruine', 'Naxxramas', 'Kel\'Thuzad', 0, 89, 'weapon1h', 3326, 100);

-- --------------------------------------------------------

--
-- Table structure for table `item_assignment`
--

CREATE TABLE `item_assignment` (
  `item` int(11) NOT NULL,
  `class` varchar(32) NOT NULL
) ENGINE=InnoDB DEFAULT CHARSET=utf8mb4;

--
-- Dumping data for table `item_assignment`
--

INSERT INTO `item_assignment` (`item`, `class`) VALUES
(2, 'druid'),
(5, 'druid'),
(6, 'druid'),
(7, 'druid'),
(8, 'druid'),
(9, 'druid'),
(16, 'druid'),
(18, 'druid'),
(19, 'druid'),
(21, 'druid'),
(22, 'druid'),
(24, 'druid'),
(25, 'druid'),
(26, 'druid'),
(27, 'druid'),
(29, 'druid'),
(36, 'druid'),
(37, 'druid'),
(38, 'druid'),
(39, 'druid'),
(40, 'druid'),
(41, 'druid'),
(42, 'druid'),
(43, 'druid'),
(45, 'druid'),
(46, 'druid'),
(47, 'druid'),
(48, 'druid'),
(49, 'druid'),
(51, 'druid'),
(53, 'druid'),
(54, 'druid'),
(55, 'druid'),
(57, 'druid'),
(58, 'druid'),
(61, 'druid'),
(63, 'druid'),
(64, 'druid'),
(65, 'druid'),
(70, 'druid'),
(77, 'druid'),
(79, 'druid'),
(82, 'druid'),
(84, 'druid'),
(91, 'druid'),
(95, 'druid'),
(103, 'druid'),
(104, 'druid'),
(108, 'druid'),
(109, 'druid'),
(142, 'druid'),
(143, 'druid'),
(147, 'druid'),
(149, 'druid'),
(151, 'druid'),
(154, 'druid'),
(157, 'druid'),
(158, 'druid'),
(165, 'druid'),
(169, 'druid'),
(174, 'druid'),
(186, 'druid'),
(187, 'druid'),
(188, 'druid'),
(191, 'druid'),
(210, 'druid'),
(211, 'druid'),
(212, 'druid'),
(213, 'druid'),
(214, 'druid'),
(215, 'druid'),
(216, 'druid'),
(217, 'druid'),
(218, 'druid'),
(220, 'druid'),
(221, 'druid'),
(225, 'druid'),
(226, 'druid'),
(227, 'druid'),
(228, 'druid'),
(229, 'druid'),
(230, 'druid'),
(231, 'druid'),
(235, 'druid'),
(236, 'druid'),
(237, 'druid'),
(238, 'druid'),
(239, 'druid'),
(242, 'druid'),
(244, 'druid'),
(245, 'druid'),
(246, 'druid'),
(247, 'druid'),
(257, 'druid'),
(261, 'druid'),
(262, 'druid'),
(264, 'druid'),
(266, 'druid'),
(267, 'druid'),
(268, 'druid'),
(272, 'druid'),
(273, 'druid'),
(275, 'druid'),
(276, 'druid'),
(277, 'druid'),
(280, 'druid'),
(283, 'druid'),
(284, 'druid'),
(285, 'druid'),
(286, 'druid'),
(291, 'druid'),
(292, 'druid'),
(294, 'druid'),
(297, 'druid'),
(298, 'druid'),
(302, 'druid'),
(306, 'druid'),
(307, 'druid'),
(308, 'druid'),
(311, 'druid'),
(313, 'druid'),
(314, 'druid'),
(315, 'druid'),
(316, 'druid'),
(318, 'druid'),
(319, 'druid'),
(321, 'druid'),
(323, 'druid'),
(326, 'druid'),
(332, 'druid'),
(333, 'druid'),
(335, 'druid'),
(336, 'druid'),
(340, 'druid'),
(343, 'druid'),
(345, 'druid'),
(347, 'druid'),
(349, 'druid'),
(351, 'druid'),
(352, 'druid'),
(354, 'druid'),
(355, 'druid'),
(357, 'druid'),
(359, 'druid'),
(360, 'druid'),
(362, 'druid'),
(366, 'druid'),
(368, 'druid'),
(370, 'druid'),
(374, 'druid'),
(375, 'druid'),
(381, 'druid'),
(385, 'druid'),
(392, 'druid'),
(394, 'druid'),
(396, 'druid'),
(397, 'druid'),
(398, 'druid'),
(400, 'druid'),
(402, 'druid'),
(404, 'druid'),
(406, 'druid'),
(407, 'druid'),
(411, 'druid'),
(412, 'druid'),
(414, 'druid'),
(416, 'druid'),
(418, 'druid'),
(420, 'druid'),
(425, 'druid'),
(427, 'druid'),
(428, 'druid'),
(436, 'druid'),
(439, 'druid'),
(443, 'druid'),
(449, 'druid'),
(453, 'druid'),
(457, 'druid'),
(461, 'druid'),
(467, 'druid'),
(2, 'hunter'),
(9, 'hunter'),
(10, 'hunter'),
(11, 'hunter'),
(12, 'hunter'),
(18, 'hunter'),
(25, 'hunter'),
(27, 'hunter'),
(32, 'hunter'),
(36, 'hunter'),
(37, 'hunter'),
(40, 'hunter'),
(41, 'hunter'),
(42, 'hunter'),
(48, 'hunter'),
(49, 'hunter'),
(51, 'hunter'),
(53, 'hunter'),
(54, 'hunter'),
(55, 'hunter'),
(58, 'hunter'),
(63, 'hunter'),
(64, 'hunter'),
(66, 'hunter'),
(68, 'hunter'),
(74, 'hunter'),
(75, 'hunter'),
(77, 'hunter'),
(82, 'hunter'),
(95, 'hunter'),
(118, 'hunter'),
(119, 'hunter'),
(125, 'hunter'),
(142, 'hunter'),
(143, 'hunter'),
(147, 'hunter'),
(148, 'hunter'),
(159, 'hunter'),
(169, 'hunter'),
(186, 'hunter'),
(192, 'hunter'),
(193, 'hunter'),
(194, 'hunter'),
(197, 'hunter'),
(213, 'hunter'),
(216, 'hunter'),
(228, 'hunter'),
(231, 'hunter'),
(232, 'hunter'),
(233, 'hunter'),
(237, 'hunter'),
(240, 'hunter'),
(247, 'hunter'),
(249, 'hunter'),
(250, 'hunter'),
(253, 'hunter'),
(254, 'hunter'),
(260, 'hunter'),
(270, 'hunter'),
(274, 'hunter'),
(282, 'hunter'),
(294, 'hunter'),
(296, 'hunter'),
(297, 'hunter'),
(298, 'hunter'),
(300, 'hunter'),
(308, 'hunter'),
(312, 'hunter'),
(318, 'hunter'),
(322, 'hunter'),
(326, 'hunter'),
(327, 'hunter'),
(341, 'hunter'),
(345, 'hunter'),
(346, 'hunter'),
(349, 'hunter'),
(351, 'hunter'),
(362, 'hunter'),
(370, 'hunter'),
(377, 'hunter'),
(379, 'hunter'),
(394, 'hunter'),
(396, 'hunter'),
(398, 'hunter'),
(399, 'hunter'),
(402, 'hunter'),
(412, 'hunter'),
(416, 'hunter'),
(421, 'hunter'),
(425, 'hunter'),
(428, 'hunter'),
(433, 'hunter'),
(434, 'hunter'),
(441, 'hunter'),
(443, 'hunter'),
(451, 'hunter'),
(454, 'hunter'),
(459, 'hunter'),
(461, 'hunter'),
(463, 'hunter'),
(466, 'hunter'),
(468, 'hunter'),
(2, 'mage'),
(13, 'mage'),
(14, 'mage'),
(15, 'mage'),
(16, 'mage'),
(17, 'mage'),
(18, 'mage'),
(25, 'mage'),
(27, 'mage'),
(37, 'mage'),
(38, 'mage'),
(40, 'mage'),
(41, 'mage'),
(42, 'mage'),
(43, 'mage'),
(44, 'mage'),
(45, 'mage'),
(46, 'mage'),
(47, 'mage'),
(48, 'mage'),
(51, 'mage'),
(53, 'mage'),
(54, 'mage'),
(55, 'mage'),
(63, 'mage'),
(64, 'mage'),
(65, 'mage'),
(70, 'mage'),
(74, 'mage'),
(77, 'mage'),
(78, 'mage'),
(82, 'mage'),
(85, 'mage'),
(91, 'mage'),
(92, 'mage'),
(95, 'mage'),
(104, 'mage'),
(106, 'mage'),
(110, 'mage'),
(131, 'mage'),
(135, 'mage'),
(142, 'mage'),
(143, 'mage'),
(147, 'mage'),
(149, 'mage'),
(150, 'mage'),
(153, 'mage'),
(157, 'mage'),
(168, 'mage'),
(169, 'mage'),
(177, 'mage'),
(181, 'mage'),
(183, 'mage'),
(185, 'mage'),
(186, 'mage'),
(212, 'mage'),
(222, 'mage'),
(223, 'mage'),
(224, 'mage'),
(225, 'mage'),
(226, 'mage'),
(227, 'mage'),
(230, 'mage'),
(237, 'mage'),
(247, 'mage'),
(262, 'mage'),
(268, 'mage'),
(275, 'mage'),
(278, 'mage'),
(283, 'mage'),
(284, 'mage'),
(290, 'mage'),
(302, 'mage'),
(303, 'mage'),
(309, 'mage'),
(311, 'mage'),
(316, 'mage'),
(319, 'mage'),
(321, 'mage'),
(323, 'mage'),
(324, 'mage'),
(325, 'mage'),
(326, 'mage'),
(342, 'mage'),
(343, 'mage'),
(345, 'mage'),
(348, 'mage'),
(351, 'mage'),
(355, 'mage'),
(360, 'mage'),
(361, 'mage'),
(365, 'mage'),
(367, 'mage'),
(368, 'mage'),
(369, 'mage'),
(373, 'mage'),
(378, 'mage'),
(384, 'mage'),
(389, 'mage'),
(393, 'mage'),
(398, 'mage'),
(400, 'mage'),
(401, 'mage'),
(404, 'mage'),
(410, 'mage'),
(413, 'mage'),
(415, 'mage'),
(419, 'mage'),
(424, 'mage'),
(429, 'mage'),
(432, 'mage'),
(435, 'mage'),
(437, 'mage'),
(439, 'mage'),
(442, 'mage'),
(446, 'mage'),
(447, 'mage'),
(450, 'mage'),
(455, 'mage'),
(456, 'mage'),
(460, 'mage'),
(464, 'mage'),
(2, 'paladin'),
(5, 'paladin'),
(6, 'paladin'),
(7, 'paladin'),
(8, 'paladin'),
(9, 'paladin'),
(13, 'paladin'),
(16, 'paladin'),
(18, 'paladin'),
(21, 'paladin'),
(24, 'paladin'),
(25, 'paladin'),
(26, 'paladin'),
(27, 'paladin'),
(29, 'paladin'),
(35, 'paladin'),
(36, 'paladin'),
(37, 'paladin'),
(39, 'paladin'),
(40, 'paladin'),
(41, 'paladin'),
(42, 'paladin'),
(48, 'paladin'),
(49, 'paladin'),
(50, 'paladin'),
(51, 'paladin'),
(53, 'paladin'),
(54, 'paladin'),
(55, 'paladin'),
(63, 'paladin'),
(64, 'paladin'),
(70, 'paladin'),
(73, 'paladin'),
(77, 'paladin'),
(79, 'paladin'),
(82, 'paladin'),
(83, 'paladin'),
(84, 'paladin'),
(93, 'paladin'),
(95, 'paladin'),
(96, 'paladin'),
(104, 'paladin'),
(108, 'paladin'),
(109, 'paladin'),
(110, 'paladin'),
(123, 'paladin'),
(125, 'paladin'),
(126, 'paladin'),
(127, 'paladin'),
(130, 'paladin'),
(142, 'paladin'),
(143, 'paladin'),
(147, 'paladin'),
(148, 'paladin'),
(149, 'paladin'),
(156, 'paladin'),
(163, 'paladin'),
(169, 'paladin'),
(186, 'paladin'),
(187, 'paladin'),
(190, 'paladin'),
(195, 'paladin'),
(202, 'paladin'),
(210, 'paladin'),
(217, 'paladin'),
(218, 'paladin'),
(220, 'paladin'),
(221, 'paladin'),
(228, 'paladin'),
(229, 'paladin'),
(231, 'paladin'),
(235, 'paladin'),
(236, 'paladin'),
(237, 'paladin'),
(238, 'paladin'),
(239, 'paladin'),
(240, 'paladin'),
(242, 'paladin'),
(245, 'paladin'),
(246, 'paladin'),
(247, 'paladin'),
(248, 'paladin'),
(251, 'paladin'),
(255, 'paladin'),
(257, 'paladin'),
(259, 'paladin'),
(261, 'paladin'),
(264, 'paladin'),
(265, 'paladin'),
(267, 'paladin'),
(268, 'paladin'),
(274, 'paladin'),
(279, 'paladin'),
(280, 'paladin'),
(281, 'paladin'),
(283, 'paladin'),
(284, 'paladin'),
(285, 'paladin'),
(286, 'paladin'),
(288, 'paladin'),
(292, 'paladin'),
(293, 'paladin'),
(295, 'paladin'),
(296, 'paladin'),
(298, 'paladin'),
(299, 'paladin'),
(301, 'paladin'),
(302, 'paladin'),
(304, 'paladin'),
(306, 'paladin'),
(308, 'paladin'),
(310, 'paladin'),
(312, 'paladin'),
(314, 'paladin'),
(320, 'paladin'),
(322, 'paladin'),
(326, 'paladin'),
(329, 'paladin'),
(331, 'paladin'),
(334, 'paladin'),
(336, 'paladin'),
(337, 'paladin'),
(338, 'paladin'),
(340, 'paladin'),
(341, 'paladin'),
(343, 'paladin'),
(345, 'paladin'),
(346, 'paladin'),
(349, 'paladin'),
(351, 'paladin'),
(352, 'paladin'),
(353, 'paladin'),
(354, 'paladin'),
(356, 'paladin'),
(357, 'paladin'),
(358, 'paladin'),
(362, 'paladin'),
(368, 'paladin'),
(370, 'paladin'),
(375, 'paladin'),
(376, 'paladin'),
(380, 'paladin'),
(381, 'paladin'),
(382, 'paladin'),
(383, 'paladin'),
(386, 'paladin'),
(387, 'paladin'),
(388, 'paladin'),
(390, 'paladin'),
(392, 'paladin'),
(394, 'paladin'),
(396, 'paladin'),
(397, 'paladin'),
(398, 'paladin'),
(402, 'paladin'),
(405, 'paladin'),
(406, 'paladin'),
(409, 'paladin'),
(416, 'paladin'),
(420, 'paladin'),
(422, 'paladin'),
(423, 'paladin'),
(425, 'paladin'),
(427, 'paladin'),
(430, 'paladin'),
(438, 'paladin'),
(439, 'paladin'),
(440, 'paladin'),
(441, 'paladin'),
(443, 'paladin'),
(445, 'paladin'),
(448, 'paladin'),
(452, 'paladin'),
(453, 'paladin'),
(457, 'paladin'),
(458, 'paladin'),
(465, 'paladin'),
(467, 'paladin'),
(2, 'priest'),
(5, 'priest'),
(6, 'priest'),
(7, 'priest'),
(8, 'priest'),
(14, 'priest'),
(15, 'priest'),
(16, 'priest'),
(17, 'priest'),
(18, 'priest'),
(21, 'priest'),
(24, 'priest'),
(25, 'priest'),
(26, 'priest'),
(27, 'priest'),
(28, 'priest'),
(29, 'priest'),
(37, 'priest'),
(38, 'priest'),
(39, 'priest'),
(40, 'priest'),
(41, 'priest'),
(42, 'priest'),
(43, 'priest'),
(45, 'priest'),
(46, 'priest'),
(47, 'priest'),
(48, 'priest'),
(51, 'priest'),
(53, 'priest'),
(54, 'priest'),
(55, 'priest'),
(60, 'priest'),
(63, 'priest'),
(64, 'priest'),
(65, 'priest'),
(70, 'priest'),
(77, 'priest'),
(82, 'priest'),
(88, 'priest'),
(89, 'priest'),
(90, 'priest'),
(91, 'priest'),
(92, 'priest'),
(95, 'priest'),
(100, 'priest'),
(104, 'priest'),
(106, 'priest'),
(108, 'priest'),
(109, 'priest'),
(110, 'priest'),
(128, 'priest'),
(129, 'priest'),
(131, 'priest'),
(135, 'priest'),
(142, 'priest'),
(143, 'priest'),
(147, 'priest'),
(149, 'priest'),
(150, 'priest'),
(151, 'priest'),
(153, 'priest'),
(157, 'priest'),
(161, 'priest'),
(162, 'priest'),
(168, 'priest'),
(169, 'priest'),
(174, 'priest'),
(177, 'priest'),
(181, 'priest'),
(183, 'priest'),
(185, 'priest'),
(186, 'priest'),
(210, 'priest'),
(212, 'priest'),
(217, 'priest'),
(218, 'priest'),
(220, 'priest'),
(221, 'priest'),
(222, 'priest'),
(223, 'priest'),
(224, 'priest'),
(226, 'priest'),
(227, 'priest'),
(229, 'priest'),
(230, 'priest'),
(235, 'priest'),
(236, 'priest'),
(237, 'priest'),
(238, 'priest'),
(239, 'priest'),
(247, 'priest'),
(253, 'priest'),
(254, 'priest'),
(257, 'priest'),
(261, 'priest'),
(262, 'priest'),
(264, 'priest'),
(267, 'priest'),
(268, 'priest'),
(269, 'priest'),
(271, 'priest'),
(273, 'priest'),
(275, 'priest'),
(278, 'priest'),
(290, 'priest'),
(302, 'priest'),
(309, 'priest'),
(311, 'priest'),
(315, 'priest'),
(316, 'priest'),
(319, 'priest'),
(321, 'priest'),
(323, 'priest'),
(324, 'priest'),
(325, 'priest'),
(326, 'priest'),
(328, 'priest'),
(336, 'priest'),
(342, 'priest'),
(343, 'priest'),
(345, 'priest'),
(348, 'priest'),
(351, 'priest'),
(354, 'priest'),
(355, 'priest'),
(357, 'priest'),
(360, 'priest'),
(361, 'priest'),
(367, 'priest'),
(369, 'priest'),
(373, 'priest'),
(375, 'priest'),
(378, 'priest'),
(381, 'priest'),
(384, 'priest'),
(389, 'priest'),
(393, 'priest'),
(397, 'priest'),
(398, 'priest'),
(400, 'priest'),
(401, 'priest'),
(404, 'priest'),
(408, 'priest'),
(410, 'priest'),
(413, 'priest'),
(415, 'priest'),
(419, 'priest'),
(420, 'priest'),
(424, 'priest'),
(427, 'priest'),
(429, 'priest'),
(432, 'priest'),
(435, 'priest'),
(436, 'priest'),
(437, 'priest'),
(439, 'priest'),
(442, 'priest'),
(446, 'priest'),
(449, 'priest'),
(450, 'priest'),
(453, 'priest'),
(455, 'priest'),
(456, 'priest'),
(457, 'priest'),
(464, 'priest'),
(467, 'priest'),
(2, 'rogue'),
(9, 'rogue'),
(10, 'rogue'),
(18, 'rogue'),
(19, 'rogue'),
(20, 'rogue'),
(25, 'rogue'),
(27, 'rogue'),
(30, 'rogue'),
(31, 'rogue'),
(32, 'rogue'),
(36, 'rogue'),
(37, 'rogue'),
(40, 'rogue'),
(41, 'rogue'),
(42, 'rogue'),
(48, 'rogue'),
(51, 'rogue'),
(53, 'rogue'),
(54, 'rogue'),
(55, 'rogue'),
(61, 'rogue'),
(62, 'rogue'),
(63, 'rogue'),
(64, 'rogue'),
(68, 'rogue'),
(69, 'rogue'),
(77, 'rogue'),
(82, 'rogue'),
(86, 'rogue'),
(87, 'rogue'),
(95, 'rogue'),
(98, 'rogue'),
(103, 'rogue'),
(118, 'rogue'),
(119, 'rogue'),
(142, 'rogue'),
(143, 'rogue'),
(146, 'rogue'),
(147, 'rogue'),
(152, 'rogue'),
(156, 'rogue'),
(169, 'rogue'),
(186, 'rogue'),
(188, 'rogue'),
(192, 'rogue'),
(197, 'rogue'),
(213, 'rogue'),
(214, 'rogue'),
(215, 'rogue'),
(216, 'rogue'),
(228, 'rogue'),
(233, 'rogue'),
(234, 'rogue'),
(237, 'rogue'),
(240, 'rogue'),
(241, 'rogue'),
(242, 'rogue'),
(243, 'rogue'),
(244, 'rogue'),
(247, 'rogue'),
(249, 'rogue'),
(253, 'rogue'),
(254, 'rogue'),
(269, 'rogue'),
(274, 'rogue'),
(282, 'rogue'),
(291, 'rogue'),
(294, 'rogue'),
(297, 'rogue'),
(298, 'rogue'),
(309, 'rogue'),
(312, 'rogue'),
(313, 'rogue'),
(315, 'rogue'),
(316, 'rogue'),
(318, 'rogue'),
(326, 'rogue'),
(330, 'rogue'),
(339, 'rogue'),
(341, 'rogue'),
(345, 'rogue'),
(350, 'rogue'),
(351, 'rogue'),
(356, 'rogue'),
(359, 'rogue'),
(363, 'rogue'),
(364, 'rogue'),
(366, 'rogue'),
(371, 'rogue'),
(372, 'rogue'),
(385, 'rogue'),
(391, 'rogue'),
(395, 'rogue'),
(396, 'rogue'),
(398, 'rogue'),
(403, 'rogue'),
(411, 'rogue'),
(412, 'rogue'),
(414, 'rogue'),
(417, 'rogue'),
(418, 'rogue'),
(421, 'rogue'),
(426, 'rogue'),
(434, 'rogue'),
(444, 'rogue'),
(451, 'rogue'),
(454, 'rogue'),
(459, 'rogue'),
(461, 'rogue'),
(463, 'rogue'),
(466, 'rogue'),
(468, 'rogue'),
(2, 'shaman'),
(42, 'shaman'),
(48, 'shaman'),
(53, 'shaman'),
(82, 'shaman'),
(142, 'shaman'),
(143, 'shaman'),
(147, 'shaman'),
(169, 'shaman'),
(183, 'shaman'),
(210, 'shaman'),
(220, 'shaman'),
(221, 'shaman'),
(226, 'shaman'),
(227, 'shaman'),
(230, 'shaman'),
(231, 'shaman'),
(233, 'shaman'),
(235, 'shaman'),
(236, 'shaman'),
(237, 'shaman'),
(238, 'shaman'),
(239, 'shaman'),
(240, 'shaman'),
(242, 'shaman'),
(244, 'shaman'),
(247, 'shaman'),
(257, 'shaman'),
(260, 'shaman'),
(261, 'shaman'),
(262, 'shaman'),
(264, 'shaman'),
(267, 'shaman'),
(268, 'shaman'),
(270, 'shaman'),
(272, 'shaman'),
(273, 'shaman'),
(274, 'shaman'),
(278, 'shaman'),
(280, 'shaman'),
(283, 'shaman'),
(284, 'shaman'),
(286, 'shaman'),
(297, 'shaman'),
(298, 'shaman'),
(300, 'shaman'),
(302, 'shaman'),
(308, 'shaman'),
(310, 'shaman'),
(312, 'shaman'),
(314, 'shaman'),
(319, 'shaman'),
(321, 'shaman'),
(322, 'shaman'),
(323, 'shaman'),
(326, 'shaman'),
(327, 'shaman'),
(340, 'shaman'),
(341, 'shaman'),
(343, 'shaman'),
(345, 'shaman'),
(349, 'shaman'),
(351, 'shaman'),
(355, 'shaman'),
(360, 'shaman'),
(362, 'shaman'),
(368, 'shaman'),
(370, 'shaman'),
(375, 'shaman'),
(379, 'shaman'),
(381, 'shaman'),
(394, 'shaman'),
(397, 'shaman'),
(398, 'shaman'),
(402, 'shaman'),
(404, 'shaman'),
(410, 'shaman'),
(416, 'shaman'),
(419, 'shaman'),
(425, 'shaman'),
(433, 'shaman'),
(443, 'shaman'),
(453, 'shaman'),
(465, 'shaman'),
(467, 'shaman'),
(2, 'warlock'),
(13, 'warlock'),
(14, 'warlock'),
(15, 'warlock'),
(16, 'warlock'),
(17, 'warlock'),
(18, 'warlock'),
(25, 'warlock'),
(27, 'warlock'),
(37, 'warlock'),
(38, 'warlock'),
(40, 'warlock'),
(41, 'warlock'),
(43, 'warlock'),
(45, 'warlock'),
(46, 'warlock'),
(47, 'warlock'),
(48, 'warlock'),
(51, 'warlock'),
(53, 'warlock'),
(54, 'warlock'),
(55, 'warlock'),
(60, 'warlock'),
(63, 'warlock'),
(64, 'warlock'),
(65, 'warlock'),
(70, 'warlock'),
(77, 'warlock'),
(82, 'warlock'),
(88, 'warlock'),
(89, 'warlock'),
(91, 'warlock'),
(92, 'warlock'),
(95, 'warlock'),
(102, 'warlock'),
(104, 'warlock'),
(106, 'warlock'),
(110, 'warlock'),
(135, 'warlock'),
(142, 'warlock'),
(143, 'warlock'),
(147, 'warlock'),
(149, 'warlock'),
(150, 'warlock'),
(151, 'warlock'),
(153, 'warlock'),
(157, 'warlock'),
(162, 'warlock'),
(168, 'warlock'),
(169, 'warlock'),
(177, 'warlock'),
(181, 'warlock'),
(185, 'warlock'),
(186, 'warlock'),
(212, 'warlock'),
(222, 'warlock'),
(223, 'warlock'),
(224, 'warlock'),
(225, 'warlock'),
(226, 'warlock'),
(227, 'warlock'),
(230, 'warlock'),
(237, 'warlock'),
(247, 'warlock'),
(249, 'warlock'),
(262, 'warlock'),
(268, 'warlock'),
(269, 'warlock'),
(271, 'warlock'),
(275, 'warlock'),
(278, 'warlock'),
(283, 'warlock'),
(284, 'warlock'),
(287, 'warlock'),
(290, 'warlock'),
(302, 'warlock'),
(308, 'warlock'),
(311, 'warlock'),
(316, 'warlock'),
(319, 'warlock'),
(321, 'warlock'),
(323, 'warlock'),
(324, 'warlock'),
(325, 'warlock'),
(326, 'warlock'),
(328, 'warlock'),
(342, 'warlock'),
(343, 'warlock'),
(345, 'warlock'),
(348, 'warlock'),
(351, 'warlock'),
(355, 'warlock'),
(360, 'warlock'),
(361, 'warlock'),
(365, 'warlock'),
(367, 'warlock'),
(369, 'warlock'),
(373, 'warlock'),
(378, 'warlock'),
(384, 'warlock'),
(386, 'warlock'),
(389, 'warlock'),
(393, 'warlock'),
(398, 'warlock'),
(400, 'warlock'),
(401, 'warlock'),
(404, 'warlock'),
(410, 'warlock'),
(413, 'warlock'),
(415, 'warlock'),
(424, 'warlock'),
(429, 'warlock'),
(432, 'warlock'),
(435, 'warlock'),
(437, 'warlock'),
(439, 'warlock'),
(442, 'warlock'),
(446, 'warlock'),
(447, 'warlock'),
(450, 'warlock'),
(455, 'warlock'),
(456, 'warlock'),
(460, 'warlock'),
(463, 'warlock'),
(464, 'warlock'),
(2, 'warrior'),
(3, 'warrior'),
(4, 'warrior'),
(9, 'warrior'),
(10, 'warrior'),
(11, 'warrior'),
(18, 'warrior'),
(19, 'warrior'),
(20, 'warrior'),
(25, 'warrior'),
(27, 'warrior'),
(30, 'warrior'),
(31, 'warrior'),
(32, 'warrior'),
(34, 'warrior'),
(35, 'warrior'),
(36, 'warrior'),
(37, 'warrior'),
(40, 'warrior'),
(41, 'warrior'),
(42, 'warrior'),
(48, 'warrior'),
(49, 'warrior'),
(50, 'warrior'),
(51, 'warrior'),
(52, 'warrior'),
(53, 'warrior'),
(54, 'warrior'),
(55, 'warrior'),
(56, 'warrior'),
(57, 'warrior'),
(59, 'warrior'),
(62, 'warrior'),
(63, 'warrior'),
(64, 'warrior'),
(66, 'warrior'),
(67, 'warrior'),
(69, 'warrior'),
(72, 'warrior'),
(73, 'warrior'),
(75, 'warrior'),
(77, 'warrior'),
(82, 'warrior'),
(84, 'warrior'),
(87, 'warrior'),
(95, 'warrior'),
(96, 'warrior'),
(103, 'warrior'),
(119, 'warrior'),
(125, 'warrior'),
(126, 'warrior'),
(127, 'warrior'),
(130, 'warrior'),
(142, 'warrior'),
(143, 'warrior'),
(147, 'warrior'),
(148, 'warrior'),
(152, 'warrior'),
(156, 'warrior'),
(158, 'warrior'),
(163, 'warrior'),
(165, 'warrior'),
(169, 'warrior'),
(173, 'warrior'),
(186, 'warrior'),
(187, 'warrior'),
(188, 'warrior'),
(192, 'warrior'),
(195, 'warrior'),
(197, 'warrior'),
(202, 'warrior'),
(211, 'warrior'),
(215, 'warrior'),
(228, 'warrior'),
(231, 'warrior'),
(233, 'warrior'),
(234, 'warrior'),
(237, 'warrior'),
(240, 'warrior'),
(241, 'warrior'),
(242, 'warrior'),
(243, 'warrior'),
(245, 'warrior'),
(246, 'warrior'),
(247, 'warrior'),
(248, 'warrior'),
(249, 'warrior'),
(251, 'warrior'),
(253, 'warrior'),
(254, 'warrior'),
(255, 'warrior'),
(258, 'warrior'),
(263, 'warrior'),
(265, 'warrior'),
(270, 'warrior'),
(274, 'warrior'),
(279, 'warrior'),
(281, 'warrior'),
(285, 'warrior'),
(286, 'warrior'),
(287, 'warrior'),
(288, 'warrior'),
(290, 'warrior'),
(292, 'warrior'),
(293, 'warrior'),
(294, 'warrior'),
(295, 'warrior'),
(297, 'warrior'),
(299, 'warrior'),
(301, 'warrior'),
(304, 'warrior'),
(305, 'warrior'),
(306, 'warrior'),
(309, 'warrior'),
(312, 'warrior'),
(316, 'warrior'),
(317, 'warrior'),
(320, 'warrior'),
(322, 'warrior'),
(326, 'warrior'),
(330, 'warrior'),
(334, 'warrior'),
(337, 'warrior'),
(338, 'warrior'),
(340, 'warrior'),
(341, 'warrior'),
(345, 'warrior'),
(350, 'warrior'),
(351, 'warrior'),
(352, 'warrior'),
(353, 'warrior'),
(356, 'warrior'),
(358, 'warrior'),
(363, 'warrior'),
(366, 'warrior'),
(371, 'warrior'),
(372, 'warrior'),
(374, 'warrior'),
(377, 'warrior'),
(380, 'warrior'),
(382, 'warrior'),
(390, 'warrior'),
(392, 'warrior'),
(395, 'warrior'),
(396, 'warrior'),
(398, 'warrior'),
(403, 'warrior'),
(405, 'warrior'),
(406, 'warrior'),
(409, 'warrior'),
(412, 'warrior'),
(417, 'warrior'),
(421, 'warrior'),
(423, 'warrior'),
(426, 'warrior'),
(430, 'warrior'),
(431, 'warrior'),
(434, 'warrior'),
(438, 'warrior'),
(441, 'warrior'),
(444, 'warrior'),
(445, 'warrior'),
(447, 'warrior'),
(448, 'warrior'),
(451, 'warrior'),
(452, 'warrior'),
(454, 'warrior'),
(458, 'warrior'),
(459, 'warrior'),
(461, 'warrior'),
(468, 'warrior');

-- --------------------------------------------------------

--
-- Stand-in structure for view `item_priority`
-- (See below for the actual view)
--
CREATE TABLE `item_priority` (
`item` int(11)
,`player` int(11)
,`item_name` varchar(64)
,`player_name` varchar(64)
,`point` int(1)
,`attribution` varchar(32)
,`ev` decimal(41,0)
,`er` decimal(41,0)
,`gp` double(17,0)
,`evgp_ratio` double(17,0)
,`ergp_ratio` double(17,0)
,`nb_loot` bigint(21)
,`nb_raid` bigint(21)
,`nb_raid_without_loot` bigint(21)
,`nb_raid_wait` bigint(21)
,`selected` tinyint(1)
,`last_loot_date` datetime
);

-- --------------------------------------------------------

--
-- Stand-in structure for view `last_player_loot`
-- (See below for the actual view)
--
CREATE TABLE `last_player_loot` (
`player` int(11)
,`loot_date` datetime
);

-- --------------------------------------------------------

--
-- Stand-in structure for view `loot_history`
-- (See below for the actual view)
--
CREATE TABLE `loot_history` (
`item_id` int(11)
,`item_name` varchar(64)
,`item_big` tinyint(1)
,`player_id` int(11)
,`player_name` varchar(64)
,`loot_date` datetime
,`raid` int(11)
,`initial_gp` int(11)
,`gp` double(17,0)
,`attribution` varchar(32)
);

-- --------------------------------------------------------

--
-- Stand-in structure for view `no_loot`
-- (See below for the actual view)
--
CREATE TABLE `no_loot` (
`nb_raid` bigint(21)
,`player` int(11)
);

-- --------------------------------------------------------

--
-- Table structure for table `player`
--

CREATE TABLE `player` (
  `id` int(11) NOT NULL,
  `name` varchar(64) NOT NULL,
  `display_name` varchar(64) DEFAULT NULL,
  `class` varchar(16) NOT NULL,
  `rank` varchar(32) NOT NULL,
  `main` int(11) DEFAULT NULL,
  `token` varchar(256) DEFAULT NULL
) ENGINE=InnoDB DEFAULT CHARSET=utf8mb4;

--
-- Dumping data for table `player`
--

INSERT INTO `player` (`id`, `name`, `display_name`, `class`, `rank`, `main`, `token`) VALUES
(1, 'Galyenai', NULL, 'priest', 'membre', NULL, ''),
(2, 'Galyanai', 'Galyanai[Galyenai]', 'druid', 'reroll', 1, '394f22024bcb223df825bb86e0b6e12006b63445d68b9b69f568faeddbb2b6b2ac0dad72b18093d1f369aa7c3c9cdc1f7d208fde70947f92af76140a3f6aaf64'),
(3, 'Umyr', NULL, 'warrior', 'inactif', NULL, ''),
(4, 'Blackshade', NULL, 'druid', 'inactif', NULL, ''),
(5, 'Argawaen', NULL, 'hunter', 'inactif', NULL, ''),
(6, 'Pifpafpoof', NULL, 'mage', 'inactif', NULL, ''),
(7, 'Anailam', 'Anailam', 'rogue', 'inactif', 0, 'd68412c0ed1f93c3dff0da7f465163f690b82473f90992d56355dfe68a80ba647d73c30275af6f58be638d5b3d4bfe71604463dd1cc979f6a41099c7802ed28a'),
(8, 'Taecia', 'Taecia', 'paladin', 'membre', 0, '0d0b7ba659bbf487f73e40c4a419b559bc9a0234a744fb4bea2b8ada7321f69e4dd4af621421cac9902d6e931700be779459f53354faaabad4f6f8e160a59fc9'),
(9, 'Khalyne', 'Khalyne', 'priest', 'inactif', 0, 'd08ce7bf57a45ea2feb83fd604ccac1972e9a12c9386c0aaa85c05a5932529b4eff3e3f0d7db3ce4954cbc067f0f2b9b3484faf54b9386ad8c71aadc4b2f51af'),
(10, 'Cocogg', 'Cocogg', 'paladin', 'inactif', 0, '227a97247ad93f648de998436de4baa830af8f741d2b6ad7a3f09a81e1cd10c15f6998f96fe56a67fdf264eaa8d592b60e8377b39ad60aa950f273069bbd1735'),
(11, 'Pipounoune', NULL, 'priest', 'inactif', NULL, ''),
(12, 'Knarf', NULL, 'warrior', 'inactif', NULL, ''),
(13, 'Cerîse', NULL, 'priest', 'inactif', NULL, ''),
(14, 'Lansidia', NULL, 'warrior', 'inactif', NULL, '04d7fd7613b4afd3f95ca6654d29a8f117dcd10ec95007a62d73c670bebde4973cbbad63f9af76b3ee0cc7e3d2e45730509feaae75aa400f049c1ac54ce13377'),
(15, 'Tagry', NULL, 'mage', 'inactif', NULL, 'bfb0dc44534c62ea488b448d394c5c542c5cfd7b8199da3ea4a667ba3913d7a5ddc93d96d526865ad2a6e4af8e5c0862086191ff56c3536f6b8926ac331c09df'),
(16, 'Nak', NULL, 'mage', 'inactif', NULL, ''),
(17, 'Razorback', NULL, 'rogue', 'inactif', NULL, '5fc456d83bfcd1931885e53d98fa672c86e683ac8226bce8ae598b44c5cc2ec6df7ebb9b12a74928189dec87ae12c8b03eb1a46514d8e0a9d9d9a8098a710fae'),
(18, 'Remco', 'Remco', 'paladin', 'inactif', 0, 'fbfdb8d1af80fa67c796902ca5246748156f54a07d063e588dd6845f5faa624b5c15e8560e639a2c4c7a36348236c5e616d3d925aa5c046f5404096d1aca7afa'),
(19, 'Sélé', NULL, 'druid', 'membre', NULL, ''),
(20, 'Classik', NULL, 'warrior', 'inactif', NULL, ''),
(21, 'Huttul', NULL, 'warrior', 'membre', NULL, 'c4d442042e837031019e43ec1a0eca824a6385ec8dadd0b623d9fb49279f433a7379ae19effe90ba308ae50e4346c87f9f7bd4e9733def2d428a9cfbd0f22886'),
(22, 'Sharkky', NULL, 'paladin', 'inactif', NULL, ''),
(23, 'Edenya', NULL, 'rogue', 'membre', NULL, ''),
(24, 'Xehmac', NULL, 'warrior', 'inactif', NULL, 'ed4020e811b8f21b1bdc4e14af164c464bd057d9f4ff6c3b9a63b8dac94f9be03b15789039ea84e8c5d38e9137e1bb9124d08b451e617f0281c8ed622515729a'),
(25, 'Meurtrière', 'Meurtrière', 'warrior', 'inactif', 0, '74c7d3178eb926436045660df9d790b7a1551a2077c17106ae3091ae068aa3eaa7e0cd7d70787d33c45c15c9a7d5a6637b123c60e49f0ba35ad25529b9376525'),
(26, 'Myre', NULL, 'warrior', 'inactif', NULL, ''),
(27, 'Samo', NULL, 'warrior', 'membre', NULL, ''),
(28, 'Venom', 'Venom', 'rogue', 'inactif', 0, 'f77f1c3e19b86d659bdf42761cf6b8315b0d5d65bc7f6b04605300342a792bd48cd19196e9590e7ae7e0f8aa4273d945316e0996f8bb780a254f1002c3e53e08'),
(29, 'Aelianaa', NULL, 'druid', 'inactif', NULL, ''),
(30, 'Glumorg', NULL, 'druid', 'membre', NULL, ''),
(31, 'Horthmund', NULL, 'rogue', 'inactif', NULL, ''),
(32, 'Yonuris', NULL, 'paladin', 'inactif', NULL, ''),
(33, 'Idoi', NULL, 'mage', 'inactif', NULL, ''),
(35, 'Valez', NULL, 'warrior', 'inactif', NULL, ''),
(36, 'Daguoku', NULL, 'rogue', 'membre', NULL, ''),
(37, 'Copperfield', NULL, 'mage', 'inactif', NULL, ''),
(38, 'Atomisator', NULL, 'mage', 'inactif', NULL, ''),
(39, 'Deadlyboulon', NULL, 'rogue', 'inactif', NULL, 'aa148d8fa9a9d7f3d7ca7cb7ef48dd0373a93919e830fbe40c3255fc7f4220b20a3266bfa4198ae093d062ec595851a454205627691beb3154caf0d09e53ded8'),
(40, 'Nouna', 'Nouna[Babidi]', 'druid', 'reroll', 66, 'f6b3f975a5a26dd1ef8bc61de696135474c55743fb9344a1c46dfb804234580600e96723fb8142956bb3acfb13f62f60f23e7b0a9c9f2da3dd9d25ad93873790'),
(41, 'Xemthree', 'Xemthree[Glumorg]', 'warlock', 'reroll', 30, '4cd9ef522f349bc04c1dc2ed4f15a158a2a5111116fa86a71544e312ee4d5043c7caed185b2dea5c2233e431f73bf37b67e3d942698ab24f072f83be7587f8fc'),
(43, 'Zarbix', NULL, 'paladin', 'inactif', NULL, ''),
(44, 'Devy', NULL, 'paladin', 'inactif', NULL, '308ff63e0201aaf3528f527fc457744ac540d93b94936d1c206944f36acf3d145995b1ea202d945e274dfe05235c12b776fc228c776db86df0a8e89d5a0a3157'),
(45, 'Aboly', 'Aboly', 'druid', 'membre', 0, 'd8d92dfab315380a96ebe9390b68bf6f4825fa20a51a2473f363372d6ae674968248c1c0a79a71e0a1a94880c6513d5fd71cfd8e96a39a184aca9c6589ef6921'),
(46, 'Gougou', NULL, 'rogue', 'inactif', NULL, ''),
(47, 'Cot (Blackshade)', NULL, 'mage', 'inactif', NULL, ''),
(50, 'Burnya', NULL, 'mage', 'membre', NULL, ''),
(51, 'Arkinor (Atomisator)', NULL, 'warrior', 'inactif', NULL, ''),
(52, 'Danaé', NULL, 'warlock', 'membre', NULL, ''),
(53, 'Zelock', NULL, 'warlock', 'inactif', NULL, ''),
(54, 'Lenwe (cerise)', NULL, 'hunter', 'inactif', NULL, ''),
(55, 'Wanderlei', NULL, 'warlock', 'inactif', NULL, ''),
(56, 'Släzenger', NULL, 'druid', 'membre', NULL, ''),
(57, 'Gnomeopathie', NULL, 'warlock', 'inactif', NULL, 'dcbd182ba02cea1037a90b60070a4a68dc92981c2688e6b79e04e00e552157251d9a77df25059ddcd7290bebb2382a3f8e9e924267aadac686de578e0e538fda'),
(58, 'Brokenarrow', NULL, 'hunter', 'inactif', NULL, ''),
(59, 'Fulgur', 'Fulgur[Sélé]', 'rogue', 'reroll', 19, '95b19ba7094f504ca9a66b3b8cc8262fdd56460a66d848c59261c2a88186b5cc39b6c861758bcae7377bf08370ee597fb537e3ee255023e072f21d90688b405f'),
(60, 'Pazuzu', NULL, 'hunter', 'membre', NULL, ''),
(61, 'Celianus (Argawaen)', NULL, 'paladin', 'inactif', NULL, ''),
(62, 'Xemac (Xehmac)', 'Xemac (Xehmac)', 'paladin', 'inactif', 0, 'f3ea800239d66b4748653bff9ae375cf71100c5bf075ae4d67a53566a42188ba05d336533a118211c809b1da811f87fbf400ee5b94f7b82259b4c894e9ff2152'),
(63, 'Cyclonik', 'Cyclonik[Daguoku]', 'hunter', 'reroll', 36, '6572505de2eee63fd1f06b391d2185fe70c2e44379f3c88c4c3d4e1160f04335f0a11cd8f74df2257d9cf32582a4844c4453cdbf351f35c0762394f918fa96d3'),
(64, 'Kilyarie', 'Kilyarie[Edenya]', 'priest', 'reroll', 23, '66f56169062393a9531866f865d874e7e46315bc354e02e99b2da171277c05e414ee6d9e4ba30793fb4c4c44e7cc7f8505ffc62f185c2aa4bb812aab8eeeb74f'),
(65, 'Blackou (Blackshade)', NULL, 'warrior', 'inactif', NULL, ''),
(66, 'Babidi', NULL, 'mage', 'membre', NULL, ''),
(68, 'Hatya', NULL, 'paladin', 'inactif', NULL, 'ff5c698459748ce0581569e3e40ee44449eac3623c0b58eafa422acc03a535bc0acbece4c8b04e7c67db3bf2b17c58b94fcb6fe7d07d4a4611fca0476ea9cb2c'),
(69, 'Primoz', 'Primoz[Remco]', 'mage', 'reroll', 18, '61e744563eb1f9187d740d16e6c9a7fdb2b3cef076f6ba9c254f6289d72d22ff6a16314de4a4ab21de71eff33eaace92856ced8098131c1adc00c856e7324f42'),
(70, 'Myoul', 'Myoul', 'mage', 'inactif', 0, '68628f9673d5ff9b7a68dd2815b974751883e296dccfae2d8b647da1d97c551257715f031de657b8e8fd898d4be196b27649f1a98ecfd7cc01b69534f80a0784'),
(71, 'Mickeljack (Nak)', NULL, 'rogue', 'inactif', NULL, ''),
(72, 'Kitsune', NULL, 'warrior', 'inactif', NULL, ''),
(73, 'Alcolozette', NULL, 'priest', 'membre', NULL, ''),
(74, 'Mbt (Nak)', NULL, 'hunter', 'inactif', NULL, ''),
(75, 'Aurium', 'Aurium', 'hunter', 'casu', 0, '8368208ba055e54e8b8883bc337fc903d75a63f25dfe924c90688f6e35b36195cfbd6954f337f334a2017f6ac16ec7269f9f9858a1a6786fab4fa7e524e24369'),
(77, 'Apogee (Zelock)', NULL, 'warrior', 'inactif', NULL, ''),
(78, 'Galyanei', 'Galyanei', 'hunter', 'inactif', 1, '7fc6d78d03372d879add08b5fddc26a2869dc6e9cb7231c6573b303424ab45bd4f97c3334823a76c6c4fa42555efc324668a4c3bff5fb2d92a3794d0af611e09'),
(79, 'Xemone (Xehmac)', 'Xemone (Xehmac)', 'warlock', 'inactif', 0, 'ecaac1171c815f87392259feb969ab6e44eebfd10659c04ccd62abb93ac7bac2634811fe57f38b6aa83750065b5cf06f5d367b177228c93e71ced387e3c7708e'),
(80, 'Khax', 'Khax[Burnya]', 'rogue', 'reroll', 50, '4fa6972004ec877adadd834f1db634f090fe035c261b62ca957aeed15867744acbf9f384092ba3e0eb51ec1119a5f9c57f7e5781bb92d67737b8f9bde5ed7fc1'),
(81, 'Nelhween', 'Nelhween[Danaé]', 'warrior', 'reroll', 52, '8ba30ff7c751dc41560ef464e92b5954930bf7073717ce5d70d654e575c621430f0e2119646c982553c030b6238d9bf9e0aad67df9e7a32923e6d6cfeddae717'),
(82, 'Pixelle (Maman Danaé)', NULL, 'mage', 'inactif', NULL, ''),
(83, 'Josh (Papa Danaé)', NULL, 'priest', 'inactif', NULL, ''),
(84, 'Poluxounet (Hatya)', 'Poluxounet (Hatya)', 'rogue', 'inactif', 0, '80596fdf42feea915430f59f93bc7056dcac2f8b20dbe0d85edfb8f101f72f9b4e2f66835299c3662f1604ac7945667f1db78de5ef4260a338648f4dced8292c'),
(85, 'Soma', 'Soma[Samo]', 'rogue', 'reroll', 27, 'd7dd9fdf4f13f481a556fc2c8c9267a5bd02eff8d1e3e30d6630342806426737f69b566a67a8a0ac9c9291d995eef2de81d140708aefd5c18da7ec473026448a'),
(87, 'Galyenei', 'Galyenei[Galyenai]', 'warrior', 'reroll', 1, 'beb4c44aff2d73b87c431bb8f679baf630f3397f024069fd1f2f244e18290f9b28352a06b1d6de06e3c21cfc3ea1f57196b35a5b8176d2430316fecbb112bbd7'),
(88, 'Froidbrassé', 'Froidbrassé[Daguoku]', 'mage', 'reroll', 36, '55e7be6aa1adc72e74f34ee69b22e02cd05f70660598b5328eaa25e9b77b51c7182a722530659bf3aba1405fccc8defcd42d242852acf15b12881be3b53cf5de'),
(89, 'Lespanol', 'Lespanol[Venom]', 'warrior', 'reroll', 28, 'd91c2f74723d1d2bc13d2985d6a38a8006e7f7822fbff1cf6c658adf80919d3b657bbe2e15ece4190d52629db05890cae34eb8eaac668f064ceac6d2ed3d6add'),
(90, 'Varium', NULL, 'warlock', 'inactif', NULL, ''),
(91, 'Hittil', 'Hittil[Huttul]', 'mage', 'reroll', 21, '306cae5ed7bd5b27f3886241f5678a32e8b2e24f1ed218aff9b09ddb6f3af6dbc20339adef4f26e77a6b3b5604d3ea3832aa6f2a559ad777fcf94e9cb053a94d'),
(92, 'Yanisvae', 'Yanisvae[Anailam]', 'warrior', 'reroll', 7, '680fb66c7a280e2a03a060fab8a242a2398ade55bb9b789427746937c2d4d2ee8afc1b88c3c72e907e51fe766681f8466d17035330aff27a09cad83520572179'),
(93, 'Artémisios', NULL, 'hunter', 'inactif', NULL, 'f5d514e88a4fb2d97798c184c38b1daf2072eb4ce882ccdb58d8f241963560a43431db587986a914a502fbefacd2b9cf62a62a7b9d1ed669d27c9e628adec812'),
(94, 'Nainprecis (Umyr)', NULL, 'hunter', 'inactif', NULL, ''),
(95, 'Darkdevil (Argawen)', NULL, 'warlock', 'inactif', NULL, ''),
(96, 'Benssus', NULL, 'druid', 'inactif', NULL, ''),
(97, 'Deadstars', NULL, 'rogue', 'inactif', NULL, '5f6023c100393e68fd40616fdf39502d105a07fe337b6ccc9b3c818912842fea461391321d16be60b0d950f966a52f979384457c52b06a892efb550ce68fb9a0'),
(98, 'Shymïs (Hatya)', 'Shymïs (Hatya)', 'mage', 'inactif', 0, 'b9ddeabd3e7344f6a71e5ff4e5eb1365c1c3a69aa10bd4c405ef5b491225182f1ee542de706fb11b0159b59ed9acbc05b5bfe746709499ec66298245c6155ce0'),
(99, 'Gourmandise', NULL, 'mage', 'membre', NULL, ''),
(100, 'Tappeerr', NULL, 'warrior', 'inactif', NULL, ''),
(101, 'Khalomny', 'Khalomny', 'druid', 'inactif', 0, '93fba2873be152e315cb42f658572df60198dcb42da296090edb8aa044c36d5b03cd2df20ee0334c1a0981983f3c7d50fb48e3eb168b8bd3cd9110da0e0dc34c'),
(102, 'Fdprocher', NULL, 'rogue', 'inactif', NULL, '8c527e54164232523976160a090fb181ee3abc8b17f96c52c0fc8fb31dda58842632e45987eacd78fe7a2d84ed65144c14d6016f827d389ad0cabf3bcde47486'),
(103, 'Sneez', NULL, 'warrior', 'inactif', NULL, ''),
(104, 'Zoelock', NULL, 'mage', 'inactif', NULL, ''),
(105, 'Ouillu (Xemac)', 'Ouillu (Xemac)', 'mage', 'inactif', 0, '120c021490744d01a454a081691a37792c50ffe54a9172976c4773c1d9a01a9e01c32f36907bbebccc0023731646671d5c296dd469184b293d64331b67b3e184'),
(106, 'Cheekybun', NULL, 'rogue', 'inactif', NULL, '164bcb2760ccf2d0e195581f080fe32ac6b583fff2d085cd9fc9387dccd049447acc4e067f3353ae64d21d362ccb286554c46c42fd33ecb29e79fc57b89c8210'),
(107, 'Framboise (Cerise)', NULL, 'mage', 'inactif', NULL, ''),
(108, 'Azurivath', 'Azurivath[Taecia]', 'rogue', 'reroll', 8, '2bb568b2befb4745df06b3d5fa30b214c5f9355bb875ca27d851b101b449ed34e85dfd82e8636c2ce06c95c69a495dbf35e70f4af067a343d5f8c90ef5a3b7aa'),
(109, 'Crixus', NULL, 'warrior', 'inactif', NULL, ''),
(110, 'Kanaillou (Arthemistos)', 'Kanaillou (Arthemistos)', 'mage', 'inactif', 0, 'cc37f49203c170bdbf67286751feeab3562abeaffd53fafa7d2ec308932e45b041df576eaadda81fb8d089e3782ec53f24ef5c6b2cf3a9d7fb024724082caf68'),
(111, 'Vinaigreen', NULL, 'rogue', 'inactif', NULL, ''),
(112, 'Mirza', NULL, 'mage', 'membre', NULL, '54ee621ad977dce54eb984b815737ee4c51def86c90f6a0c6b2ee8bbe3b10126269600004da8e65ae40326eedde6cacc336501acfd8ec11f16b2e8b045b858e0'),
(113, 'Isulia', NULL, 'rogue', 'inactif', NULL, ''),
(114, 'Pompyro (Cheeky)', NULL, 'mage', 'inactif', NULL, ''),
(115, 'Karaa', NULL, 'warlock', 'inactif', NULL, ''),
(116, 'Purification (arga)', NULL, 'mage', 'inactif', NULL, ''),
(117, 'Ptipont', 'Ptipont[Gourmandise]', 'warrior', 'reroll', 99, 'ad409ed14b4c98003139b128cbe6ea145cfea8adb686da5552557edddb04e835643fe5643c2af7d42bc7e6d523fbef8fb19443a274f802000edd1faca2adf3f9'),
(118, 'Naqued', 'Naqued', 'priest', 'inactif', 0, 'a2bbf507d6369f2e5b5fd9edf7a400fc9a430219a107a1353c1609d7dcac644e68ff059858cd93361e2c0d69455aa14ab2e76dff54c70b7d39c74afadd43e8af'),
(119, 'Aboly', 'Aboly[Aboly]', 'priest', 'reroll', 45, 'd8d92dfab315380a96ebe9390b68bf6f4825fa20a51a2473f363372d6ae674968248c1c0a79a71e0a1a94880c6513d5fd71cfd8e96a39a184aca9c6589ef6921'),
(120, 'Fdpowned', NULL, 'warlock', 'inactif', NULL, ''),
(121, 'Galyenoi', 'Galyenoi[Galyenai]', 'priest', 'reroll', 1, '09fc9dcd740cb3bc6f8df141bb3928c5aac52ba475a4aa7f8bdbf08e35c1537a3ec82377964b3d1faa3c5cf7d6896bb3fa38a7a5d66a52db8c0e6e0e54263805'),
(122, 'Ayshae (Hatya)', 'Ayshae (Hatya)', 'warrior', 'inactif', 0, '87a86392293e9c98382c938a886530c0c087dbb6c195cc09799855011b883f3a54d3879ece516db1ec2653957dd4a9345491f1adecb6329725e16f8097262d45'),
(123, 'Gutenproden', 'Gutenproden[Cocogg]', 'mage', 'reroll', 10, 'a3602981d6970944591ab7d5ef0bd7cadccff5ebabc30636d78f12c9e913551df0a4e8f31bf4f5ea086ee76cf49abf0c5d50e38f824c5a1fed15bb4296654a4d'),
(124, 'Maliana', 'Maliana[Anailam]', 'mage', 'reroll', 7, 'd96832d6aac0696cbefdeab55b314e995428fd5447cf2268c7b40b6edcfb7a2f83a20d1c2421faa4a4966053c58d4730539e38d549538fe0065c915352c276fa'),
(125, 'Leonne', 'Leonne[Mirza]', 'warrior', 'reroll', 112, 'a2c373df9211420f4a1844dec368b16ba48a819bfea73c35a5df53a56f6bb1e096c47a51bcf323329377b75d45c94d2ff6627c0aa4f4ddc0a2c567c2f4136b50'),
(126, 'Canna', NULL, 'warlock', 'inactif', NULL, ''),
(127, 'Fujiko (Artémisios)', NULL, 'rogue', 'inactif', NULL, 'e24fd0df607ef54aecbd20a92024f7e0e7293badbf1a9c34b75521174e96c4cea129fee13051d9ee75ee9c82dfabc49e1ec6fc1f55aed9bb1c0a1b99a2383682'),
(128, 'Ravenfield (Tappeerr)', NULL, 'paladin', 'inactif', NULL, ''),
(129, 'Hpotter (Deadstar)', 'Hpotter (Deadstar)', 'mage', 'inactif', 0, '658c4f8ae6e1e0dd8b18f5b6645d9aaa5a6a55ba92eb273e52709b574314572f5dfe0bda3c16f890fed369daa33c24445d71c4bdc4dbda55846dbe9009cbe205'),
(130, 'Ragnar', NULL, 'warrior', 'inactif', NULL, ''),
(131, 'Elduun', NULL, 'warlock', 'casu', NULL, ''),
(132, 'Gnominux', NULL, 'mage', 'inactif', NULL, '50756e3ca5cc1402a4722b4979fb3061c8244103de718d75f4a79368f7b8151e774e1da9dcbc92087fa493c713998d0268372d6194fae5cd903073ab11f5f8c5'),
(133, 'Samychouket', NULL, 'warlock', 'inactif', NULL, ''),
(135, 'Parisplage (Lansidia)', 'Parisplage (Lansidia)', 'mage', 'inactif', 0, '6a67497d85e8ec9878c5d99c0b6a97a51823ad2c1e348dc8b2b1312625fd8fe887e3a82b8faa2240b51968df57cfb1c7a6ca52a513f6cd66d6ef72b22b238517'),
(136, 'Equimozes (Artemitios)', 'Equimozes (Artemitios)', 'priest', 'inactif', 7, 'e747d870bcfbf43d9cf68d849d337f6bedb2daddb2ed3ff2754bea4efaf537d597224c815e7b908ba717baaad48462c614698892d06097438177079678158c99'),
(137, 'Ninjaloutre', 'Ninjaloutre[Pazuzu]', 'priest', 'reroll', 60, '23b053c74a2cf6d87e4dfa28cb5a2e163dce05d2bc0438cb83efc01d7b1943db43f7720dcd85f3dc1542dd4d80ce83b133c846644667876eb41dce6483874c6d'),
(138, 'Xeback (Xehmac)', 'Xeback (Xehmac)', 'rogue', 'inactif', 0, 'd586ed87e3e79940c4fba9ea05799e39ae33bfe0a42b9c24f03914790f4888f1659a101a1a7fe6c9a68447b2e11e35e8e528d687644516da3d8ae11c8eacbff7'),
(139, 'Protoxyde (Breneck)', NULL, 'warlock', 'inactif', NULL, '8cd539f30db36859fafd7b7b6cb2614c2522809e2742a0851520f9ac71eb6748f90ce74242935ac354185825a9b897b7348747831bfc5a0817f3f7877ad63daf'),
(140, 'Breneck', NULL, 'rogue', 'inactif', NULL, '1927818f9a22b34f73d2a742edbd08756f8e5ad1cb0994be0ac545e7292b7ca139d3d119797804471dcce0ad113c77d20d2534348f7d609f193e03e27b51589e'),
(141, 'Leperenoel', 'Leperenoel[Sélé]', 'priest', 'reroll', 19, '0568d6e7ae3b6a1223019de36a93665c26096e1002cec8c1fe02d32726a3047f9f4fcb0682b373170bb2cff1c3108a00ef62a2aac6d006de864381f523fc6408'),
(142, 'Mintakka (Gnominux)', NULL, 'warrior', 'inactif', NULL, 'b55e36890bf0ef91951c54385d4e3f68df10e83a46f3a80add772d278283a349d0a22fb53383b80f98de7ca814b6f02fc2a5eb11d3ac679bcc426d050c5687a7'),
(143, 'Feena', 'Feena', 'priest', 'inactif', 0, '1b4e7ef04851e36e19f361ac86f7dd4cb9387d992c68eac9483270db8af21d9daecf2616c4e343fb1e6d89bb1b2046562628278e9783aca2f85244a6b1bbe76d'),
(144, 'Nosicaa', 'Nosicaa', 'priest', 'inactif', 0, 'e07be5fddc227ca2f560e9c3eb8224a3babada2eb845dd864ec9bebb356b9e44aa3c0e01566f6f1410828ac0dc419f2a2f0a2ef5fa1a96bbda4f930df8c2be3f'),
(145, 'Immali', NULL, 'mage', 'inactif', NULL, '0236eb99edf5d64c164b3b0b4657c3e9726c03531c8aebdda684cf7c703740b39beba17419a496737a33fe9919c4393faa4bc84c0a5e45e99a511c99a7c35505'),
(146, 'Darthaox', NULL, 'hunter', 'inactif', NULL, ''),
(147, 'Deniermaker (Crixus)', NULL, 'mage', 'inactif', NULL, ''),
(148, 'Arkana', NULL, 'mage', 'inactif', NULL, ''),
(149, 'Iniaki', NULL, 'druid', 'inactif', NULL, ''),
(150, 'Grego', NULL, 'warlock', 'casu', NULL, '8b3fa1f07a2f834f8991c367566db2a5356058b6e9c547dc8f0fc4c8f1ece101ed15a6cedab8cdc27300d1cf7b78f5afc88ca2368239e0410371ee6212d27a15'),
(151, 'Kilÿarie', 'Kilÿarie[Edenya]', 'paladin', 'reroll', 23, '3172ffef4c16ed4906739275b6f836ef6536798727d82a7b5af4800bddb321e654459794c229b51fa4693decb71e4e722b5238e92f6602779b154e7988e92472'),
(152, 'Cococola (Cocogg)', 'Cococola (Cocogg)', 'rogue', 'inactif', 0, 'a9bfc51142d840a3f3f1160171eecdf5a8162ed91ce98e8179d79379c38edd4733bb43e99b5d9afc24407b4ed016035a662bf8a034eee75b7125558ab6867c38'),
(153, 'Breneck (Breneck)', NULL, 'hunter', 'inactif', NULL, '41c7edd71d7d01894ef29d3c3ae7ecc063b6aaf32b8e322c2e8ba497f52bf9e744addc9e6c1bd34c8a0fac567e4e9a1a2720f702737a0cbb3f76d40dbace1a45'),
(154, 'Stheno', NULL, 'rogue', 'inactif', NULL, ''),
(155, 'Sacory', NULL, 'hunter', 'inactif', NULL, ''),
(156, 'Mephisto', 'Mephisto[Elduun]', 'mage', 'reroll', 131, '00dc3858264b278875b2da5ba6a15a991976399231979352dd6cee143bb1c79633293ee2d438347824340eac1558a72718fdbf147ebceb497b679cce28c15910'),
(157, 'Lothu', NULL, 'hunter', 'membre', NULL, '9fe9f974c30280f5cb81b989922157071554b9a3ee727ed61f6195c0bec55eca9b45b61779582cbfed8883b040d7670d95517f93aafa72603427a6d08474055a'),
(158, 'Zef', NULL, 'hunter', 'membre', NULL, '127e4444cc6acae21c924a6189e9faba371d532d96c24b0a68aacef6ddbb017a189c0a2320ddf02328abfb08022a86604e2130e51365a94ef2f554b61414c255'),
(159, 'Mioueven', 'Mioueven[Minimoo]', 'hunter', 'reroll', 160, 'ccd742a70e21e5850ef7e6ef4d94bb1da4e5ac49d16e74143ac383cebf85fc65daab1767e15ab06af5151c823b7773b3d201da0ace10e0b2ff86263868e789da'),
(160, 'Minimoo', NULL, 'mage', 'membre', NULL, 'a46bd457840a5c68b04057cc28c05a62d98fa95476cfb0fc5d505934510576a0bccee3ae7083ea99fa6eec2077de4a8df12db4fc4f4ebc18b5e6e85e7fd7a54b'),
(161, 'Dreenk', NULL, 'mage', 'inactif', NULL, 'd8fdfa0445e564ecc37e3a40d75116b217df66a619f1847c4342ebb602c5220a2c136c2bace341a2caf6487a4c9d596d0a6394e997cc3758335c9f7f62f3cadf'),
(162, 'Hotryck', 'Hotryck[Hotrick]', 'mage', 'reroll', 165, '48f03a8d891c718d3935833ac7909e756e5cee499802c4d0fad1a4c72b0d93168504f2f7f30eca87fe17ccb667b1cbe440dc2ffdfaa2c3682423ba69d6014f2a'),
(163, 'Mentalow', NULL, 'mage', 'membre', NULL, '8c0e6c1ceb2b8bde1d50eaa4a54622c14db5b5b28120bd8d58c90c5d684615f4ab05020182f826a2df574ad840aa4a96bbaed6bff84794db8e654bddeda69b53'),
(164, 'Miountolio (?)', NULL, 'mage', 'reroll', NULL, '3e4c09d5f37f045ca25b4cc39bb53c1faa5f954674d45248fbbf15245aa4e093b6a7c023a35465471b434ce8d98a33fcb939de36f452c01d65d01ddec4809dff'),
(165, 'Hotrick', NULL, 'paladin', 'membre', NULL, '199fb10712362bc93d0192c70ec3a6ecd3a1f0b97c6979efed9e10f05518ad112a1151a8bbfb6400d3418edaebcd550fb24de6e96b31cfc8c4b1eaf9bd910383'),
(166, 'Kurenaiy', NULL, 'rogue', 'membre', NULL, 'b2ee08961971c664f7d5b041dd9943c0604d26048ac3e3ec4c06d1e33c9116601fa801ac586f2b94e6cedf508179ccaf8d373f55a11ed5fe5195e9ad798ec12b'),
(167, 'Hitshadow', NULL, 'rogue', 'inactif', NULL, '436431b2ac1e709839740cdcf83b652f0f35ab1735e0a2c0318007c5f48acbe7136afd4bbf944bcc95b4b611f33a0f76f0635a7f1cfa817d9943772f63271587'),
(168, 'Syrus', NULL, 'rogue', 'membre', NULL, '4308c64a35061674dc24045057c8d1843fd4a8795d9e8eed965c0d1d8e88e61976f93d84d8c9f42e3b64731c01ee21da302a27ebccd6f0da652510a143707a50'),
(169, 'Noisette', NULL, 'rogue', 'membre', NULL, '583ef7cab9b034fb3f27d0c49ec0b93cc1691dd5280d12be5379e6b92f5fe360e63369ae83cc44559cd719eabda1b27affe66013f65dd29ac582e50fc2aac6d4'),
(170, 'Mik', NULL, 'warlock', 'membre', NULL, '0f5454d65af713d9dd94e4d534b429d6d7d0dee8830c13ed5ba2a4c4fac84856971d92b3f8557d77636bd7eb1151ccfa8639eacaa10878091a1e575731c28c36'),
(171, 'Gaiitz', NULL, 'warlock', 'membre', NULL, '5a2df16692d5c0e00c31cda54587e2b4306b39cb27849dd9619f116e3af4dcd8666ce6b81a8f80c75f96034864f0855db096a84c7ad0ae4e7e39d8d27171019e'),
(172, 'Zerkan', NULL, 'warlock', 'membre', NULL, '7f1937dbe9562c091e325b848994a4698e3dd42922f728798cdb60ce4598d56b1d3af5a3db65b140257a7b22bee09318553d82e8539ddd69c72551e9f1bc7a75'),
(173, 'Vidoudou', NULL, 'warlock', 'membre', NULL, 'd659c9b12aac8febd5d8ddbfa092e73619825ada85f39dec992302da9d717cbe7d5979c156416f35cbca64c356d0acb74d085fe534410510668986fee79ddf38'),
(174, 'Sammael', NULL, 'warlock', 'membre', NULL, '4cf9a4b16010eeae70c7d2315730cb173385a30c06c97b9759410de972944b4f1aec3c15b14c50beffe47fdad01d55f1187124573ef78d401cd2ddffc88f55dc'),
(175, 'Lbg', NULL, 'warrior', 'membre', NULL, '5749a10e7543227b6eadad2da75b4830e7d8a3c7294a2d800496ab2103177d1421c04d7e2505b6086f5003e6c9033c672760639b86ef8ed56a3a0aff0527aec0'),
(176, 'Bolognese', NULL, 'warrior', 'membre', NULL, 'e6d92a5097d8c4892437fdf940139e78a5f6eb8ef7cb6b2532a5a83a2e943d09213ba7108aad60a521a13fd7714de6e0a6b32bd3a6264b433117ce54600cfd20'),
(177, 'Wargrift', NULL, 'warrior', 'membre', NULL, '9a6d4a66e9a4beaff1fea0a5622a241bf65f4585e5e55be0210aec3ecf42aafda2ac2135a3b5afa5e53bd8fa2e2c4b54a8d625cf6378e1cc6688b24b268917aa'),
(178, 'Gin', 'Gin', 'hunter', 'membre', 0, 'f29355649eaf2cef06a09777a04c2426696bde42d345e65c8024f2176bf88e78c168f385ef4abd5005ae4351b02fb31162bdfceaee7f4c448f9dd3e5207d0e33'),
(179, 'Spartan', NULL, 'paladin', 'membre', NULL, 'b2a8b75cba5e453e2c80498794c1665203398f4d941965c63c6a93da0a0d547276addee382fc565643329bbcb8c7fbc8bd00b65b00577388d72278a7e56a83ac'),
(180, 'Elunaee', 'Elunaee', 'druid', 'casu', 0, '6e370f548d39dfec68340db73f33f487ea2285245fbbe3466bfb92db34d685735906bd059d537a3ffd8153d06712e1a00ee5fd7ed2883e33a570b873b4fe8d30'),
(181, 'Rhampage', NULL, 'warrior', 'membre', NULL, '3508f697c905a44904b53418f65ea44c494efff2c4e0d8cfcd5bb989cfa68461cb422c0a1dde1fe47a26216d4d1d97365bfe2dd2b8eefb7bed3f554c6b875746'),
(182, 'Iviina', NULL, 'rogue', 'membre', NULL, '22ac751359bef10a449e31177d21b87572d50aba52327d9f2291e14f00131bd03736e3a920ab2fe87d2e51a81d2c432696c0d00ef9c1a326139d83d455729ee0'),
(183, 'Reÿ', 'Reÿ', 'paladin', 'membre', 0, 'd4ff885d2f0820e4af7fa67520da7294aab86cc7bf50ee856dd83ee37715be67971524db3e95da590d68510f504437999392731c7300099a29cf7d9d0f56898a'),
(184, 'Nardinmorano', NULL, 'warrior', 'membre', NULL, '2fbd4f8f51b195dfdae89abae623409268ad8b56581a7288838772ffa1c93e7b141f5f935de67cdec32157df80b4ecd5e59cc92656093d1f1061540ea25d3fd6'),
(185, 'Yukari', NULL, 'priest', 'membre', NULL, '36961bc442c763cd53819e77feafa6c97339acd43771dc4ddb14931fe584e1458b8eb507cbedd0b6d32435d3603dd416b8528481ef9f6ea8532023fc8cc798ef'),
(186, 'Krypsy', NULL, 'hunter', 'membre', NULL, '075ee6f9c630af2a66a2708a8644ce734727f8745ab39e58f6400c05dc2c40a46575d766bd23aeccfef1172628745f7167aae328e7919f865ccc8cb8c742a8b1'),
(187, 'Orijk', NULL, 'warrior', 'membre', NULL, 'ca8895af81599b55385847b1db280499b2d2249a61a977a0f9516b43fb0099a1a53e390d591a2219b71ae1fc8d35c173e38a1548af2b436fc753f309dcdc7f85'),
(188, 'Toprak', NULL, 'priest', 'membre', NULL, '9002fd413d8b22828b59b5fdfff437e0e726a8a8f4493e41feb42a68979d89b9167cc09e231df761b610071540c0d6c7559e5221f388ebb72334eb76ce6d8d32'),
(189, 'Exxe', 'Exxe[Exxy]', 'priest', 'reroll', 239, 'f7b9be1cac340125da3b629dbdb0f40f78070697fa27eaf8a6428de0c8a77d92179266ae63203d829039cee3117009e0ebf3a5524b295343dbed7913aa7e778b'),
(190, 'Copii', NULL, 'priest', 'membre', NULL, '38d1cdf6f55c6017d0be58057bf7ff1a48206cb52da52e933a69c01a8c69de3497e169242b7ad2f6e3c0cfb699b338aa0316a6ab793dc29bf6b8356d3d4dc96b'),
(191, 'Coralia', NULL, 'priest', 'membre', NULL, 'afcd85886cb2314e016acc0c56bb94b91967b971914c3571328ae973aebffb577ec15af12cabee900b30878b2109d51bf96a336f7804a918d0f26c0cc02c2254'),
(192, 'Palafite', NULL, 'paladin', 'membre', NULL, '196f365910a7e15bfc4975270ae9789796d127b6517831651c8c4a9df6f1887bd5e30fd92ff356dbd17f37281abe12566998f330c43ba771493cb95f93aa97fc'),
(193, 'Magorox', 'Magorox', 'mage', 'membre', 0, 'bb3bc3947d1bca8592bcbf9dc698da7dd6a18a850001685edcaac2d6173d0504a7f0b3ab6141b49ea25559145255b4f2b0ffdf4513ce3b397d4d51712947614e'),
(194, 'Tata', NULL, 'druid', 'inactif', NULL, 'adcd7a5f2a87a3f6b318a90baa81be676da7aa75894a40c0a0046accd9c46317f299cdf7ecf9ecc4defdce586f48e8e2d8b66638f2d78e32d6386ce60f2104dd'),
(195, 'Alricson', NULL, 'mage', 'membre', NULL, 'baa60b2f8e926bb807221706ec0453f1187904f68885eb68ad9fd3a35a8c33e12a5a600742ad561d1a5dc46a47c16b53d18e195ba8bec31cf9eeef05f2e027ab'),
(196, 'Dickaprio', NULL, 'mage', 'membre', NULL, 'cb6a1e435a5866a0b6b71af56b45b17e257351a44a33913cec50139fc89cfee696c8d5b94ff922bd73feb8b71d649ec3908ca2a19dcc4ab7f2ad1150b65fca53'),
(197, 'Icewitch', NULL, 'mage', 'membre', NULL, 'a9a444400a427588b00bfd25b4a6f36ee5e3d246b5664c4bab230512ea7209ac95dec95bf048cd8ce423ef5cc52802612a55405777058dfe16c6a0f867802511'),
(198, 'Maguaar', NULL, 'hunter', 'membre', NULL, 'e3a3721399690bac761f9762beb7390d68fabce0a6672cb45c19ccd4aca6e2bad6f749fc4557b75015646027a41db4c848e4e8608ce22bbf5082f3988773f702'),
(199, 'Aervin', NULL, 'hunter', 'membre', NULL, '94650679dbacbe47eb3bd62be23dedbf9556ad8ee4d5f586a9b99fc4f70b771adb3b5c15bc076eb587c4f45bb427dcb51da71da0570cb4f5708e989a73986cd4'),
(200, 'Hultar', 'Hultar [Betadyne]', 'paladin', 'reroll', 278, '5da78c76f6177ec7d1474755ade638afbd961810ee7d2f6f37de9d14871e6088d1bade1a7d12d32a915cd41fafed4a9b11b2c8466e69457be4b30c6b3ff62365'),
(201, 'Pooshka', NULL, 'warlock', 'membre', NULL, '6185b2429cc6ec173ea22027fb98f2fe79fae3a7f474220dbc33eedf3f14e049f151767c9ac2a34b5a84e3b48ed2e0ab8acb82cd782d28986db7421e2b3071ac'),
(202, 'Fairyabby', NULL, 'warlock', 'casu', NULL, 'f4851d7d90d0374c6f2be244f9d4232dfbac6c6bf3504b97502271abef063fa4e872656cf0d954844c5bfd05be28124c40a6b26c14ebdbf047c98080c3874d97'),
(203, 'Keep', NULL, 'warlock', 'inactif', NULL, '262a0c1d45abcca9a1e9ceacbedfbdfd40509f6ce30baa9c720f47c199064eb34da0d3c7f500fd04362738acc36bdd2153506e61e0f913f3dd097e842f3f942c'),
(204, 'Elféralgan', NULL, 'priest', 'membre', NULL, '63800ee18cc6daf48cf24a434ad33aa310ab9c70670ddb8112b6bb1a674c856dd5f6143e92d2d2d7018849f2b516add207e84be3429a9b8279a438fc934e0ead'),
(205, 'Rëkt', NULL, 'warrior', 'membre', NULL, '0f8b6428f7de5d9f602e5b1d8c9b22c19c2e20882e5c21e7301cd4611e6949bf54dde9472239e49598aad9942cac25eaa94c905775d6a1dcea10a77591d12a2c'),
(206, 'Nac', NULL, 'warrior', 'membre', NULL, '05a74b2e47307e1de342a50f11743d675dbfd031e657a5f06fd5f4693061d5fa4b6e43a1d5d278c2415fdfcc4e608c0be01cf51c80f59346115eb99afbcf80a6'),
(207, 'Kaaholegrec', NULL, 'warrior', 'membre', NULL, '69a9098b571070e75b4bfb615e0596d58d001fa0c3bef43d2a7acd287db37837cb1b550587682db9daf441af12cf1904b2e27266b6211d750df2f92651c86f6d'),
(208, 'Coryn', 'Coryn[Corain]', 'priest', 'reroll', 244, 'a9e109190a973b99f15dd8cb70fad3f382789ca4eb86299e1b722d0c2e6550a60dafa95878ed43efa8f990f81865e97a0c84a76fe1154966ea8c21244b072e02'),
(209, 'Casca', NULL, 'warrior', 'membre', NULL, '23b6bc8c6fb979f786c181d9656f00b423863e1909472554dce4633b1ad449af208632b1a709736b9093284ff2c8cc669d454689261d8f811f7b5126be376106'),
(210, 'Mekareth', NULL, 'paladin', 'casu', NULL, '189f7a5323bf4611ccb89fad2e6f76f6f3169e953ade8dd7babb61353858e83f7b42d9ca3feb6f28aa29172a959dd06baa56cce9183939db6e310f96c8f2ceeb'),
(211, 'Dolmenix', NULL, 'druid', 'inactif', NULL, '3260c9f88ab5b62347977eba946248c1124ba1dc19ee91638f2eb8f949592ac634c35e062ea9df2cfd76297f6ddd9658ee2ef16d237e8d3a826ea253f619922f'),
(212, 'Mawreen', NULL, 'mage', 'membre', NULL, '55a6aa458de452ad63df415b8c7ace60343f12b3248fef9b7972c1014def7b3f69c2efe71ec4c824a3722c1f974b713ad5364c5ae29af5de4d0befeff6235bae'),
(213, 'Iol', NULL, 'rogue', 'membre', NULL, '25be421b04f0f7928cee359b2b179ff9d3dd35fad16b0a6cc971b8408bc6ddeca86da8396d8be6f310bb8bf9bd4a74e909fb3ff3c743de99326d079a81d5fc29'),
(215, 'Ragnuos', 'Ragnuos', 'hunter', 'inactif', 0, 'e4f334254cc8407d18305f54b48bd897cd1705031687b9945f21c070ce667a16e4635ead67a59a9b863eb723bc5f3361ac16aede1bc5171f54c911b736b1a612'),
(216, 'Tatounette', NULL, 'druid', 'inactif', NULL, '865120bea137e6d99e80ebeb6d8c8cd575aca7132da6e615e207fca61b9fc39761208f926e4cb2f08b0b0c49e1f253c2ac06e2121569715b92c56a61dee7bd53'),
(217, 'Kindir', NULL, 'hunter', 'membre', NULL, '6e6d7feffd080e1a2933e1d65b5995eaabd945bc7e2c9fa4bf9cbd412839dfd7ea8beab15469864eb03787c773661a4811976aa054a2dc7549c0ff0bcc7de064'),
(218, 'Dora', 'Dora', 'mage', 'inactif', 0, '8e45125c47a33cf14780f20ac291c60a4f730280c7e0b731a923209a6119410dadfdcdbdc2d8002594b998e3d88609dd9c93dd882bc2e03b6a9f88858f513f99'),
(220, 'Pector', NULL, 'mage', 'membre', NULL, '8f71ca99bbd77d664d73c1fabb3d7864007c3ad88f02057e9041d7108515837f0096bd588b3b224dd9b607a19cfa69b561ca708ba52751d4179308f94d4e955f'),
(221, 'Exallos', 'Exallos[Alkilas]', 'warrior', 'reroll', 227, '4ceb493e1389cd459f72f88e022f636b7e97d3ba08eb5f78618e9ce4bed294900b66819651d7113d85a984ff7505b0fa17dd53ce18ab06cefae011e6f7b8d1aa'),
(222, 'Sunflo', NULL, 'hunter', 'casu', NULL, '6e88276c7e11379c74756ba5d84d28448f9fce10cd5a7b7fd6cc6d4db7681794cc95da7f0ee772b4653d63636678a3fd233ba6f36ff0f23d37323dc79f09fecf'),
(223, 'Tresenforme', NULL, 'mage', 'membre', NULL, '526089f8c4f30d288055b4a3aaddcfce3e2fc64f6a396241c562c2f19e86c1c55827f813862e5e6aff1e634e4523c25bf5ced275a63a0fe7125ccbbc5a84ee68'),
(224, 'Keepounet', NULL, 'warlock', 'membre', NULL, '2c329d44f3f487e2bde18425dad302c8e758ed8640b4eb21f4c482fdc0d50d7b971af7ba25b8dc8aaded5595303c280f01cf1ed561220061f581f34d817dac5f'),
(225, 'Silenia', NULL, 'paladin', 'membre', NULL, 'f09dc62e451f4c2da758ba4f9f5eea5af2852d47c08ef047435165791e35b5a766ffcf95184e1a0e86a75e66eee7d2f15aa1d07fc3cb8884d7303f7762727343'),
(226, 'Magu', NULL, 'priest', 'membre', NULL, '9b64e37acdd1bab181761ee0102218bd62fea80adeba79a3d7f6eb2de8b2b56a19f34887338c69aef28f3a8c702b3bfcb02169545774c1acbd10395c14ea2ea7'),
(227, 'Alkilas', NULL, 'druid', 'membre', NULL, '6089e1ae4a5e5db03dcc7e6e61d625d0849280b1f04e7341fbea736a20356db32696ed45dd6cc1eec145c586182b0e47190c27455cd6528c2807ffa50da5f879'),
(228, 'Marmottus (?)', NULL, 'druid', 'reroll', NULL, '60ad0fa47166dbaf98d2b4a635cb67c029e66e4696191d93bc144ad2c3cbc59bb728b3e38634f6d22f839f083fce15c92d68e9eab937176b95a4641f93e315e5'),
(229, 'Ledozo (?)', NULL, 'hunter', 'inactif', NULL, 'ed63b50079a4d612971f0239f198f183e367d0791c6ee89a23d2b88da92e9d7df02afb004498066c071fa798cbf055e7f496487fc87a8b4a3f9705740e2a6cd7'),
(230, 'Motsognir (?)', NULL, 'hunter', 'inactif', NULL, 'dc8ea89d775dc48b6380fcb58d4ce648fe0143d63b8375ad0223378fff80d48ba9e29fc9e83d574706a03a68c27238fdfc35c0db5d6bbd66e88c059300fe88ee'),
(231, 'Prada', 'Prada', 'paladin', 'inactif', 0, '84437d6f8cbe9b83b76a1e376e5787fd144145002af40c7c1dc1fa165ca39808b7434eb3fd7af8260f8213dadd55d1de787a48d14ec2c749d65035835158f620'),
(232, 'Selande', 'Selande', 'paladin', 'inactif', 0, '70a53c8097b3ba1ba6b4059fd7ce60e445f73e055c3c62b57344cda4b1d51d94dfb2b051f5e0fcb11a6e2a985cb877c264c73eee487693577f3d6d2b816a4ff4'),
(233, 'Ronins', 'Ronins[Lbg]', 'warrior', 'reroll', 175, '5a1bca7c363adc42f726073ea4db79be53f5e4963872d686bcb3a855ae682e3195c4e3fbdcfcb80625e65ff29b65574edaea294e67f4050d7dcd6a564d5c3856'),
(234, 'Unebaguette', 'Unebaguette[Lbg]', 'hunter', 'reroll', 175, '3d2f865cc583606b8d62c0b6bce2c67a736097b98f5676a420bce716d8bd8ebc37d8c92b0f159593ee738db7b5dbca7e650a6861e57985416fe16d4f7a7798d3'),
(235, 'Scolio', NULL, 'paladin', 'membre', NULL, '64909eae7289e7c667dc9478c72ac650bed728b130b39798afdc82305da9886aa44ece21ee40d35f7dc21c2b30847354f9b7d768eb47825700631fe577ac4147'),
(236, 'Touchecoule', NULL, 'warrior', 'membre', NULL, 'e34a585269b7cb17a9336eb1629fe69e0c76fd1e0f464d88eac034245860331dd4e194ca8ff943a918a58e49b96f25877b7e76515016d37acbb6f8f2a3322be1'),
(237, 'Syrustg (?)', NULL, 'warrior', 'reroll', NULL, '30b06e074b9727a0d7c907f27ba608789c64f98077bfb063789d3f51806b381e8827772330ae3af10ab4822f54fa872b0feac07cbd2fefdeb1133e6a74c936d4'),
(238, 'Torero', NULL, 'paladin', 'membre', NULL, '6f166c71927e085036f0ceaf30b5b682881482207f205c9c1baa53a15b262590d02f35f75924df73e9472accd78525c323494ed3abffe9374256462f633697ba'),
(239, 'Exxy', NULL, 'druid', 'membre', NULL, '49045cfb3230003fcb38688fb8ef4c268f268b32823413190f847400c8f303335a5e51b1f5589e1958627a2089bfb9113cc88174f55106ee3712bc9684e0300f'),
(241, 'Durden', NULL, 'priest', 'membre', NULL, '0dd42f3b14389698ead1ec05fddd6891a900d4596fe57f82c718896a0712fd49e5a67fd5cae9e36ca038664e6f83ab168dfed667becfdb63da4e2b3970307069'),
(242, 'Shadowkiller', 'Shadowkiller[Lbg]', 'priest', 'reroll', 175, '6d649b845924de5d81b784e13d003dc14256e9d228d99ac3030147685bcd418ed5b229e781cf28db065934bb0495240f7fc2ab16f651a95b446f3f006011feba'),
(243, 'Sunrise', 'Sunrise[Syrus]', 'priest', 'reroll', 168, '1f3c77e03596546bd3ca6f19ff4b01a21e2d77ce63fa0b486d9eb5605f81d2f81f94e2735cf392db4d792e771f938813087da4fd7d0c8d8acca3fd3165db9890'),
(244, 'Corain', NULL, 'warrior', 'membre', NULL, '12c26fef3c9bc22db7034a3e321ddca3447b300158970f8676d32f74302e8c1da3eb02fc0ecb755023e289c3890b25754f8769e9a436b0fb0a2845a13f47a5cd'),
(245, 'Kaele', NULL, 'warrior', 'membre', NULL, '171baf767283b99411d8a1ad28a0701eb9ed73de88ce6792eb04fc7d30dd7fd3e3b8d958706234db17ca042fe3c506e45199d9a6dfda2f4d41a6eb0269b8c931'),
(246, 'Wombur', NULL, 'warrior', 'membre', NULL, '0dffb88089b78655986dffa71399045b896dcd09395658b6b99d2afee9a883e512201580303bb3bdac88c22ed20ede88354e40ef9578f1eed84d0bf41a142b82'),
(247, 'Klara', 'Klara[Rey]', 'priest', 'reroll', 183, '13355e84d3e27a2e787923a78b6e842a173ef19383e9f5fa0ccfe91f83ab51b7b140f8439f35699946cd681de1eb41648e7039c934b1f815fbf8eaff0ac84604'),
(248, 'Plï', NULL, 'hunter', 'membre', NULL, '4529252352f041b58b524d9c6dc0789de62a971e2445ea4a5f261328a088ab16d459b02bfffa1de306586ad50e93e3bdfe1dded6d81e5e5d3c673d781f1c1cda'),
(249, 'Ahmetkan', NULL, 'rogue', 'membre', NULL, '92a9de213837d2d717bde33cb258f60089819d3943c5d6039535c2b582bfb044187f0db9e716cd54e08ec8ebf81124650419d964104434440987f502d38d4b0a'),
(250, 'Dredre', NULL, 'warlock', 'membre', NULL, 'fedafbb46f1b0db5e080f6bfff703e74c5f9074af5c62fb644b3dc254e7c37021df91cd8cefb00bbc0d73ede9b52d1dbd03245fc2c44125e89c5c0dc1df9f8a8'),
(251, 'Frinklete', NULL, 'mage', 'inactif', NULL, '76e98f694fcf0762210f890779da3f52550193e777a3041b1849190c0a5d14c28971634fa239c1646102adbba0f0262d759618d7d85df2bd84ad03a5274107d6'),
(252, 'Olesloche (doublon a editer)', 'Olesloche (doublon a editer)', 'mage', 'inactif', 0, '22288f1e2f271e31c6e867bb486f619ad75dc694f9d30b1019dc14d0e89855b3e87e34f996e3e0719bd8f461532dbcd2b9ab946b18e4dd1d2dedccabc27584ad'),
(253, 'Magohlegrand', NULL, 'paladin', 'casu', NULL, 'fbb8752d1333c21b22a2add916ccff2306f4ace13664109d5c7eba58c4446f10050fb789236354e5a813539d08e8edc2bd78d91b98a13c26a3870bc58ae92c0f'),
(254, 'Couineur', NULL, 'rogue', 'inactif', NULL, 'a8213117a24315a3a0612dd1dc7e12f7a4935f54bea04bdfab390d68d39981005d5c324ad52c559525ff941e963d3cadb8744e43ff6177196f72bb6beb79fe98'),
(255, 'Xendra', NULL, 'warlock', 'inactif', NULL, '95689b2c9cdf61c38fa7d44953019cb0a2d53fa8d77980f19ff9db8d4f109c5ea6893e5198632ca05e9a8b6ba1c28230d273fa41b8d804a0d9e754eaffeeda86'),
(256, 'Khrott (?)', NULL, 'warrior', 'inactif', NULL, '8bfeb9ff11f53aee35a0bd30fa39079810b682a50cb7e8659d1fcffffb4f2c680d438b6e679b35545f2911ef2d756c27a42b7c55fb0667b3e4fd564cfb2fd35d'),
(257, 'Genyk', 'Genyk', 'warrior', 'inactif', 0, '09b053d9954a7606c05ec8f68ab3ec6ef08824b7c3049fcaac0041af031af0002fc1a95ef7c74edaf68866ec840a508764155bbadf2a5a35ad4940801007e4c2'),
(258, 'Ragusa', NULL, 'rogue', 'inactif', NULL, '0b6ea662b56746cb3017989157ea76ab285bbdcc458297e38811c533fe682c593fc010f18bb56164452c50a175cb73681cca834a0f882844a7f41f23c4903b3e'),
(259, 'Bolanix', 'Bolanix[Gaiitz]', 'druid', 'reroll', 171, '57ea05215019d3c04082e450a29578791697dc89aff7393b4e18b0a0df0b5673016bba6c81e006e1929f605b4288929d21df3b82fa05d4dfe055b8a69085fc56'),
(260, 'Darman', 'Darman[Orijk]', 'mage', 'reroll', 187, 'b5865b9b8e79fe2f493de083c4934899f49556dc2cfde324d866e56a8a1055075667cd758f8f8bce96b965c451176f9a9a4911f29c6a51382f417785a120da14'),
(261, 'Denuit', NULL, 'hunter', 'inactif', NULL, 'bd04e9690c267368a90a6cddb9af6a7b42d7da4cfabc1b365ac994121b85a5ba0b3a8a018f65028b42a7e2c4eb1b92be4d354aa64614e55c872508862ff39b01'),
(262, 'Lyona', 'Lyona[Nac]', 'mage', 'reroll', 206, 'f2314d2731c22fbfe1843da34d85991571d51d069fa9bc7a9daa5eda8012f977cffacc1b9131dbebfbfca5199b6f18ed5cdf0bcac23a922302a3c12d6ab3777f'),
(263, 'Knaaki', 'Knaaki[Lothu]', 'mage', 'reroll', 157, '07eeb9e85dedb44089f2df541653f39b72f1389e939386c245553c9f32b227a1384b6b14e65bb0a52deaf9cc7ab9f51c299c2911f8ac935072d25773be12659e'),
(264, 'Meyham', 'Meyham[Minimoo]', 'warrior', 'reroll', 160, 'f8e9c2ebe7c30cb19c6c1c16614c50042665731b741d842d4a6762a06393358eece93ab6a4a1288b2823b1c385b0f47007300c18de8f0bb7eef49f20a749929f'),
(265, 'Narshala', NULL, 'druid', 'casu', NULL, 'e228ec86b5ed349ed688efbb003c9c1db2c9b3539742ab37ff6c85be06f34ba3bd5a8aea148d184ff1104fd52973a85dec123f008f04ab7022084439aa377622'),
(266, 'Aercana', 'Aercana[Aervin]', 'mage', 'reroll', 199, 'bb567f93f794f0ebd6bf43fba53aa1ae66eae24bc3d8606a135a2ff78ffe172123465665050f2bbd695d39996c4605155e2788aef3f33a23eb6e2c60929957b9'),
(267, 'Lathea', 'Lathea [Magorox]', 'druid', 'reroll', 193, '309c7fdda0b5b9c0c3bf5bfe6a130cac0ede688ba0efd0507db6f7d91faf45ccfd9d4e12922ba8a4a9d9d22023e9626c9a0e3e8cf9d36ee9af2624acfa24e883'),
(268, 'Rastaricori', NULL, 'druid', 'membre', NULL, '102e8be8598e878b77039ae20ef62bfdc65538453576dcd1f058e899173a43e8492f87041e10fbda1d6417555720c93ad9902673b8efefdcd63630219d6fb47f'),
(269, 'Aynigma', NULL, 'warlock', 'casu', NULL, 'd5cf3c2a7ac21267e3bc7a15b01207735975ac2159733cf398624c6eb60f85905eccbd36bcb4868381f948e1036ab707c1257cf568d10af4ff9738377da02468'),
(270, 'Destrox', NULL, 'warrior', 'casu', NULL, '7d30879a49b7bd1de502d99f64e0bd5eaa46017f90735227c90af2faa040923e4f06ce2ae70aca79bda5c29c96991c8c8e6a9c208ee9906df3b03e4531978ec5'),
(271, 'Sharese', 'Sharese', 'druid', 'casu', 0, '524588a2d943e53221025b9f647dc29ca21e13ef033772357c11e8edec1122b55da37d0546b905571fec399e358197ad358956d590a9131f8d9afabc13075d6d'),
(272, 'Olesloches', 'Olesloches', 'mage', 'casu', 0, '919219ee51c6aa01468910fb546c0bf64547acb08f17ffc9e0bab4accc6569aa3ece0f86a81b08505984e3f4c4ae4b0ccd1e7965632d38eb396a951d33c4b5ef'),
(273, 'Dolypranne', NULL, 'priest', 'casu', NULL, '89fc08eda13319735007caee20635cf7d6537b6686199b736f1b5193e9d1ca392dc6b45897cf877e6a3aee43cb71270161bbd4604bfccc8be6171be49f10c4a2'),
(274, 'Trevoras', NULL, 'warrior', 'casu', NULL, 'abef39e793945d2dc4f8367f7e65a2ae6a95233af36d1152e2564da2562107ecc04977da960e86da78847553996c3c76a0a32a06609946f42ccdf57c9ed62f55'),
(275, 'Lachemise (Gnomeopathie)', NULL, 'druid', 'inactif', NULL, 'c1de599a65ac93f0be5ed96c3f7370d0cdce23477460536fc44c3607691f350a39adc3df26b16e6f54ff7c90085a795c7c6781434e2a23c6b1951ed4e4b1a9f0'),
(276, 'Veneck', 'Veneck[Iviina]', 'hunter', 'reroll', 182, '2a33428c3af4657447152a22792590b909fcb0fde5a51705d57f4029c5b496fcaac0f91b4c5e031f3a27bec033f2d994088def75bd05d2c806e8ce5e5577a3c8'),
(277, 'Silverabby', 'Silverabby[Fairyabby]', 'paladin', 'reroll', 202, '6f2a66406d0f9a1647b702ce736d21bc1e19ab86e85f05bc8a04671d30a79cabcbc8ac371686d47e91df66f4c46feaf574a0647783f9800864d25f98fc261d27'),
(278, 'Betadyne', 'Betadyne', 'priest', 'membre', 0, '4736cabda4d12d97d4e3814698d388193ce2395d71f48636f8992c95da2687f8e1db78e66928fa58a8ef7c278c34fae8d38cd2b00a58ae510a75c8531e7fc1ef'),
(279, 'Massy', 'Massy[Rëkt]', 'priest', 'reroll', 205, '7433746efd0ee57179f9cde97c76fff575c0264af17f2e40d766fbb432828b737f1da173b3577feedbcbc755faf7f62765edfcf4e6cc5ecd0cbcb19b6bd3050d'),
(280, 'Scalpel ? ', 'Scalpel ? ', 'rogue', 'inactif', 0, 'b2f057b270d3106560eef40e07b9187760ad3bef5c4b730810f38e486c1a4edca8b0064c39c350886f9127091bd1bb1f7381e5cc89c5e2ce77c8a18c567b8292'),
(281, 'Darkmenta', 'Darkmenta[Mentalow]', 'rogue', 'reroll', 163, '833c470fe9d1f05d10465b4f75964ebb064847eb7dfb91abbd9643179ce06db1b96fdc86ad250df889d61ddab61ae004a59c9a42926cd2a40c7a10a850ca9dd7'),
(282, 'Olchep', NULL, 'warrior', 'casu', NULL, '51673c2f2352c03063ed211cf46bb1edf9543a0ffd28ebaa5622614452760646acb5e71a291280bce6eebc46692c275f0e9768db68180ddaa7052fe9ef6b0cc9'),
(284, 'Healit', 'Healit', 'paladin', 'casu', 0, '1022b6f4a1e3babbf09701548c296db9c64fb246876e9bbd9d9c6d3580d451b5095dc257b3d62634bf18fe8da61f85874cec67ae4c54b694409cf152235d7ee5'),
(285, 'Bayar', 'Bayar[Lathea]', 'druid', 'reroll', 193, '05b469b63c0a3c340dd245c58d568b73a835040102bda7053460260eaa67b92259a74dc73fc196469a9dce4c79aa3c9a91ec4f2b5e7ca2624a770716c7541c9f'),
(286, 'Lb', 'Lb[Lbg]', 'hunter', 'reroll', 175, 'c710b413cb2cad2898142038671edadf50d136dacbd3f30237c6083634c77b0f09c4dad95899b0a9aabdd6b78d416f01e192c84578350f007e92d2411241d426'),
(287, 'Hekki', 'Hekki[Elféralgan]', 'paladin', 'reroll', 204, '50e70b1913deb0944dfe5fdbc8c569db8d92e1f61a387cca88de3aff19401b93d6c73e80f6894e481281c75249e2f9f596cdf389298c3481d0926ad75c4a0dc8'),
(288, 'Efi', 'Efi[Mekareth]', 'rogue', 'reroll', 210, 'a5e260caca8f887047a8537b72851e08820e112298853a975eb00fb51d15dce288e6f5e75612cbf6317ea17f9bc8e32fc9aeb3178a94d89a173f50987f874b99'),
(289, 'Devone', NULL, 'warlock', 'casu', NULL, '8328f0410fa5e96b484ce0407c8e67ec088988d5c33a5494ae361e290b1e3d4a95da6ba97bf67bc87f0ad8679c5d3eeac90817376fc148fb39371f0d7a141b20'),
(290, 'Tumbledore', 'Tumbledore[Zef]', 'paladin', 'reroll', 158, '0f381f6250a83cfa6f738778ca7cae12977b451a3c2fe313a9870979f8e36ebb48491b677ca0345b158098f196448cbea41445dd670534cfcb7b61db93c344d0'),
(291, 'Separou', 'Separou[Orijk]', 'rogue', 'reroll', 187, 'd32bf1e048eaa975a1cc647ff46fcc2e6ea49a553943f62f4520a8c0f8ef76e7dbdf877c0d18cd1e4629c5ef1b1b60db150f58031f9f3e25b29c31d25e3e218c'),
(292, 'Voskhod', 'Voskhod[Mik]', 'warrior', 'reroll', 170, '262ba0a26ff7703df5073e2aedede32d16d6a6b1cf7ec84f7675f6c102ce2403bcbdf20e65d9802505e95f2e4730f261eb78476a63c3cbd638ca7ca531a08261'),
(293, 'Pitial', NULL, 'mage', 'casu', NULL, '9324bf2dd4f8628a059c259c1fea311021306a48c5291748672a4c504d1615d1a972fbbd6936f90e76eb2e2e3c434dfdcb217c0db638fc0333460a8b6f9e4cb1'),
(294, 'Khkhkh', NULL, 'mage', 'casu', NULL, '5ea6f1fc5735b4b02bf0a0720e0723137cbc70c85037c18723e29b0f98fefa97da16ff76e8a76769421ec6a4230d083cbebdd743238a48c0ac1ce51b58c6c869'),
(295, 'Aethïs', 'Aethïs', 'hunter', 'casu', 0, '5f4ec178656838dc3f86367d2efaaf63c88e88cf65c9e610b84397166505e71dfd9db92b722301ec8f24ca57fb67435745d567d6498ac97fd82416d02dc66a86'),
(296, 'Felin', 'Felin [Magu]', 'hunter', 'reroll', 226, '117ff319a376c5e49ad207208b3729531ef7ecb054d96e81cc2918e5367f84deae632cbc9338a3befe883bbade03c3e84e6cc0234b27621a0b261081299fea07'),
(297, 'Ezze', 'Ezze [Exxy]', 'hunter', 'reroll', 239, '6726de4f0471c27d139ebc41777ae874c7b830f783cebdfb7b56a7ca010ed84e654084c1dea9293c6e72a094d9b931b3869018c7a9f34af54721214e3b3b281f'),
(298, 'Fotocopii', 'Fotocopii [Copii]', 'hunter', 'reroll', 190, 'e4ecf1eafd0cb4b8d435e09b460be5d26b6347b560664676c5d8279f9894ec1bca5f82bc77ef54d16cccb1f8cd6762b996277ab47602347612fe5dcc6ec4ed68'),
(299, 'Fealis', 'Fealis [Mekareth]', 'hunter', 'reroll', 210, '916b879ed71447fc0aafa9ec932329bcc64a7857643f45292beca1e50279d5b21c9338a90e55a8cbe9d7ea519c6a8b8691be4763f1b5d1d59ec8ff08e6fc0767'),
(300, 'Lamoche', 'Lamoche [Destrox]', 'mage', 'reroll', 270, '19c63ac1f2a0699a43cd1f479a521cb3edeaa2aec7826b489b42e9f59ff5e162b95819390426b37fb5377ec6e50a91b6f08ca14304025cafb34fe54053bd4878'),
(301, 'Caramba', NULL, 'hunter', 'casu', NULL, 'd11ba4c03e84a5bc9638ee7336f43a9bfad6c50f9687cc0f99a4c1597efa82b4cb4de7ffb78ee3c7bbf082d2cae58aa82caf9b13ce44321e249c0a2cdd059e33'),
(302, 'Nhk', 'Nhk [Aervin]', 'warrior', 'reroll', 199, '7f6372fadf94af456a3a198743eabaed05ee7ac8ec63c88e0844ad9fda0bf08962f46f8bf6876193492768b9ef8980a8d79b8b21a5570c8d9941146af1a20f6c'),
(303, 'Liloutte', 'Liloutte', 'mage', 'casu', 0, '01910d11fdb7fb41a411bda8431fb9b810d7e1a95a9078bde4d694577010bfae26ed1e0786a10928b360162e4ed4a0b2d481e8b42a3fa84595965dd6561c48cb'),
(304, 'Fealis', 'Fealis', 'hunter', 'inactif', 0, '916b879ed71447fc0aafa9ec932329bcc64a7857643f45292beca1e50279d5b21c9338a90e55a8cbe9d7ea519c6a8b8691be4763f1b5d1d59ec8ff08e6fc0767'),
(305, 'Sulfura', 'Sulfura [Pooshka]', 'priest', 'reroll', 201, '8ceee0918a0408764b3b3c0af4c35f1f6764f12ec8646f67312c37ff67617cb9f6e016178b3d236f885f4da9b539e6e85724c3d3177aa116c7b753fc1567c342'),
(306, 'Caitlyn', NULL, 'warlock', 'test', NULL, '83abe08e9c5f0574a67e9cf6376aadda4d718c15a40c0c9082c589180bdc97ffe226b79789306a7c1a65a6621b1349b581886b88c8907b4bc1f1f4861e7db952'),
(307, 'Djacs', 'Djacs [Mik]', 'rogue', 'reroll', 170, '93e2b954d347929ca8beef0810b22f6afc44ed65e0eb8b7ca1e0776b977d60d1055163cb333367523be6de99c3a8af71edef5407decf7e931dc25d3a335f853e'),
(308, 'Revolta', 'Revolta [Aurium]', 'mage', 'reroll', 75, '939098b93eaba807abbcb5f51c701ebe1090e6c45dca1cf623e4d70f82625ba892081528d2d412124c4dde2cbae0410daf89079eb8f66837030baebbc654090d'),
(309, 'Alvynh', 'Alvynh [Syrus]', 'mage', 'reroll', 168, '614965c43149cf9ea93ab0e0b421d6b155b9b75cfae3b413bd7c1054b302758fcd008656e529158d46bf8ffd8e92644939243b2ecc962233d5aa9c7ce3557087');

-- --------------------------------------------------------

--
-- Stand-in structure for view `player_er`
-- (See below for the actual view)
--
CREATE TABLE `player_er` (
`player` bigint(11)
,`player_id` bigint(11)
,`name` varchar(64)
,`er` decimal(41,0)
);

-- --------------------------------------------------------

--
-- Stand-in structure for view `player_ev`
-- (See below for the actual view)
--
CREATE TABLE `player_ev` (
`player` bigint(11)
,`player_id` bigint(11)
,`name` varchar(64)
,`ev` decimal(41,0)
);

-- --------------------------------------------------------

--
-- Stand-in structure for view `player_ev_er_history`
-- (See below for the actual view)
--
CREATE TABLE `player_ev_er_history` (
`player` bigint(11)
,`reroll` int(1)
,`name` varchar(64)
,`class` varchar(16)
,`reroll_name` varchar(64)
,`raid` int(11)
,`raid_name` varchar(128)
,`date` datetime
,`instance` varchar(8)
,`ev` bigint(20)
,`ev_initial` bigint(21)
,`er` bigint(20)
,`er_initial` bigint(20)
);

-- --------------------------------------------------------

--
-- Stand-in structure for view `player_gp`
-- (See below for the actual view)
--
CREATE TABLE `player_gp` (
`player` int(11)
,`name` varchar(64)
,`gp` double(17,0)
);

-- --------------------------------------------------------

--
-- Table structure for table `player_loot`
--

CREATE TABLE `player_loot` (
  `player` int(11) NOT NULL,
  `item` int(11) NOT NULL,
  `raid` int(11) NOT NULL,
  `attribution` varchar(32) NOT NULL,
  `wl` tinyint(1) NOT NULL
) ENGINE=InnoDB DEFAULT CHARSET=utf8mb4;

--
-- Dumping data for table `player_loot`
--

INSERT INTO `player_loot` (`player`, `item`, `raid`, `attribution`, `wl`) VALUES
(1, 92, 130, 'secondary', 0),
(1, 217, 150, 'secondary', 0),
(1, 267, 182, 'secondary', 0),
(1, 290, 169, 'secondary', 0),
(1, 309, 175, 'secondary', 0),
(1, 311, 120, 'primary', 0),
(1, 323, 133, 'secondary', 0),
(1, 325, 133, 'secondary', 0),
(1, 325, 169, 'secondary', 0),
(2, 22, 137, 'secondary', 0),
(2, 266, 170, 'secondary', 0),
(7, 10, 138, 'primary', 1),
(7, 233, 153, 'primary', 1),
(7, 253, 129, 'primary', 0),
(7, 254, 161, 'primary', 1),
(7, 274, 167, 'primary', 1),
(7, 309, 169, 'primary', 0),
(8, 7, 159, 'primary', 1),
(8, 29, 159, 'secondary', 0),
(8, 195, 180, 'secondary', 0),
(8, 220, 175, 'primary', 1),
(8, 221, 162, 'primary', 1),
(8, 274, 182, 'secondary', 0),
(8, 281, 182, 'secondary', 0),
(8, 283, 155, 'secondary', 0),
(8, 284, 158, 'secondary', 0),
(8, 298, 162, 'secondary', 0),
(8, 308, 158, 'secondary', 0),
(8, 329, 162, 'secondary', 0),
(8, 336, 142, 'secondary', 0),
(15, 18, 130, 'secondary', 0),
(19, 19, 138, 'primary', 0),
(19, 29, 180, 'secondary', 0),
(19, 211, 169, 'primary', 1),
(19, 213, 162, 'secondary', 0),
(19, 214, 169, 'secondary', 0),
(19, 245, 162, 'secondary', 0),
(19, 267, 128, 'secondary', 0),
(19, 277, 134, 'primary', 1),
(19, 283, 118, 'primary', 0),
(19, 284, 162, 'secondary', 0),
(19, 286, 155, 'secondary', 0),
(19, 298, 148, 'secondary', 0),
(19, 307, 124, 'secondary', 0),
(19, 308, 140, 'secondary', 0),
(19, 311, 169, 'secondary', 0),
(19, 313, 124, 'secondary', 0),
(19, 332, 140, 'primary', 1),
(19, 345, 175, 'primary', 0),
(21, 127, 168, 'secondary', 0),
(21, 245, 129, 'secondary', 0),
(21, 246, 176, 'primary', 1),
(21, 251, 134, 'primary', 0),
(21, 253, 118, 'primary', 0),
(21, 274, 129, 'primary', 0),
(21, 279, 141, 'secondary', 0),
(21, 290, 170, 'primary', 1),
(21, 293, 156, 'primary', 1),
(21, 304, 125, 'secondary', 0),
(21, 309, 147, 'primary', 1),
(23, 253, 141, 'primary', 1),
(23, 254, 149, 'primary', 1),
(23, 274, 153, 'primary', 1),
(23, 298, 156, 'primary', 1),
(23, 309, 125, 'primary', 0),
(24, 246, 127, 'primary', 0),
(24, 254, 140, 'primary', 1),
(25, 130, 143, 'secondary', 0),
(25, 288, 129, 'primary', 1),
(25, 290, 149, 'primary', 1),
(25, 293, 147, 'primary', 1),
(25, 317, 125, 'primary', 0),
(27, 251, 119, 'primary', 0),
(27, 309, 134, 'primary', 0),
(27, 317, 129, 'secondary', 0),
(30, 213, 125, 'primary', 1),
(30, 214, 147, 'primary', 1),
(30, 244, 170, 'primary', 1),
(30, 245, 119, 'primary', 0),
(30, 246, 129, 'primary', 0),
(30, 277, 155, 'primary', 1),
(30, 307, 119, 'secondary', 0),
(30, 308, 134, 'primary', 0),
(30, 313, 149, 'primary', 0),
(30, 347, 170, 'secondary', 0),
(36, 51, 168, 'secondary', 0),
(36, 241, 156, 'primary', 1),
(36, 298, 170, 'primary', 0),
(36, 309, 167, 'primary', 0),
(36, 309, 176, 'primary', 0),
(41, 283, 169, 'primary', 0),
(41, 290, 175, 'primary', 0),
(41, 323, 169, 'secondary', 0),
(44, 259, 121, 'primary', 0),
(45, 154, 130, 'secondary', 0),
(45, 236, 158, 'primary', 1),
(45, 266, 162, 'secondary', 0),
(45, 333, 164, 'primary', 0),
(50, 225, 169, 'primary', 0),
(50, 284, 128, 'primary', 0),
(50, 311, 150, 'primary', 0),
(50, 319, 175, 'primary', 0),
(52, 106, 165, 'primary', 0),
(52, 224, 155, 'primary', 1),
(52, 230, 140, 'primary', 1),
(52, 283, 135, 'primary', 0),
(52, 319, 182, 'primary', 1),
(52, 325, 162, 'secondary', 0),
(56, 21, 172, 'primary', 1),
(56, 103, 136, 'secondary', 0),
(56, 188, 180, 'secondary', 0),
(56, 221, 175, 'primary', 1),
(56, 237, 121, 'secondary', 0),
(56, 264, 162, 'primary', 1),
(56, 272, 155, 'primary', 0),
(56, 280, 118, 'secondary', 0),
(56, 307, 140, 'secondary', 0),
(56, 333, 135, 'primary', 0),
(56, 336, 171, 'secondary', 0),
(59, 254, 176, 'primary', 0),
(59, 297, 170, 'primary', 0),
(60, 231, 124, 'primary', 0),
(60, 254, 162, 'primary', 1),
(60, 274, 169, 'primary', 1),
(60, 282, 162, 'secondary', 0),
(60, 296, 148, 'primary', 1),
(60, 298, 133, 'primary', 0),
(60, 327, 133, 'primary', 0),
(66, 278, 119, 'secondary', 0),
(68, 229, 127, 'primary', 0),
(70, 44, 143, 'secondary', 0),
(70, 311, 140, 'secondary', 0),
(70, 319, 128, 'primary', 0),
(70, 324, 133, 'secondary', 0),
(73, 27, 159, 'secondary', 0),
(73, 37, 159, 'secondary', 0),
(73, 45, 151, 'primary', 1),
(73, 46, 180, 'primary', 1),
(73, 254, 175, 'primary', 0),
(73, 290, 140, 'primary', 0),
(73, 311, 158, 'primary', 0),
(73, 315, 124, 'primary', 0),
(75, 2, 177, 'primary', 0),
(75, 232, 175, 'primary', 0),
(75, 270, 175, 'primary', 0),
(87, 2, 179, 'primary', 0),
(99, 224, 148, 'primary', 1),
(99, 230, 147, 'primary', 1),
(99, 311, 162, 'primary', 0),
(99, 319, 127, 'primary', 0),
(101, 51, 123, 'secondary', 0),
(101, 53, 123, 'secondary', 0),
(101, 213, 129, 'secondary', 0),
(101, 230, 120, 'primary', 0),
(108, 25, 179, 'secondary', 0),
(108, 192, 173, 'secondary', 0),
(112, 16, 173, 'primary', 1),
(112, 46, 154, 'primary', 1),
(112, 85, 131, 'primary', 0),
(112, 91, 123, 'primary', 0),
(112, 222, 125, 'primary', 0),
(112, 311, 153, 'primary', 1),
(118, 6, 165, 'primary', 0),
(118, 27, 145, 'primary', 0),
(118, 217, 124, 'secondary', 0),
(118, 235, 118, 'primary', 1),
(118, 238, 148, 'primary', 1),
(118, 267, 118, 'secondary', 0),
(121, 38, 152, 'primary', 0),
(121, 106, 173, 'primary', 0),
(137, 302, 170, 'secondary', 0),
(141, 37, 168, 'primary', 0),
(141, 131, 173, 'primary', 0),
(143, 217, 140, 'primary', 1),
(143, 236, 135, 'primary', 1),
(145, 85, 123, 'primary', 0),
(145, 212, 133, 'primary', 0),
(151, 73, 146, 'secondary', 0),
(151, 95, 146, 'primary', 0),
(151, 246, 175, 'primary', 0),
(151, 338, 146, 'secondary', 0),
(157, 32, 166, 'primary', 0),
(157, 37, 144, 'primary', 0),
(157, 49, 123, 'primary', 0),
(157, 53, 159, 'primary', 1),
(157, 232, 169, 'primary', 1),
(157, 240, 158, 'primary', 1),
(157, 274, 120, 'primary', 0),
(157, 294, 148, 'secondary', 0),
(157, 296, 175, 'secondary', 0),
(157, 298, 155, 'secondary', 0),
(157, 308, 128, 'secondary', 0),
(157, 318, 126, 'primary', 0),
(157, 322, 140, 'primary', 1),
(158, 37, 144, 'primary', 1),
(160, 92, 177, 'secondary', 0),
(160, 212, 140, 'primary', 1),
(160, 230, 162, 'primary', 1),
(160, 303, 118, 'primary', 0),
(160, 311, 126, 'primary', 0),
(160, 316, 140, 'secondary', 0),
(161, 185, 123, 'primary', 0),
(161, 302, 118, 'secondary', 0),
(163, 27, 177, 'secondary', 0),
(163, 226, 162, 'primary', 1),
(163, 230, 169, 'primary', 1),
(163, 284, 124, 'primary', 0),
(163, 311, 135, 'secondary', 0),
(163, 324, 182, 'secondary', 0),
(165, 229, 128, 'primary', 0),
(165, 320, 175, 'primary', 1),
(166, 192, 130, 'secondary', 0),
(166, 234, 133, 'primary', 0),
(166, 244, 155, 'primary', 1),
(166, 253, 164, 'primary', 1),
(166, 274, 140, 'primary', 1),
(166, 298, 124, 'primary', 0),
(166, 309, 135, 'primary', 1),
(168, 10, 159, 'primary', 1),
(168, 234, 148, 'primary', 1),
(168, 244, 128, 'primary', 0),
(168, 253, 169, 'primary', 1),
(168, 254, 155, 'primary', 1),
(168, 274, 126, 'primary', 0),
(168, 298, 128, 'primary', 0),
(168, 309, 120, 'primary', 0),
(169, 19, 173, 'primary', 1),
(169, 27, 160, 'secondary', 0),
(169, 51, 130, 'secondary', 0),
(169, 53, 138, 'secondary', 0),
(169, 216, 147, 'primary', 1),
(169, 253, 163, 'primary', 1),
(169, 254, 156, 'primary', 1),
(169, 274, 170, 'primary', 1),
(169, 297, 149, 'primary', 0),
(169, 298, 118, 'primary', 0),
(169, 309, 126, 'primary', 0),
(170, 25, 173, 'secondary', 0),
(170, 224, 118, 'primary', 0),
(170, 227, 167, 'primary', 1),
(170, 230, 182, 'primary', 1),
(170, 269, 129, 'secondary', 0),
(170, 283, 141, 'primary', 1),
(170, 290, 125, 'primary', 0),
(170, 308, 147, 'secondary', 0),
(170, 319, 150, 'primary', 1),
(170, 324, 176, 'secondary', 0),
(171, 227, 158, 'primary', 1),
(171, 230, 126, 'primary', 0),
(171, 290, 133, 'primary', 0),
(171, 308, 135, 'secondary', 0),
(172, 227, 135, 'primary', 1),
(172, 269, 133, 'secondary', 0),
(173, 230, 158, 'primary', 1),
(173, 269, 118, 'secondary', 0),
(173, 290, 124, 'primary', 0),
(173, 342, 169, 'secondary', 0),
(174, 185, 151, 'primary', 0),
(174, 224, 140, 'primary', 1),
(174, 225, 140, 'secondary', 0),
(174, 283, 148, 'primary', 1),
(174, 290, 118, 'primary', 0),
(174, 319, 140, 'primary', 1),
(175, 25, 180, 'secondary', 0),
(175, 246, 156, 'primary', 1),
(175, 253, 124, 'primary', 0),
(175, 274, 128, 'primary', 0),
(175, 288, 124, 'primary', 0),
(175, 304, 118, 'secondary', 0),
(175, 309, 156, 'primary', 0),
(175, 345, 162, 'secondary', 0),
(176, 20, 123, 'primary', 0),
(176, 49, 137, 'secondary', 0),
(176, 67, 178, 'primary', 0),
(176, 197, 151, 'secondary', 0),
(176, 228, 150, 'primary', 1),
(176, 246, 126, 'primary', 0),
(176, 274, 162, 'primary', 1),
(176, 309, 140, 'primary', 1),
(176, 316, 126, 'secondary', 0),
(176, 326, 133, 'secondary', 0),
(176, 337, 144, 'secondary', 0),
(177, 9, 177, 'primary', 1),
(177, 30, 172, 'primary', 1),
(177, 37, 172, 'secondary', 0),
(177, 53, 180, 'secondary', 0),
(177, 254, 148, 'primary', 1),
(177, 255, 128, 'primary', 0),
(178, 18, 180, 'secondary', 0),
(178, 27, 160, 'primary', 0),
(178, 51, 168, 'primary', 0),
(178, 53, 168, 'primary', 0),
(178, 66, 160, 'secondary', 0),
(178, 231, 163, 'primary', 0),
(178, 270, 163, 'secondary', 0),
(178, 274, 176, 'primary', 1),
(178, 298, 163, 'primary', 1),
(178, 308, 167, 'primary', 1),
(178, 327, 163, 'primary', 0),
(179, 274, 158, 'primary', 1),
(179, 284, 133, 'primary', 0),
(179, 298, 140, 'primary', 1),
(179, 306, 140, 'primary', 1),
(179, 308, 120, 'primary', 0),
(180, 27, 159, 'secondary', 0),
(180, 84, 131, 'primary', 0),
(180, 188, 145, 'secondary', 0),
(180, 191, 136, 'secondary', 0),
(180, 213, 169, 'secondary', 0),
(180, 216, 153, 'primary', 1),
(180, 244, 182, 'primary', 1),
(180, 277, 182, 'primary', 0),
(180, 307, 149, 'secondary', 0),
(180, 308, 175, 'secondary', 0),
(180, 316, 169, 'secondary', 0),
(180, 332, 169, 'primary', 1),
(180, 343, 158, 'secondary', 0),
(181, 66, 144, 'secondary', 0),
(181, 242, 141, 'primary', 0),
(181, 263, 176, 'primary', 1),
(181, 306, 141, 'primary', 0),
(182, 2, 130, 'primary', 0),
(182, 86, 143, 'secondary', 0),
(182, 87, 179, 'secondary', 0),
(182, 215, 155, 'primary', 1),
(182, 216, 170, 'primary', 1),
(182, 249, 148, 'primary', 1),
(182, 253, 128, 'primary', 0),
(182, 274, 150, 'primary', 1),
(182, 309, 158, 'primary', 1),
(183, 27, 138, 'secondary', 0),
(183, 39, 152, 'secondary', 0),
(183, 51, 180, 'secondary', 0),
(183, 123, 168, 'secondary', 0),
(183, 221, 149, 'primary', 1),
(183, 239, 156, 'primary', 1),
(183, 301, 118, 'secondary', 0),
(183, 310, 120, 'secondary', 0),
(183, 337, 168, 'secondary', 0),
(184, 3, 138, 'primary', 0),
(184, 18, 180, 'secondary', 0),
(184, 25, 154, 'secondary', 0),
(184, 30, 168, 'primary', 1),
(184, 34, 179, 'primary', 0),
(184, 37, 138, 'secondary', 0),
(184, 50, 154, 'primary', 0),
(184, 51, 160, 'secondary', 0),
(184, 53, 180, 'secondary', 0),
(184, 66, 154, 'primary', 0),
(184, 73, 181, 'secondary', 0),
(184, 77, 174, 'secondary', 0),
(184, 165, 166, 'primary', 0),
(184, 309, 129, 'primary', 0),
(184, 334, 156, 'primary', 0),
(185, 21, 130, 'primary', 0),
(185, 26, 180, 'primary', 1),
(185, 235, 175, 'primary', 1),
(185, 264, 148, 'primary', 0),
(186, 10, 151, 'primary', 1),
(186, 228, 135, 'primary', 0),
(186, 296, 169, 'primary', 1),
(187, 25, 143, 'primary', 0),
(187, 56, 138, 'primary', 0),
(187, 245, 182, 'primary', 0),
(187, 254, 170, 'primary', 1),
(187, 274, 127, 'primary', 0),
(187, 279, 129, 'secondary', 0),
(187, 290, 147, 'primary', 1),
(187, 293, 149, 'primary', 0),
(187, 294, 119, 'secondary', 0),
(187, 309, 153, 'primary', 1),
(187, 316, 125, 'secondary', 0),
(188, 51, 131, 'secondary', 0),
(188, 236, 150, 'primary', 1),
(188, 264, 134, 'primary', 1),
(190, 18, 177, 'secondary', 0),
(190, 37, 154, 'primary', 0),
(190, 51, 154, 'primary', 0),
(190, 90, 177, 'secondary', 0),
(190, 220, 182, 'primary', 1),
(190, 264, 170, 'primary', 1),
(191, 6, 143, 'primary', 1),
(191, 18, 179, 'primary', 1),
(191, 90, 179, 'secondary', 0),
(191, 129, 168, 'secondary', 0),
(191, 217, 149, 'secondary', 0),
(192, 264, 182, 'primary', 0),
(192, 280, 134, 'primary', 0),
(192, 320, 129, 'primary', 0),
(192, 329, 170, 'primary', 1),
(193, 16, 180, 'primary', 0),
(193, 25, 172, 'primary', 0),
(193, 43, 177, 'primary', 0),
(193, 85, 172, 'primary', 0),
(193, 92, 172, 'primary', 0),
(193, 104, 180, 'secondary', 0),
(193, 106, 180, 'primary', 0),
(193, 185, 172, 'primary', 0),
(193, 284, 175, 'primary', 0),
(193, 321, 175, 'primary', 1),
(195, 18, 143, 'secondary', 0),
(195, 51, 179, 'secondary', 0),
(195, 230, 170, 'primary', 1),
(195, 278, 134, 'secondary', 0),
(195, 284, 182, 'primary', 0),
(195, 290, 129, 'primary', 0),
(195, 303, 119, 'primary', 0),
(195, 311, 147, 'secondary', 0),
(196, 18, 138, 'secondary', 0),
(196, 53, 143, 'secondary', 0),
(196, 311, 129, 'primary', 0),
(197, 16, 160, 'primary', 1),
(197, 46, 179, 'primary', 1),
(197, 230, 153, 'primary', 1),
(197, 311, 156, 'primary', 1),
(197, 323, 156, 'secondary', 0),
(198, 228, 176, 'primary', 1),
(198, 282, 125, 'primary', 0),
(198, 296, 163, 'primary', 1),
(198, 298, 119, 'primary', 0),
(198, 308, 156, 'secondary', 0),
(199, 231, 149, 'primary', 1),
(199, 232, 134, 'primary', 0),
(199, 240, 156, 'primary', 1),
(199, 298, 125, 'primary', 0),
(199, 308, 153, 'secondary', 0),
(199, 318, 129, 'secondary', 0),
(200, 35, 146, 'primary', 0),
(200, 228, 129, 'primary', 0),
(200, 265, 149, 'secondary', 0),
(200, 267, 119, 'secondary', 0),
(200, 274, 147, 'primary', 1),
(200, 283, 149, 'primary', 1),
(200, 283, 163, 'primary', 1),
(200, 293, 134, 'secondary', 0),
(200, 298, 134, 'primary', 0),
(200, 306, 125, 'secondary', 0),
(200, 308, 125, 'primary', 0),
(200, 326, 134, 'secondary', 0),
(200, 331, 161, 'primary', 0),
(201, 51, 160, 'secondary', 0),
(201, 88, 160, 'secondary', 0),
(201, 230, 156, 'primary', 1),
(201, 284, 134, 'primary', 0),
(201, 290, 119, 'primary', 0),
(201, 308, 176, 'primary', 0),
(201, 311, 182, 'secondary', 0),
(201, 324, 156, 'secondary', 0),
(202, 284, 119, 'primary', 0),
(204, 2, 138, 'secondary', 0),
(204, 25, 180, 'secondary', 0),
(204, 37, 160, 'secondary', 0),
(204, 42, 166, 'secondary', 0),
(204, 51, 179, 'secondary', 0),
(204, 90, 173, 'primary', 0),
(204, 91, 154, 'primary', 0),
(204, 129, 179, 'secondary', 0),
(204, 168, 168, 'primary', 0),
(204, 185, 154, 'secondary', 0),
(204, 253, 119, 'primary', 0),
(204, 267, 134, 'secondary', 0),
(204, 268, 170, 'secondary', 0),
(204, 273, 149, 'secondary', 0),
(204, 290, 156, 'primary', 1),
(204, 309, 182, 'secondary', 0),
(204, 311, 127, 'primary', 0),
(204, 321, 129, 'primary', 0),
(204, 324, 141, 'secondary', 0),
(205, 130, 130, 'secondary', 0),
(205, 254, 133, 'primary', 0),
(205, 255, 162, 'primary', 1),
(205, 263, 128, 'primary', 0),
(206, 25, 130, 'secondary', 0),
(206, 286, 119, 'secondary', 0),
(206, 297, 162, 'primary', 0),
(206, 304, 169, 'secondary', 0),
(206, 306, 119, 'primary', 0),
(206, 316, 128, 'secondary', 0),
(207, 3, 145, 'primary', 1),
(207, 59, 138, 'secondary', 0),
(207, 103, 138, 'primary', 0),
(207, 197, 168, 'primary', 0),
(207, 255, 147, 'primary', 1),
(207, 279, 163, 'secondary', 0),
(207, 301, 163, 'secondary', 0),
(207, 304, 141, 'secondary', 0),
(207, 306, 134, 'primary', 0),
(207, 314, 170, 'secondary', 0),
(207, 316, 167, 'secondary', 0),
(207, 340, 146, 'secondary', 0),
(209, 69, 146, 'primary', 1),
(209, 202, 121, 'secondary', 0),
(209, 234, 129, 'primary', 0),
(209, 249, 119, 'primary', 0),
(210, 18, 159, 'primary', 0),
(210, 51, 165, 'primary', 0),
(210, 53, 177, 'primary', 0),
(210, 123, 177, 'secondary', 0),
(210, 301, 162, 'secondary', 0),
(210, 336, 158, 'secondary', 0),
(211, 246, 120, 'primary', 0),
(212, 226, 120, 'primary', 0),
(213, 86, 130, 'secondary', 0),
(213, 249, 128, 'primary', 0),
(213, 282, 128, 'secondary', 0),
(213, 313, 140, 'secondary', 0),
(217, 12, 130, 'primary', 0),
(217, 37, 159, 'primary', 1),
(217, 51, 136, 'primary', 0),
(217, 232, 128, 'primary', 0),
(217, 260, 121, 'secondary', 0),
(217, 308, 126, 'primary', 0),
(217, 312, 121, 'primary', 0),
(217, 318, 169, 'primary', 1),
(220, 15, 144, 'primary', 0),
(220, 284, 140, 'primary', 1),
(220, 290, 128, 'primary', 0),
(220, 303, 148, 'primary', 0),
(220, 311, 128, 'secondary', 0),
(221, 27, 177, 'secondary', 0),
(221, 130, 172, 'secondary', 0),
(222, 18, 160, 'primary', 0),
(222, 25, 165, 'primary', 0),
(222, 53, 165, 'primary', 0),
(222, 197, 172, 'primary', 0),
(222, 213, 141, 'primary', 0),
(223, 16, 145, 'primary', 1),
(223, 224, 125, 'primary', 0),
(224, 37, 160, 'secondary', 0),
(224, 40, 152, 'secondary', 0),
(224, 212, 149, 'primary', 1),
(224, 269, 125, 'secondary', 0),
(224, 269, 141, 'secondary', 0),
(224, 284, 129, 'primary', 0),
(224, 290, 134, 'primary', 1),
(225, 49, 173, 'primary', 0),
(225, 79, 174, 'secondary', 0),
(225, 195, 160, 'secondary', 0),
(225, 231, 156, 'secondary', 0),
(225, 274, 156, 'primary', 1),
(225, 284, 170, 'primary', 0),
(225, 295, 156, 'secondary', 0),
(225, 296, 134, 'secondary', 0),
(225, 298, 147, 'primary', 0),
(225, 298, 149, 'secondary', 0),
(225, 301, 129, 'secondary', 0),
(225, 308, 129, 'primary', 0),
(225, 320, 176, 'secondary', 0),
(225, 326, 176, 'secondary', 0),
(226, 25, 143, 'primary', 1),
(226, 51, 138, 'primary', 1),
(226, 212, 170, 'primary', 1),
(226, 236, 153, 'primary', 1),
(227, 214, 133, 'secondary', 0),
(227, 215, 128, 'primary', 0),
(227, 217, 128, 'secondary', 0),
(227, 246, 170, 'primary', 1),
(227, 272, 148, 'secondary', 0),
(227, 314, 156, 'secondary', 0),
(227, 332, 150, 'primary', 0),
(230, 25, 123, 'primary', 0),
(233, 27, 123, 'primary', 0),
(234, 346, 174, 'primary', 0),
(235, 21, 151, 'primary', 1),
(235, 25, 177, 'secondary', 0),
(235, 27, 130, 'secondary', 0),
(235, 51, 136, 'secondary', 0),
(235, 123, 130, 'secondary', 0),
(235, 239, 128, 'primary', 0),
(235, 267, 124, 'secondary', 0),
(236, 2, 145, 'primary', 0),
(236, 19, 165, 'primary', 0),
(236, 25, 130, 'secondary', 0),
(236, 27, 136, 'secondary', 0),
(236, 34, 137, 'primary', 0),
(236, 84, 177, 'primary', 0),
(236, 126, 159, 'secondary', 0),
(236, 192, 172, 'secondary', 0),
(236, 249, 124, 'primary', 0),
(236, 254, 142, 'primary', 1),
(236, 254, 171, 'primary', 1),
(236, 274, 135, 'primary', 0),
(236, 297, 124, 'primary', 0),
(236, 304, 140, 'secondary', 0),
(236, 309, 148, 'primary', 1),
(238, 314, 124, 'secondary', 0),
(239, 7, 160, 'primary', 1),
(239, 21, 168, 'primary', 1),
(239, 25, 160, 'primary', 0),
(239, 239, 176, 'primary', 1),
(239, 280, 125, 'secondary', 0),
(241, 6, 130, 'secondary', 0),
(241, 39, 146, 'secondary', 0),
(241, 53, 160, 'primary', 1),
(241, 235, 156, 'primary', 1),
(241, 236, 167, 'primary', 0),
(241, 273, 133, 'secondary', 0),
(242, 2, 165, 'primary', 0),
(242, 51, 165, 'primary', 0),
(242, 129, 165, 'secondary', 0),
(242, 210, 165, 'primary', 0),
(243, 64, 166, 'primary', 0),
(244, 2, 137, 'primary', 0),
(244, 50, 151, 'primary', 0),
(244, 51, 165, 'secondary', 0),
(244, 195, 165, 'primary', 0),
(244, 211, 169, 'primary', 1),
(244, 254, 158, 'primary', 1),
(244, 294, 155, 'secondary', 0),
(245, 49, 179, 'primary', 1),
(245, 59, 154, 'secondary', 0),
(245, 242, 176, 'primary', 1),
(245, 334, 163, 'primary', 0),
(245, 341, 149, 'secondary', 0),
(246, 3, 137, 'primary', 0),
(246, 27, 151, 'secondary', 0),
(246, 59, 136, 'secondary', 0),
(246, 249, 140, 'primary', 1),
(246, 251, 140, 'secondary', 0),
(246, 254, 135, 'primary', 0),
(246, 286, 133, 'secondary', 0),
(246, 309, 128, 'primary', 0),
(248, 2, 143, 'secondary', 0),
(248, 18, 154, 'primary', 1),
(248, 27, 154, 'primary', 1),
(248, 231, 141, 'primary', 1),
(248, 232, 163, 'primary', 0),
(248, 240, 176, 'primary', 1),
(248, 298, 182, 'secondary', 0),
(248, 308, 182, 'secondary', 0),
(248, 327, 170, 'secondary', 0),
(249, 10, 131, 'primary', 0),
(249, 18, 138, 'primary', 0),
(249, 25, 138, 'secondary', 0),
(249, 254, 134, 'primary', 0),
(249, 298, 129, 'primary', 0),
(250, 25, 137, 'secondary', 0),
(250, 27, 145, 'secondary', 0),
(250, 46, 130, 'primary', 0),
(250, 95, 152, 'secondary', 0),
(250, 283, 142, 'primary', 1),
(250, 284, 171, 'secondary', 0),
(250, 290, 148, 'primary', 1),
(250, 308, 148, 'secondary', 0),
(250, 319, 176, 'primary', 1),
(253, 18, 160, 'primary', 0),
(253, 27, 131, 'primary', 0),
(253, 37, 131, 'secondary', 0),
(253, 51, 144, 'primary', 0),
(253, 53, 144, 'primary', 0),
(253, 126, 131, 'primary', 0),
(253, 283, 161, 'primary', 0),
(253, 284, 156, 'primary', 1),
(260, 284, 164, 'primary', 0),
(260, 290, 162, 'primary', 0),
(260, 311, 175, 'primary', 0),
(261, 233, 135, 'primary', 0),
(263, 15, 173, 'primary', 0),
(263, 18, 173, 'primary', 0),
(263, 104, 137, 'primary', 0),
(263, 185, 173, 'primary', 0),
(264, 127, 136, 'primary', 0),
(265, 18, 154, 'primary', 0),
(265, 25, 145, 'primary', 0),
(265, 29, 160, 'primary', 1),
(265, 63, 152, 'primary', 0),
(265, 267, 149, 'primary', 0),
(265, 321, 147, 'primary', 0),
(267, 154, 138, 'secondary', 0),
(268, 6, 151, 'primary', 0),
(268, 314, 163, 'primary', 0),
(269, 25, 173, 'secondary', 0),
(269, 37, 143, 'secondary', 0),
(269, 40, 181, 'secondary', 0),
(269, 88, 143, 'primary', 0),
(269, 89, 138, 'primary', 0),
(269, 91, 168, 'primary', 0),
(269, 92, 143, 'primary', 0),
(269, 230, 167, 'primary', 1),
(269, 283, 176, 'primary', 0),
(269, 290, 176, 'primary', 0),
(269, 308, 170, 'primary', 0),
(269, 311, 167, 'secondary', 0),
(269, 342, 156, 'secondary', 0),
(270, 2, 151, 'primary', 0),
(270, 4, 165, 'primary', 0),
(270, 25, 145, 'primary', 0),
(270, 27, 159, 'primary', 0),
(270, 37, 151, 'secondary', 0),
(270, 42, 152, 'secondary', 0),
(270, 53, 172, 'secondary', 0),
(270, 72, 181, 'secondary', 0),
(270, 195, 180, 'secondary', 0),
(270, 245, 169, 'primary', 0),
(270, 274, 175, 'primary', 0),
(270, 286, 140, 'primary', 0),
(270, 290, 155, 'primary', 0),
(270, 309, 162, 'primary', 0),
(271, 2, 154, 'primary', 0),
(271, 19, 143, 'primary', 1),
(271, 61, 154, 'primary', 0),
(271, 63, 174, 'secondary', 0),
(271, 187, 173, 'primary', 0),
(271, 214, 176, 'primary', 1),
(271, 307, 156, 'secondary', 0),
(272, 2, 173, 'primary', 0),
(272, 27, 160, 'primary', 0),
(272, 53, 131, 'primary', 0),
(272, 54, 152, 'secondary', 0),
(272, 85, 154, 'primary', 0),
(272, 106, 160, 'primary', 0),
(272, 185, 160, 'secondary', 0),
(272, 290, 163, 'primary', 1),
(273, 27, 143, 'primary', 0),
(273, 51, 143, 'primary', 0),
(273, 128, 143, 'primary', 0),
(273, 131, 143, 'primary', 0),
(273, 210, 143, 'primary', 0),
(274, 37, 143, 'secondary', 0),
(274, 63, 152, 'secondary', 0),
(275, 154, 144, 'primary', 0),
(276, 2, 172, 'primary', 0),
(276, 18, 151, 'primary', 0),
(276, 25, 151, 'primary', 0),
(276, 37, 151, 'primary', 0),
(276, 37, 159, 'primary', 0),
(276, 40, 146, 'primary', 0),
(276, 53, 165, 'primary', 0),
(276, 74, 166, 'secondary', 0),
(276, 75, 146, 'primary', 0),
(276, 95, 146, 'primary', 0),
(276, 125, 145, 'primary', 0),
(276, 159, 166, 'primary', 0),
(276, 193, 151, 'secondary', 0),
(276, 194, 145, 'primary', 0),
(276, 327, 176, 'primary', 0),
(276, 346, 166, 'primary', 0),
(278, 28, 173, 'primary', 0),
(278, 254, 182, 'primary', 0),
(278, 273, 176, 'primary', 0),
(278, 290, 182, 'primary', 0),
(278, 309, 176, 'primary', 0),
(278, 311, 176, 'primary', 0),
(280, 18, 145, 'primary', 0),
(281, 18, 151, 'primary', 0),
(281, 40, 146, 'secondary', 0),
(281, 197, 179, 'secondary', 0),
(281, 298, 176, 'primary', 0),
(282, 62, 146, 'primary', 0),
(284, 16, 168, 'primary', 1),
(284, 18, 179, 'secondary', 0),
(284, 25, 168, 'secondary', 0),
(284, 26, 179, 'primary', 1),
(284, 27, 168, 'secondary', 0),
(284, 37, 179, 'secondary', 0),
(284, 53, 173, 'secondary', 0),
(285, 40, 152, 'secondary', 0),
(285, 42, 152, 'secondary', 0),
(285, 61, 160, 'primary', 0),
(285, 79, 152, 'primary', 0),
(285, 95, 152, 'secondary', 0),
(286, 18, 159, 'primary', 0),
(286, 25, 159, 'primary', 0),
(286, 41, 152, 'primary', 0),
(286, 53, 159, 'primary', 0),
(286, 68, 152, 'primary', 0),
(287, 54, 152, 'secondary', 0),
(287, 190, 152, 'secondary', 0),
(288, 40, 152, 'primary', 0),
(288, 42, 152, 'primary', 0),
(288, 64, 152, 'primary', 0),
(289, 60, 152, 'primary', 0),
(289, 162, 152, 'primary', 0),
(290, 27, 154, 'secondary', 0),
(290, 93, 172, 'primary', 0),
(291, 18, 172, 'secondary', 0),
(291, 25, 165, 'primary', 0),
(291, 27, 165, 'primary', 0),
(291, 37, 165, 'primary', 0),
(291, 61, 159, 'primary', 0),
(291, 77, 166, 'primary', 0),
(291, 87, 165, 'primary', 0),
(291, 98, 166, 'primary', 0),
(292, 2, 159, 'primary', 0),
(292, 281, 155, 'secondary', 0),
(293, 16, 165, 'primary', 1),
(293, 53, 160, 'primary', 0),
(293, 85, 160, 'primary', 0),
(293, 309, 170, 'primary', 0),
(293, 311, 170, 'primary', 1),
(297, 18, 165, 'primary', 0),
(300, 2, 168, 'primary', 0),
(300, 13, 166, 'primary', 0),
(300, 18, 173, 'primary', 0),
(300, 25, 168, 'primary', 0),
(300, 27, 179, 'primary', 0),
(300, 41, 166, 'primary', 0),
(300, 51, 173, 'primary', 0),
(300, 53, 173, 'primary', 0),
(300, 78, 166, 'primary', 0),
(300, 85, 173, 'primary', 0),
(300, 95, 166, 'primary', 0),
(302, 42, 166, 'secondary', 0),
(307, 2, 180, 'primary', 0),
(307, 37, 177, 'primary', 0),
(307, 87, 180, 'primary', 0),
(308, 41, 178, 'primary', 0),
(308, 54, 178, 'primary', 0);

-- --------------------------------------------------------

--
-- Stand-in structure for view `player_nb_loot`
-- (See below for the actual view)
--
CREATE TABLE `player_nb_loot` (
`nb_loot` bigint(21)
,`player` int(11)
);

-- --------------------------------------------------------

--
-- Stand-in structure for view `player_nb_raid`
-- (See below for the actual view)
--
CREATE TABLE `player_nb_raid` (
`nb_raid` bigint(21)
,`player` int(11)
);

-- --------------------------------------------------------

--
-- Stand-in structure for view `player_statistic`
-- (See below for the actual view)
--
CREATE TABLE `player_statistic` (
`player` int(11)
,`name` varchar(64)
,`display_name` varchar(64)
,`class` varchar(16)
,`rank` varchar(32)
,`ev` decimal(41,0)
,`er` decimal(41,0)
,`gp` double(17,0)
,`evgp_ratio` double(17,0)
,`ergp_ratio` double(17,0)
,`nb_loot` bigint(21)
,`nb_raid` bigint(21)
,`nb_raid_without_loot` bigint(21)
,`last_loot_date` datetime
);

-- --------------------------------------------------------

--
-- Table structure for table `player_stuff`
--

CREATE TABLE `player_stuff` (
  `player` int(11) NOT NULL,
  `item` int(11) NOT NULL
) ENGINE=InnoDB DEFAULT CHARSET=utf8mb4;

--
-- Dumping data for table `player_stuff`
--

INSERT INTO `player_stuff` (`player`, `item`) VALUES
(1, 7),
(1, 8),
(1, 18),
(1, 21),
(1, 25),
(1, 27),
(1, 28),
(1, 37),
(1, 42),
(1, 51),
(1, 53),
(1, 64),
(1, 108),
(1, 128),
(1, 131),
(1, 210),
(8, 9),
(8, 16),
(8, 21),
(8, 26),
(8, 83),
(10, 9),
(10, 21),
(10, 26),
(10, 123),
(10, 221),
(18, 9),
(18, 16),
(18, 21),
(18, 26),
(18, 83),
(56, 239),
(60, 18),
(60, 27),
(60, 37),
(60, 51),
(60, 308),
(68, 9),
(68, 21),
(118, 7),
(118, 18),
(118, 25),
(118, 37),
(118, 51),
(118, 53),
(118, 108),
(143, 8),
(143, 18),
(143, 26),
(143, 37),
(143, 51),
(143, 53),
(144, 18),
(144, 51),
(157, 18),
(157, 27),
(157, 51),
(158, 18),
(158, 27),
(165, 16),
(165, 21),
(183, 16),
(183, 83),
(185, 7),
(185, 18),
(185, 25),
(185, 27),
(185, 37),
(185, 51),
(185, 53),
(186, 18),
(186, 27),
(186, 37),
(186, 51),
(188, 18),
(188, 25),
(188, 26),
(188, 27),
(188, 37),
(190, 25),
(190, 27),
(190, 53),
(190, 239),
(191, 7),
(191, 25),
(191, 27),
(191, 37),
(191, 51),
(191, 53),
(192, 7),
(192, 239),
(193, 7),
(193, 21),
(198, 18),
(198, 27),
(198, 51),
(198, 232),
(199, 18),
(199, 27),
(199, 51),
(217, 18),
(217, 27),
(225, 7),
(225, 9),
(226, 21),
(226, 27),
(226, 37),
(227, 21),
(235, 7),
(241, 18),
(241, 25),
(241, 26),
(241, 27),
(241, 37),
(241, 51),
(241, 108),
(248, 37),
(248, 51),
(261, 27);

-- --------------------------------------------------------

--
-- Table structure for table `player_wish`
--

CREATE TABLE `player_wish` (
  `player` int(11) NOT NULL,
  `item` int(11) NOT NULL,
  `attribution` varchar(32) NOT NULL,
  `running` tinyint(1) NOT NULL DEFAULT '1',
  `selected` tinyint(1) NOT NULL DEFAULT '0',
  `created` date DEFAULT NULL
) ENGINE=InnoDB DEFAULT CHARSET=utf8mb4;

--
-- Dumping data for table `player_wish`
--

INSERT INTO `player_wish` (`player`, `item`, `attribution`, `running`, `selected`, `created`) VALUES
(1, 7, 'primary', 0, 0, '2020-03-29'),
(1, 18, 'primary', 0, 0, '2020-03-29'),
(1, 21, 'primary', 0, 0, '2020-03-29'),
(1, 24, 'primary', 0, 0, '2020-04-27'),
(1, 25, 'primary', 0, 0, '2020-03-29'),
(1, 27, 'primary', 0, 0, '2020-03-29'),
(1, 38, 'primary', 0, 0, '2020-05-06'),
(1, 100, 'primary', 0, 0, '2020-07-08'),
(1, 108, 'primary', 0, 0, '2020-04-15'),
(1, 212, 'primary', 0, 0, '2020-08-29'),
(1, 253, 'primary', 0, 0, '2020-10-13'),
(1, 254, 'primary', 0, 0, '2020-10-13'),
(1, 290, 'primary', 0, 0, '2020-10-13'),
(1, 309, 'primary', 0, 0, '2020-10-13'),
(1, 348, 'primary', 1, 0, '2020-12-05'),
(1, 361, 'primary', 1, 0, '2020-12-02'),
(1, 369, 'primary', 1, 0, '2020-12-05'),
(1, 393, 'primary', 1, 0, '2020-12-02'),
(1, 401, 'primary', 1, 0, '2020-12-05'),
(1, 415, 'primary', 0, 0, '2020-12-02'),
(1, 424, 'primary', 0, 0, '2020-12-02'),
(1, 442, 'primary', 0, 0, '2020-12-02'),
(2, 38, 'primary', 0, 0, NULL),
(2, 39, 'primary', 0, 0, NULL),
(2, 40, 'primary', 0, 0, NULL),
(2, 41, 'primary', 0, 0, NULL),
(2, 42, 'primary', 0, 0, NULL),
(2, 101, 'primary', 0, 0, NULL),
(3, 2, 'primary', 0, 0, '2020-03-29'),
(3, 3, 'primary', 0, 0, '2020-03-29'),
(3, 4, 'primary', 0, 0, '2020-03-29'),
(3, 10, 'primary', 0, 0, '2020-04-15'),
(3, 18, 'primary', 0, 0, '2020-06-10'),
(3, 25, 'primary', 0, 0, '2020-04-26'),
(3, 35, 'primary', 0, 0, '2020-05-10'),
(3, 37, 'primary', 0, 0, '2020-04-29'),
(3, 50, 'primary', 1, 0, '2020-05-10'),
(3, 51, 'primary', 0, 0, '2020-04-17'),
(3, 52, 'primary', 0, 0, '2020-04-17'),
(3, 53, 'primary', 0, 0, '2020-04-26'),
(3, 59, 'primary', 0, 0, '2020-04-17'),
(3, 63, 'primary', 0, 0, '2020-04-26'),
(3, 68, 'primary', 0, 0, '2020-05-10'),
(3, 69, 'primary', 1, 0, '2020-06-07'),
(3, 124, 'primary', 0, 0, '2020-04-15'),
(3, 178, 'primary', 0, 0, '2020-05-10'),
(4, 5, 'primary', 1, 0, '2020-03-29'),
(4, 6, 'primary', 1, 0, '2020-03-29'),
(4, 7, 'primary', 0, 0, '2020-03-29'),
(4, 8, 'primary', 1, 0, '2020-03-29'),
(4, 75, 'primary', 0, 0, NULL),
(4, 108, 'primary', 1, 0, '2020-04-15'),
(5, 9, 'primary', 1, 0, '2020-03-29'),
(5, 10, 'primary', 0, 0, '2020-03-29'),
(5, 11, 'primary', 0, 0, '2020-03-29'),
(5, 12, 'primary', 1, 0, '2020-04-28'),
(5, 36, 'primary', 1, 0, '2020-03-29'),
(5, 68, 'primary', 0, 0, '2020-03-29'),
(5, 118, 'primary', 0, 0, '2020-04-15'),
(5, 119, 'primary', 0, 0, '2020-04-15'),
(6, 13, 'primary', 0, 0, '2020-03-29'),
(6, 14, 'primary', 1, 0, '2020-03-29'),
(6, 15, 'primary', 0, 0, '2020-03-29'),
(6, 16, 'primary', 1, 0, '2020-03-29'),
(6, 17, 'primary', 0, 0, '2020-03-29'),
(6, 44, 'primary', 1, 0, '2020-04-26'),
(6, 46, 'primary', 1, 0, '2020-04-12'),
(6, 47, 'primary', 1, 0, '2020-04-12'),
(7, 9, 'primary', 0, 0, '2020-03-29'),
(7, 10, 'primary', 0, 0, '2020-03-29'),
(7, 18, 'primary', 0, 0, '2020-03-29'),
(7, 19, 'primary', 0, 0, '2020-03-29'),
(7, 20, 'primary', 0, 1, '2020-03-29'),
(7, 30, 'primary', 0, 0, '2020-06-21'),
(7, 31, 'primary', 0, 0, '2020-05-11'),
(7, 69, 'primary', 0, 0, '2020-04-15'),
(7, 103, 'primary', 0, 0, '2020-04-27'),
(7, 146, 'primary', 0, 0, '2020-05-11'),
(7, 216, 'primary', 1, 0, '2020-08-26'),
(7, 228, 'primary', 1, 0, '2020-10-22'),
(7, 233, 'primary', 0, 0, '2020-10-17'),
(7, 234, 'primary', 1, 0, '2020-08-26'),
(7, 240, 'primary', 1, 0, '2020-08-26'),
(7, 244, 'primary', 1, 0, '2020-11-18'),
(7, 254, 'primary', 0, 0, '2020-11-04'),
(7, 274, 'primary', 0, 0, '2020-11-11'),
(8, 7, 'primary', 0, 0, '2020-03-29'),
(8, 16, 'primary', 0, 0, '2020-03-29'),
(8, 21, 'primary', 0, 0, '2020-03-29'),
(8, 22, 'primary', 0, 0, '2020-03-29'),
(8, 23, 'primary', 0, 0, '2020-03-29'),
(8, 26, 'primary', 0, 0, '2020-04-19'),
(8, 108, 'primary', 0, 0, '2020-04-19'),
(8, 218, 'primary', 1, 0, '2020-09-01'),
(8, 220, 'primary', 0, 0, NULL),
(8, 221, 'primary', 0, 0, '2020-09-01'),
(8, 235, 'primary', 1, 0, NULL),
(8, 416, 'primary', 1, 0, '2020-12-02'),
(8, 453, 'primary', 1, 0, '2020-12-02'),
(9, 7, 'primary', 0, 0, '2020-03-29'),
(9, 8, 'primary', 0, 0, '2020-03-29'),
(9, 18, 'primary', 0, 0, '2020-03-29'),
(9, 21, 'primary', 0, 0, '2020-03-29'),
(9, 24, 'primary', 0, 0, '2020-03-29'),
(9, 25, 'primary', 0, 0, '2020-08-26'),
(9, 108, 'primary', 0, 0, '2020-04-15'),
(9, 220, 'primary', 0, 0, '2020-08-26'),
(9, 229, 'primary', 0, 0, '2020-08-26'),
(9, 235, 'primary', 0, 0, '2020-08-26'),
(9, 236, 'primary', 0, 0, '2020-08-26'),
(10, 6, 'primary', 0, 0, '2020-03-29'),
(10, 7, 'primary', 1, 0, '2020-03-29'),
(10, 8, 'primary', 0, 0, '2020-03-29'),
(10, 16, 'primary', 1, 0, '2020-05-06'),
(10, 21, 'primary', 0, 1, '2020-03-29'),
(10, 26, 'primary', 0, 0, '2020-03-29'),
(10, 108, 'primary', 0, 0, '2020-04-15'),
(10, 122, 'primary', 0, 0, '2020-04-15'),
(10, 218, 'primary', 1, 0, '2020-08-29'),
(10, 221, 'primary', 0, 0, '2020-08-29'),
(11, 7, 'primary', 0, 0, '2020-03-29'),
(11, 21, 'primary', 1, 0, '2020-03-29'),
(11, 24, 'primary', 0, 0, '2020-04-22'),
(11, 27, 'primary', 0, 0, '2020-03-29'),
(11, 28, 'primary', 0, 0, '2020-03-29'),
(11, 29, 'primary', 0, 0, '2020-03-29'),
(11, 108, 'primary', 0, 0, '2020-04-15'),
(11, 212, 'primary', 1, 0, '2020-08-28'),
(11, 217, 'primary', 0, 0, '2020-08-26'),
(11, 218, 'primary', 0, 0, '2020-08-26'),
(11, 220, 'primary', 1, 0, '2020-08-26'),
(11, 221, 'primary', 1, 0, '2020-08-26'),
(11, 273, 'primary', 1, 0, '2020-09-02'),
(12, 2, 'primary', 0, 0, '2020-03-29'),
(12, 9, 'primary', 1, 0, '2020-04-15'),
(12, 19, 'primary', 0, 0, '2020-03-29'),
(12, 20, 'primary', 0, 0, '2020-04-15'),
(12, 30, 'primary', 1, 0, '2020-04-15'),
(12, 31, 'primary', 0, 0, NULL),
(12, 34, 'primary', 0, 0, NULL),
(12, 35, 'primary', 1, 0, '2020-03-29'),
(12, 48, 'primary', 0, 0, '2020-03-29'),
(12, 84, 'primary', 1, 0, '2020-03-29'),
(13, 7, 'primary', 1, 0, '2020-04-15'),
(13, 8, 'primary', 0, 0, '2020-03-29'),
(13, 18, 'primary', 0, 0, '2020-03-29'),
(13, 21, 'primary', 1, 0, '2020-03-29'),
(13, 24, 'primary', 1, 0, '2020-05-06'),
(13, 26, 'primary', 1, 0, '2020-07-01'),
(13, 27, 'primary', 0, 0, '2020-03-29'),
(13, 28, 'primary', 0, 0, '2020-05-06'),
(13, 37, 'primary', 0, 0, '2020-03-29'),
(13, 108, 'primary', 0, 0, '2020-04-15'),
(14, 3, 'primary', 0, 0, '2020-03-29'),
(14, 9, 'primary', 0, 0, '2020-03-29'),
(14, 11, 'primary', 0, 0, '2020-07-26'),
(14, 20, 'primary', 0, 0, '2020-04-16'),
(14, 30, 'primary', 0, 0, '2020-03-29'),
(14, 35, 'primary', 0, 0, '2020-03-29'),
(14, 36, 'primary', 0, 0, '2020-03-29'),
(14, 67, 'primary', 0, 0, '2020-04-16'),
(14, 69, 'primary', 1, 0, '2020-07-26'),
(14, 215, 'primary', 1, 0, '2020-08-30'),
(14, 231, 'primary', 0, 0, NULL),
(14, 242, 'primary', 1, 0, '2020-08-30'),
(14, 254, 'primary', 1, 0, '2020-09-06'),
(14, 255, 'primary', 1, 0, '2020-08-30'),
(14, 263, 'primary', 0, 0, '2020-08-30'),
(15, 15, 'primary', 1, 0, '2020-04-26'),
(15, 16, 'primary', 0, 0, '2020-03-29'),
(15, 17, 'primary', 0, 0, '2020-03-29'),
(15, 43, 'primary', 0, 0, '2020-03-29'),
(15, 44, 'primary', 0, 0, '2020-03-29'),
(15, 45, 'primary', 0, 0, '2020-03-29'),
(15, 106, 'primary', 0, 0, '2020-05-14'),
(15, 110, 'primary', 1, 0, '2020-07-20'),
(15, 224, 'primary', 1, 0, '2020-08-30'),
(15, 227, 'primary', 1, 0, '2020-08-30'),
(15, 230, 'primary', 1, 0, '2020-08-30'),
(16, 14, 'primary', 0, 0, '2020-03-29'),
(16, 16, 'primary', 0, 0, '2020-07-08'),
(16, 43, 'primary', 1, 0, '2020-03-29'),
(16, 45, 'primary', 1, 0, '2020-03-29'),
(16, 46, 'primary', 0, 0, '2020-03-29'),
(16, 47, 'primary', 0, 0, '2020-03-29'),
(16, 65, 'primary', 0, 0, '2020-06-22'),
(16, 110, 'primary', 1, 0, '2020-06-22'),
(16, 140, 'primary', 0, 0, '2020-04-26'),
(17, 9, 'primary', 1, 0, '2020-04-29'),
(17, 31, 'primary', 0, 0, '2020-03-29'),
(17, 32, 'primary', 0, 0, '2020-03-29'),
(17, 36, 'primary', 0, 0, '2020-03-29'),
(17, 48, 'primary', 0, 0, '2020-03-29'),
(17, 54, 'primary', 1, 0, '2020-04-24'),
(17, 64, 'primary', 1, 0, '2020-04-24'),
(17, 95, 'primary', 1, 0, '2020-04-24'),
(17, 119, 'primary', 0, 0, '2020-04-19'),
(17, 146, 'primary', 0, 0, '2020-04-19'),
(18, 5, 'primary', 0, 0, '2020-03-29'),
(18, 6, 'primary', 0, 0, '2020-03-29'),
(18, 7, 'primary', 1, 0, '2020-05-07'),
(18, 16, 'primary', 0, 0, '2020-04-15'),
(18, 21, 'primary', 0, 0, '2020-03-29'),
(18, 26, 'primary', 0, 0, '2020-03-29'),
(18, 29, 'primary', 0, 0, '2020-03-29'),
(18, 47, 'primary', 0, 0, NULL),
(18, 110, 'primary', 0, 0, '2020-04-15'),
(18, 218, 'primary', 1, 0, '2020-08-30'),
(18, 221, 'primary', 1, 0, '2020-08-30'),
(18, 235, 'primary', 1, 0, '2020-08-30'),
(18, 239, 'primary', 1, 0, '2020-08-30'),
(19, 2, 'primary', 0, 0, '2020-04-22'),
(19, 9, 'primary', 1, 0, '2020-03-29'),
(19, 10, 'primary', 0, 0, '2020-03-29'),
(19, 19, 'primary', 0, 0, '2020-03-29'),
(19, 36, 'primary', 0, 0, '2020-03-29'),
(19, 49, 'primary', 0, 0, '2020-03-29'),
(19, 68, 'primary', 0, 0, '2020-04-29'),
(19, 87, 'primary', 0, 0, '2020-05-27'),
(19, 121, 'primary', 0, 0, '2020-04-15'),
(19, 211, 'primary', 0, 0, '2020-08-26'),
(19, 215, 'primary', 0, 0, '2020-08-26'),
(19, 216, 'primary', 1, 0, '2020-10-15'),
(19, 228, 'primary', 1, 0, '2020-11-26'),
(19, 242, 'primary', 0, 0, '2020-08-26'),
(19, 244, 'primary', 0, 0, '2020-08-26'),
(19, 277, 'primary', 0, 0, '2020-09-02'),
(19, 332, 'primary', 0, 0, '2020-10-20'),
(19, 385, 'primary', 1, 0, '2020-12-02'),
(19, 396, 'primary', 0, 0, '2020-12-02'),
(19, 418, 'primary', 0, 0, '2020-12-02'),
(19, 436, 'primary', 1, 0, '2020-12-03'),
(20, 3, 'primary', 0, 0, '2020-06-24'),
(20, 9, 'primary', 0, 0, '2020-03-29'),
(20, 11, 'primary', 0, 0, '2020-03-29'),
(20, 19, 'primary', 0, 0, '2020-03-29'),
(20, 20, 'primary', 1, 0, '2020-05-08'),
(20, 30, 'primary', 0, 0, '2020-03-29'),
(20, 36, 'primary', 1, 0, '2020-07-01'),
(20, 50, 'primary', 1, 0, '2020-03-29'),
(20, 69, 'primary', 1, 0, '2020-07-01'),
(20, 84, 'primary', 0, 0, '2020-04-21'),
(21, 9, 'primary', 0, 0, '2020-10-19'),
(21, 18, 'primary', 0, 0, '2020-03-29'),
(21, 25, 'primary', 0, 0, '2020-04-15'),
(21, 48, 'primary', 0, 0, '2020-03-29'),
(21, 51, 'primary', 0, 0, '2020-03-29'),
(21, 52, 'primary', 0, 0, '2020-03-29'),
(21, 53, 'primary', 0, 0, '2020-03-29'),
(21, 211, 'primary', 0, 0, '2020-11-08'),
(21, 246, 'primary', 0, 0, '2020-10-19'),
(21, 290, 'primary', 0, 0, '2020-10-19'),
(21, 293, 'primary', 0, 0, '2020-11-01'),
(21, 305, 'primary', 0, 0, '2020-10-19'),
(21, 309, 'primary', 0, 0, '2020-10-19'),
(21, 317, 'primary', 0, 0, '2020-11-01'),
(21, 350, 'primary', 1, 0, '2020-12-05'),
(21, 363, 'primary', 1, 0, '2020-12-05'),
(21, 366, 'primary', 1, 0, '2020-12-05'),
(21, 426, 'primary', 1, 0, '2020-12-05'),
(21, 444, 'primary', 1, 0, '2020-12-05'),
(22, 21, 'primary', 1, 0, '2020-03-29'),
(22, 25, 'primary', 1, 0, '2020-03-29'),
(22, 83, 'primary', 0, 0, '2020-03-29'),
(22, 108, 'primary', 1, 0, '2020-04-15'),
(22, 120, 'primary', 1, 0, '2020-04-15'),
(23, 2, 'primary', 0, 0, '2020-04-26'),
(23, 9, 'primary', 1, 0, '2020-04-30'),
(23, 10, 'primary', 1, 0, '2020-05-13'),
(23, 18, 'primary', 0, 0, '2020-03-29'),
(23, 19, 'primary', 0, 0, '2020-03-29'),
(23, 30, 'primary', 0, 0, '2020-08-26'),
(23, 36, 'primary', 0, 0, '2020-03-29'),
(23, 53, 'primary', 0, 0, '2020-05-13'),
(23, 54, 'primary', 0, 0, '2020-03-29'),
(23, 55, 'primary', 0, 0, '2020-03-29'),
(23, 64, 'primary', 0, 0, '2020-04-23'),
(23, 103, 'primary', 0, 0, '2020-04-15'),
(23, 216, 'primary', 1, 0, '2020-10-17'),
(23, 234, 'primary', 1, 0, '2020-08-26'),
(23, 240, 'primary', 1, 0, '2020-08-26'),
(23, 244, 'primary', 0, 0, '2020-08-26'),
(23, 253, 'primary', 0, 0, '2020-10-17'),
(23, 254, 'primary', 0, 0, '2020-10-25'),
(23, 274, 'primary', 0, 0, '2020-11-01'),
(23, 298, 'primary', 0, 0, '2020-11-04'),
(24, 2, 'primary', 0, 0, '2020-03-29'),
(24, 3, 'primary', 0, 0, '2020-05-10'),
(24, 4, 'primary', 0, 0, '2020-04-17'),
(24, 9, 'primary', 1, 0, '2020-03-29'),
(24, 20, 'primary', 0, 0, '2020-04-15'),
(24, 34, 'primary', 0, 0, '2020-04-17'),
(24, 35, 'primary', 0, 0, '2020-05-10'),
(24, 36, 'primary', 0, 0, '2020-05-25'),
(24, 51, 'primary', 0, 0, '2020-03-29'),
(24, 52, 'primary', 0, 0, '2020-03-29'),
(24, 56, 'primary', 0, 0, '2020-03-29'),
(24, 69, 'primary', 0, 0, '2020-06-26'),
(24, 119, 'primary', 0, 0, '2020-05-10'),
(24, 146, 'primary', 0, 0, '2020-05-10'),
(24, 231, 'primary', 0, 0, '2020-08-26'),
(24, 242, 'primary', 0, 0, '2020-08-26'),
(24, 243, 'primary', 1, 0, '2020-08-26'),
(24, 254, 'primary', 0, 0, '2020-10-21'),
(24, 292, 'primary', 1, 0, '2020-10-21'),
(24, 309, 'primary', 1, 0, '2020-10-21'),
(25, 3, 'primary', 0, 0, '2020-03-29'),
(25, 9, 'primary', 0, 0, '2020-05-08'),
(25, 18, 'primary', 0, 0, '2020-03-29'),
(25, 20, 'primary', 0, 0, '2020-06-26'),
(25, 30, 'primary', 0, 0, '2020-03-29'),
(25, 36, 'primary', 0, 0, '2020-05-05'),
(25, 49, 'primary', 0, 0, '2020-04-23'),
(25, 50, 'primary', 0, 0, '2020-03-29'),
(25, 51, 'primary', 0, 0, '2020-06-14'),
(25, 52, 'primary', 0, 0, '2020-06-26'),
(25, 56, 'primary', 0, 0, '2020-06-07'),
(25, 57, 'primary', 0, 0, '2020-03-29'),
(25, 146, 'primary', 0, 0, '2020-06-22'),
(25, 192, 'primary', 0, 0, '2020-06-07'),
(25, 243, 'primary', 0, 0, '2020-09-15'),
(25, 245, 'primary', 0, 0, '2020-09-15'),
(25, 246, 'primary', 1, 0, '2020-10-28'),
(25, 274, 'primary', 1, 0, '2020-10-28'),
(25, 281, 'primary', 1, 0, '2020-10-28'),
(25, 288, 'primary', 0, 0, '2020-09-24'),
(25, 290, 'primary', 0, 0, '2020-10-28'),
(25, 292, 'primary', 1, 0, '2020-09-15'),
(25, 293, 'primary', 0, 0, '2020-09-15'),
(25, 305, 'primary', 0, 0, '2020-09-24'),
(26, 11, 'primary', 1, 0, '2020-03-29'),
(26, 32, 'primary', 0, 0, '2020-03-29'),
(26, 35, 'primary', 1, 0, '2020-03-29'),
(26, 36, 'primary', 1, 0, '2020-03-29'),
(26, 56, 'primary', 0, 0, NULL),
(26, 58, 'primary', 1, 0, '2020-03-29'),
(26, 117, 'primary', 1, 0, '2020-04-19'),
(27, 9, 'primary', 1, 0, '2020-08-28'),
(27, 18, 'primary', 0, 0, '2020-03-29'),
(27, 20, 'primary', 0, 1, NULL),
(27, 34, 'primary', 0, 1, '2020-03-29'),
(27, 35, 'primary', 0, 0, NULL),
(27, 36, 'primary', 0, 0, NULL),
(27, 37, 'primary', 0, 0, '2020-03-29'),
(27, 53, 'primary', 0, 0, '2020-03-29'),
(27, 59, 'primary', 0, 0, '2020-03-29'),
(27, 241, 'primary', 1, 0, '2020-08-28'),
(27, 245, 'primary', 1, 0, '2020-08-28'),
(27, 246, 'primary', 1, 0, '2020-08-28'),
(27, 274, 'primary', 1, 0, '2020-10-19'),
(28, 9, 'primary', 1, 0, '2020-03-29'),
(28, 10, 'primary', 1, 0, '2020-03-29'),
(28, 18, 'primary', 0, 0, '2020-04-15'),
(28, 20, 'primary', 0, 0, '2020-03-29'),
(28, 30, 'primary', 0, 0, '2020-03-29'),
(28, 31, 'primary', 0, 0, '2020-05-02'),
(28, 36, 'primary', 0, 0, '2020-04-29'),
(28, 51, 'primary', 1, 0, '2020-06-17'),
(28, 69, 'primary', 1, 0, '2020-04-30'),
(28, 119, 'primary', 0, 0, '2020-04-22'),
(29, 5, 'primary', 1, 0, '2020-03-29'),
(29, 14, 'primary', 0, 0, '2020-03-29'),
(29, 45, 'primary', 1, 0, '2020-03-29'),
(29, 46, 'primary', 1, 0, '2020-03-29'),
(29, 60, 'primary', 0, 0, '2020-03-29'),
(30, 2, 'primary', 0, 0, '2020-03-29'),
(30, 9, 'primary', 0, 0, '2020-03-29'),
(30, 19, 'primary', 0, 0, '2020-03-29'),
(30, 56, 'primary', 0, 0, '2020-04-29'),
(30, 61, 'primary', 0, 0, '2020-03-29'),
(30, 93, 'primary', 0, 0, '2020-03-29'),
(30, 121, 'primary', 0, 0, '2020-05-01'),
(30, 142, 'primary', 0, 0, '2020-04-16'),
(30, 145, 'primary', 0, 0, '2020-04-16'),
(30, 211, 'primary', 0, 0, '2020-08-26'),
(30, 213, 'primary', 0, 0, '2020-08-26'),
(30, 214, 'primary', 0, 0, '2020-08-26'),
(30, 215, 'primary', 1, 0, '2020-08-26'),
(30, 216, 'primary', 1, 0, '2020-08-26'),
(30, 244, 'primary', 0, 0, '2020-10-22'),
(30, 277, 'primary', 0, 0, '2020-10-22'),
(31, 18, 'primary', 0, 0, NULL),
(31, 40, 'primary', 1, 0, '2020-03-29'),
(31, 55, 'primary', 1, 0, '2020-03-29'),
(31, 62, 'primary', 1, 0, '2020-03-29'),
(31, 63, 'primary', 1, 0, '2020-03-29'),
(31, 64, 'primary', 1, 0, '2020-03-29'),
(32, 5, 'primary', 1, 0, '2020-03-29'),
(32, 7, 'primary', 1, 0, '2020-03-29'),
(32, 8, 'primary', 1, 0, '2020-03-29'),
(32, 21, 'primary', 1, 0, '2020-03-29'),
(33, 13, 'primary', 1, 0, '2020-03-29'),
(33, 27, 'primary', 1, 0, '2020-03-29'),
(33, 65, 'primary', 1, 0, '2020-03-29'),
(35, 2, 'primary', 1, 0, '2020-05-11'),
(35, 3, 'primary', 0, 0, '2020-04-20'),
(35, 19, 'primary', 0, 0, '2020-04-15'),
(35, 31, 'primary', 0, 0, '2020-03-29'),
(35, 32, 'primary', 0, 0, '2020-03-29'),
(35, 34, 'primary', 1, 0, '2020-04-15'),
(35, 36, 'primary', 1, 0, '2020-03-29'),
(35, 50, 'primary', 1, 0, '2020-03-29'),
(35, 66, 'primary', 0, 0, NULL),
(35, 67, 'primary', 0, 0, '2020-03-29'),
(35, 72, 'primary', 0, 0, NULL),
(35, 84, 'primary', 1, 0, '2020-05-14'),
(35, 126, 'primary', 0, 0, '2020-04-15'),
(36, 2, 'primary', 0, 0, '2020-05-06'),
(36, 9, 'primary', 0, 0, '2020-03-29'),
(36, 10, 'primary', 1, 0, '2020-06-07'),
(36, 18, 'primary', 0, 0, '2020-05-06'),
(36, 36, 'primary', 0, 0, '2020-03-29'),
(36, 51, 'primary', 0, 0, '2020-06-07'),
(36, 55, 'primary', 0, 0, NULL),
(36, 62, 'primary', 0, 0, '2020-03-29'),
(36, 68, 'primary', 0, 0, '2020-03-29'),
(36, 69, 'primary', 0, 0, '2020-03-29'),
(36, 215, 'primary', 1, 0, '2020-08-28'),
(36, 240, 'primary', 1, 0, '2020-08-28'),
(36, 241, 'primary', 0, 0, '2020-08-28'),
(36, 242, 'primary', 1, 0, '2020-10-31'),
(36, 249, 'primary', 1, 0, '2020-08-28'),
(36, 254, 'primary', 0, 0, '2020-08-28'),
(37, 13, 'primary', 0, 0, '2020-03-29'),
(37, 14, 'primary', 1, 0, '2020-03-29'),
(37, 16, 'primary', 1, 0, '2020-04-12'),
(37, 45, 'primary', 1, 0, '2020-03-29'),
(37, 63, 'primary', 1, 0, '2020-04-15'),
(37, 106, 'primary', 1, 0, '2020-04-12'),
(38, 13, 'primary', 0, 0, '2020-03-29'),
(38, 14, 'primary', 0, 0, '2020-03-29'),
(38, 15, 'primary', 1, 0, '2020-04-15'),
(38, 43, 'primary', 1, 0, '2020-04-15'),
(38, 47, 'primary', 0, 0, '2020-03-29'),
(38, 65, 'primary', 0, 0, '2020-03-29'),
(38, 70, 'primary', 0, 0, '2020-03-29'),
(38, 85, 'primary', 1, 0, '2020-04-15'),
(38, 106, 'primary', 1, 0, '2020-04-15'),
(38, 107, 'primary', 0, 0, '2020-04-15'),
(39, 2, 'primary', 0, 0, '2020-04-21'),
(39, 9, 'primary', 1, 0, '2020-05-06'),
(39, 32, 'primary', 0, 0, NULL),
(39, 40, 'primary', 0, 0, '2020-03-29'),
(39, 48, 'primary', 0, 0, '2020-04-21'),
(39, 63, 'primary', 0, 0, '2020-03-29'),
(39, 64, 'primary', 0, 0, '2020-03-29'),
(39, 68, 'primary', 0, 0, '2020-03-29'),
(39, 69, 'primary', 1, 0, '2020-04-24'),
(40, 5, 'primary', 0, 0, '2020-03-29'),
(40, 6, 'primary', 0, 0, '2020-03-29'),
(40, 8, 'primary', 0, 0, '2020-03-29'),
(40, 24, 'primary', 0, 0, '2020-03-29'),
(40, 26, 'primary', 0, 0, '2020-03-29'),
(41, 13, 'primary', 0, 0, '2020-05-03'),
(41, 14, 'primary', 0, 0, '2020-05-03'),
(41, 17, 'primary', 0, 0, '2020-05-03'),
(41, 162, 'primary', 0, 0, '2020-05-03'),
(44, 3, 'primary', 0, 0, '2020-04-15'),
(44, 7, 'primary', 0, 0, NULL),
(44, 35, 'primary', 0, 0, '2020-04-15'),
(44, 48, 'primary', 0, 0, '2020-04-15'),
(44, 50, 'primary', 0, 0, '2020-04-21'),
(44, 84, 'primary', 0, 0, '2020-04-15'),
(44, 123, 'primary', 0, 0, '2020-04-15'),
(44, 125, 'primary', 0, 0, '2020-08-28'),
(44, 126, 'primary', 0, 0, '2020-04-21'),
(44, 163, 'primary', 0, 0, '2020-08-28'),
(44, 231, 'primary', 1, 0, '2020-09-02'),
(44, 240, 'primary', 1, 0, '2020-08-28'),
(44, 255, 'primary', 1, 0, '2020-08-28'),
(44, 274, 'primary', 1, 0, '2020-09-02'),
(45, 6, 'primary', 0, 0, '2020-07-01'),
(45, 7, 'primary', 0, 0, '2020-04-27'),
(45, 8, 'primary', 0, 0, '2020-03-29'),
(45, 16, 'primary', 0, 0, '2020-07-12'),
(45, 21, 'primary', 0, 0, '2020-03-29'),
(45, 23, 'primary', 0, 0, '2020-03-29'),
(45, 24, 'primary', 0, 0, '2020-03-29'),
(45, 39, 'primary', 0, 0, '2020-03-29'),
(45, 108, 'primary', 0, 0, '2020-05-27'),
(45, 229, 'primary', 0, 0, '2020-09-09'),
(45, 235, 'primary', 0, 0, '2020-08-26'),
(45, 236, 'primary', 0, 0, '2020-08-26'),
(45, 237, 'primary', 0, 0, '2020-08-26'),
(45, 238, 'primary', 0, 0, '2020-08-26'),
(45, 239, 'primary', 0, 0, '2020-08-26'),
(45, 354, 'primary', 1, 0, '2020-12-06'),
(45, 416, 'primary', 1, 0, '2020-12-06'),
(45, 453, 'primary', 1, 0, '2020-12-06'),
(45, 457, 'primary', 1, 0, '2020-12-06'),
(45, 467, 'primary', 1, 0, '2020-12-06'),
(50, 15, 'primary', 0, 0, '2020-04-22'),
(50, 16, 'primary', 0, 0, '2020-05-06'),
(50, 17, 'primary', 0, 0, '2020-07-01'),
(50, 43, 'primary', 0, 0, '2020-04-22'),
(50, 46, 'primary', 0, 0, '2020-04-22'),
(50, 47, 'primary', 0, 0, '2020-07-01'),
(50, 91, 'primary', 0, 0, '2020-04-22'),
(50, 92, 'primary', 0, 0, '2020-04-22'),
(50, 110, 'primary', 0, 0, '2020-07-15'),
(50, 222, 'primary', 1, 0, '2020-09-02'),
(50, 223, 'primary', 1, 0, '2020-09-02'),
(50, 224, 'primary', 1, 0, '2020-10-17'),
(50, 227, 'primary', 1, 0, '2020-10-17'),
(50, 230, 'primary', 1, 0, '2020-10-17'),
(50, 262, 'primary', 0, 0, '2020-09-02'),
(51, 9, 'primary', 0, 0, '2020-04-01'),
(51, 34, 'primary', 0, 0, '2020-04-01'),
(51, 84, 'primary', 0, 0, NULL),
(51, 126, 'primary', 0, 0, NULL),
(51, 127, 'primary', 0, 0, NULL),
(52, 14, 'primary', 0, 0, '2020-04-01'),
(52, 15, 'primary', 0, 0, '2020-06-07'),
(52, 38, 'primary', 0, 0, NULL),
(52, 43, 'primary', 0, 0, '2020-04-01'),
(52, 45, 'primary', 0, 0, '2020-04-01'),
(52, 46, 'primary', 0, 0, '2020-04-01'),
(52, 47, 'primary', 0, 0, '2020-04-01'),
(52, 222, 'primary', 1, 0, '2020-08-30'),
(52, 223, 'primary', 0, 0, '2020-08-30'),
(52, 224, 'primary', 0, 0, '2020-08-30'),
(52, 226, 'primary', 1, 0, '2020-08-30'),
(52, 227, 'primary', 1, 0, '2020-11-08'),
(52, 230, 'primary', 0, 0, '2020-10-21'),
(52, 319, 'primary', 0, 0, '2020-11-04'),
(52, 365, 'primary', 1, 0, '2020-12-06'),
(52, 424, 'primary', 1, 0, '2020-12-06'),
(53, 14, 'primary', 1, 0, '2020-04-05'),
(53, 16, 'primary', 0, 0, '2020-04-05'),
(53, 43, 'primary', 1, 0, '2020-04-05'),
(53, 45, 'primary', 0, 0, '2020-04-05'),
(53, 46, 'primary', 1, 0, '2020-04-05'),
(53, 88, 'primary', 0, 0, '2020-05-29'),
(53, 89, 'primary', 1, 0, '2020-06-01'),
(53, 106, 'primary', 1, 0, '2020-05-06'),
(55, 13, 'primary', 1, 0, '2020-04-05'),
(55, 45, 'primary', 1, 0, '2020-05-24'),
(55, 46, 'primary', 1, 0, '2020-04-05'),
(55, 47, 'primary', 1, 0, '2020-04-05'),
(55, 81, 'primary', 0, 0, '2020-04-05'),
(55, 88, 'primary', 0, 0, '2020-04-05'),
(55, 106, 'primary', 1, 0, '2020-04-22'),
(56, 5, 'primary', 0, 0, '2020-07-01'),
(56, 6, 'primary', 0, 0, '2020-06-01'),
(56, 7, 'primary', 0, 0, '2020-11-23'),
(56, 8, 'primary', 0, 0, '2020-04-08'),
(56, 17, 'primary', 0, 0, '2020-05-01'),
(56, 21, 'primary', 0, 0, '2020-04-15'),
(56, 23, 'primary', 0, 0, '2020-04-08'),
(56, 24, 'primary', 0, 0, '2020-04-08'),
(56, 26, 'primary', 0, 0, '2020-07-26'),
(56, 51, 'primary', 0, 0, '2020-04-15'),
(56, 91, 'primary', 0, 0, '2020-05-01'),
(56, 94, 'primary', 0, 0, '2020-05-01'),
(56, 108, 'primary', 0, 0, '2020-04-15'),
(56, 218, 'primary', 1, 0, '2020-08-30'),
(56, 220, 'primary', 1, 0, '2020-08-30'),
(56, 221, 'primary', 0, 0, '2020-11-23'),
(56, 235, 'primary', 0, 0, '2020-10-20'),
(56, 239, 'primary', 0, 0, '2020-08-30'),
(56, 264, 'primary', 0, 0, '2020-08-30'),
(56, 354, 'primary', 1, 0, '2020-12-06'),
(56, 402, 'primary', 1, 0, '2020-12-06'),
(56, 420, 'primary', 1, 0, '2020-12-06'),
(59, 2, 'primary', 0, 0, NULL),
(59, 18, 'primary', 0, 0, NULL),
(59, 31, 'primary', 0, 0, '2020-05-05'),
(59, 32, 'primary', 0, 0, '2020-05-05'),
(59, 42, 'primary', 0, 0, '2020-05-01'),
(59, 63, 'primary', 0, 0, '2020-05-01'),
(59, 69, 'primary', 0, 0, '2020-05-01'),
(59, 103, 'primary', 0, 0, NULL),
(60, 9, 'primary', 0, 0, '2020-05-25'),
(60, 10, 'primary', 1, 0, '2020-05-25'),
(60, 37, 'primary', 0, 0, '2020-04-15'),
(60, 58, 'primary', 0, 0, '2020-05-25'),
(60, 68, 'primary', 0, 0, '2020-04-15'),
(60, 125, 'primary', 0, 0, '2020-04-15'),
(60, 233, 'primary', 0, 0, '2020-09-06'),
(60, 254, 'primary', 0, 0, '2020-11-01'),
(60, 274, 'primary', 0, 0, '2020-11-01'),
(60, 296, 'primary', 0, 0, '2020-10-21'),
(60, 318, 'primary', 1, 0, '2020-10-21'),
(61, 8, 'primary', 1, 0, '2020-05-02'),
(61, 13, 'primary', 0, 0, NULL),
(61, 23, 'primary', 1, 0, '2020-05-02'),
(61, 39, 'primary', 0, 0, NULL),
(61, 48, 'primary', 0, 0, '2020-05-02'),
(61, 94, 'primary', 0, 0, '2020-05-02'),
(61, 110, 'primary', 1, 0, '2020-05-02'),
(62, 3, 'primary', 0, 0, NULL),
(62, 9, 'primary', 0, 0, NULL),
(62, 35, 'primary', 0, 0, NULL),
(62, 119, 'primary', 0, 0, NULL),
(62, 146, 'primary', 0, 0, NULL),
(62, 163, 'primary', 0, 0, '2020-04-28'),
(62, 165, 'primary', 0, 0, '2020-04-28'),
(62, 166, 'primary', 0, 0, '2020-04-28'),
(64, 8, 'primary', 0, 0, '2020-05-24'),
(64, 11, 'primary', 0, 0, NULL),
(64, 24, 'primary', 0, 0, '2020-05-24'),
(64, 63, 'primary', 0, 0, '2020-05-24'),
(64, 108, 'primary', 0, 0, NULL),
(65, 31, 'primary', 0, 0, '2020-05-02'),
(65, 32, 'primary', 1, 0, '2020-05-02'),
(65, 35, 'primary', 1, 0, '2020-05-02'),
(65, 48, 'primary', 1, 0, '2020-05-02'),
(65, 75, 'primary', 1, 0, '2020-05-02'),
(66, 14, 'primary', 0, 0, '2020-06-03'),
(66, 16, 'primary', 1, 0, '2020-08-28'),
(66, 45, 'primary', 0, 0, '2020-06-03'),
(66, 46, 'primary', 0, 0, '2020-06-03'),
(66, 91, 'primary', 0, 0, '2020-06-03'),
(66, 151, 'primary', 0, 0, '2020-06-03'),
(66, 222, 'primary', 1, 0, '2020-08-28'),
(66, 223, 'primary', 1, 0, '2020-08-28'),
(66, 224, 'primary', 1, 0, '2020-08-28'),
(66, 230, 'primary', 1, 0, '2020-08-28'),
(68, 7, 'primary', 1, 0, '2020-09-15'),
(68, 16, 'primary', 1, 0, '2020-06-24'),
(68, 21, 'primary', 0, 1, '2020-06-24'),
(68, 23, 'primary', 0, 0, '2020-06-24'),
(68, 108, 'primary', 0, 0, '2020-05-21'),
(68, 109, 'primary', 0, 0, '2020-05-21'),
(68, 110, 'primary', 0, 0, '2020-05-21'),
(68, 142, 'primary', 0, 0, '2020-05-21'),
(68, 218, 'primary', 1, 0, '2020-09-15'),
(68, 221, 'primary', 1, 0, '2020-09-15'),
(70, 13, 'primary', 0, 0, '2020-04-26'),
(70, 14, 'primary', 0, 0, '2020-04-26'),
(70, 15, 'primary', 0, 0, '2020-04-26'),
(70, 16, 'primary', 0, 0, '2020-04-26'),
(70, 43, 'primary', 0, 0, '2020-05-06'),
(70, 45, 'primary', 0, 0, '2020-06-07'),
(70, 46, 'primary', 0, 0, '2020-05-14'),
(70, 47, 'primary', 0, 0, '2020-04-26'),
(70, 110, 'primary', 0, 0, '2020-06-07'),
(70, 222, 'primary', 1, 0, '2020-08-26'),
(70, 223, 'primary', 1, 0, '2020-08-26'),
(70, 224, 'primary', 1, 0, '2020-08-26'),
(70, 225, 'primary', 0, 0, '2020-08-26'),
(70, 227, 'primary', 1, 0, '2020-08-26'),
(70, 230, 'primary', 1, 0, '2020-10-19'),
(70, 284, 'primary', 0, 0, '2020-09-16'),
(73, 5, 'primary', 0, 1, '2020-07-22'),
(73, 14, 'primary', 0, 0, '2020-04-29'),
(73, 15, 'primary', 0, 0, '2020-06-07'),
(73, 17, 'primary', 0, 0, '2020-04-29'),
(73, 24, 'primary', 0, 0, NULL),
(73, 45, 'primary', 0, 0, '2020-05-27'),
(73, 46, 'primary', 0, 0, '2020-06-28'),
(73, 47, 'primary', 0, 0, '2020-06-07'),
(73, 89, 'primary', 0, 0, '2020-04-29'),
(73, 106, 'primary', 0, 0, '2020-05-27'),
(73, 155, 'primary', 0, 0, NULL),
(73, 161, 'primary', 0, 0, '2020-04-29'),
(73, 162, 'primary', 0, 0, '2020-04-29'),
(73, 227, 'primary', 0, 0, '2020-10-30'),
(73, 230, 'primary', 0, 0, '2020-10-30'),
(73, 367, 'primary', 1, 0, '2020-12-03'),
(73, 378, 'primary', 1, 0, '2020-12-03'),
(73, 437, 'primary', 1, 0, '2020-12-03'),
(73, 446, 'primary', 1, 0, '2020-12-03'),
(75, 9, 'primary', 0, 0, '2020-05-07'),
(75, 10, 'primary', 0, 0, '2020-05-07'),
(75, 11, 'primary', 0, 0, '2020-05-07'),
(75, 118, 'primary', 0, 0, '2020-05-07'),
(75, 119, 'primary', 0, 0, '2020-05-07'),
(75, 228, 'primary', 1, 0, '2020-12-03'),
(75, 233, 'primary', 1, 0, '2020-12-03'),
(75, 349, 'primary', 1, 0, '2020-12-03'),
(75, 362, 'primary', 1, 0, '2020-12-03'),
(75, 370, 'primary', 1, 0, '2020-12-03'),
(77, 40, 'primary', 1, 0, '2020-04-28'),
(77, 55, 'primary', 0, 0, '2020-04-28'),
(77, 63, 'primary', 1, 0, '2020-04-28'),
(77, 64, 'primary', 1, 0, '2020-04-28'),
(77, 163, 'primary', 1, 0, '2020-04-28'),
(78, 42, 'primary', 0, 0, '2020-04-30'),
(78, 95, 'primary', 0, 0, '2020-04-30'),
(78, 186, 'primary', 1, 0, '2020-06-01'),
(85, 55, 'primary', 0, 0, '2020-05-07'),
(85, 62, 'primary', 0, 0, '2020-05-07'),
(85, 68, 'primary', 0, 0, '2020-05-07'),
(87, 40, 'primary', 0, 0, '2020-05-05'),
(87, 41, 'primary', 0, 0, '2020-05-05'),
(87, 42, 'primary', 0, 0, '2020-05-05'),
(87, 54, 'primary', 0, 0, '2020-07-17'),
(87, 64, 'primary', 0, 0, '2020-05-05'),
(87, 73, 'primary', 0, 0, '2020-07-17'),
(87, 77, 'primary', 0, 0, '2020-07-17'),
(87, 95, 'primary', 0, 0, '2020-05-05'),
(87, 186, 'primary', 0, 0, NULL),
(89, 32, 'primary', 0, 0, '2020-05-19'),
(89, 35, 'primary', 0, 0, '2020-05-19'),
(89, 36, 'primary', 0, 0, '2020-05-19'),
(89, 69, 'primary', 0, 0, '2020-05-19'),
(89, 165, 'primary', 0, 0, '2020-05-19'),
(90, 15, 'primary', 1, 0, '2020-06-07'),
(90, 16, 'primary', 1, 0, '2020-06-07'),
(90, 17, 'primary', 0, 0, '2020-05-06'),
(90, 38, 'primary', 0, 0, '2020-05-06'),
(90, 43, 'primary', 1, 0, '2020-07-22'),
(90, 45, 'primary', 1, 0, '2020-06-07'),
(90, 46, 'primary', 1, 0, '2020-06-07'),
(90, 47, 'primary', 0, 0, '2020-05-06'),
(90, 89, 'primary', 0, 0, '2020-06-03'),
(90, 91, 'primary', 0, 0, '2020-05-13'),
(90, 106, 'primary', 0, 0, '2020-05-06'),
(90, 162, 'primary', 0, 0, '2020-07-01'),
(92, 42, 'primary', 0, 0, '2020-05-10'),
(92, 54, 'primary', 0, 0, '2020-05-10'),
(92, 64, 'primary', 0, 0, '2020-05-10'),
(92, 71, 'primary', 0, 0, '2020-05-15'),
(92, 73, 'primary', 0, 0, '2020-05-10'),
(92, 158, 'primary', 0, 0, '2020-05-10'),
(93, 9, 'primary', 1, 0, '2020-06-28'),
(93, 10, 'primary', 0, 0, '2020-05-22'),
(93, 36, 'primary', 0, 0, '2020-06-28'),
(93, 118, 'primary', 0, 0, '2020-05-22'),
(93, 119, 'primary', 0, 0, '2020-05-22'),
(93, 228, 'primary', 1, 0, '2020-08-26'),
(93, 231, 'primary', 1, 0, '2020-08-26'),
(93, 232, 'primary', 0, 0, '2020-08-26'),
(93, 233, 'primary', 1, 0, '2020-08-26'),
(97, 9, 'primary', 1, 0, '2020-08-26'),
(97, 18, 'primary', 0, 0, '2020-07-22'),
(97, 20, 'primary', 1, 0, '2020-07-22'),
(97, 25, 'primary', 0, 0, '2020-07-22'),
(97, 27, 'primary', 0, 0, '2020-07-22'),
(97, 30, 'primary', 1, 0, '2020-08-26'),
(97, 31, 'primary', 0, 0, '2020-05-24'),
(97, 32, 'primary', 0, 0, '2020-05-24'),
(97, 36, 'primary', 1, 0, '2020-08-26'),
(97, 42, 'primary', 0, 0, '2020-06-07'),
(97, 55, 'primary', 0, 0, '2020-05-24'),
(97, 63, 'primary', 0, 0, '2020-06-07'),
(97, 64, 'primary', 0, 0, '2020-05-24'),
(97, 95, 'primary', 0, 0, '2020-05-24'),
(97, 103, 'primary', 0, 0, '2020-07-22'),
(97, 234, 'primary', 1, 0, '2020-08-26'),
(99, 15, 'primary', 0, 0, '2020-06-07'),
(99, 16, 'primary', 0, 0, '2020-06-07'),
(99, 44, 'primary', 0, 0, '2020-06-07'),
(99, 45, 'primary', 0, 0, '2020-06-07'),
(99, 46, 'primary', 1, 0, '2020-08-29'),
(99, 106, 'primary', 0, 0, '2020-06-07'),
(99, 222, 'primary', 0, 0, '2020-10-17'),
(99, 223, 'primary', 0, 0, '2020-08-29'),
(99, 224, 'primary', 0, 0, '2020-10-17'),
(99, 226, 'primary', 0, 0, '2020-11-21'),
(99, 227, 'primary', 0, 0, '2020-11-21'),
(99, 230, 'primary', 0, 0, '2020-08-29'),
(99, 365, 'primary', 1, 0, '2020-12-06'),
(99, 369, 'primary', 1, 0, '2020-12-06'),
(99, 389, 'primary', 1, 0, '2020-12-06'),
(99, 442, 'primary', 1, 0, '2020-12-06'),
(100, 2, 'primary', 0, 0, '2020-06-08'),
(100, 3, 'primary', 0, 0, '2020-06-07'),
(100, 9, 'primary', 1, 1, '2020-06-07'),
(100, 19, 'primary', 1, 0, '2020-06-22'),
(100, 20, 'primary', 1, 0, '2020-06-07'),
(100, 30, 'primary', 1, 0, '2020-06-07'),
(100, 35, 'primary', 0, 0, '2020-06-07'),
(100, 69, 'primary', 1, 0, '2020-06-08'),
(101, 16, 'primary', 1, 0, '2020-10-21'),
(101, 38, 'primary', 0, 0, '2020-06-28'),
(101, 45, 'primary', 1, 0, '2020-10-21'),
(101, 46, 'primary', 1, 0, '2020-10-21'),
(101, 48, 'primary', 0, 0, '2020-06-28'),
(101, 54, 'primary', 0, 0, '2020-06-28'),
(101, 65, 'primary', 0, 0, '2020-06-28'),
(101, 70, 'primary', 0, 0, '2020-06-28'),
(101, 226, 'primary', 1, 0, '2020-10-21'),
(101, 319, 'primary', 1, 0, '2020-10-21'),
(102, 9, 'primary', 1, 0, NULL),
(102, 68, 'primary', 1, 0, NULL),
(102, 216, 'primary', 1, 0, NULL),
(102, 240, 'primary', 1, 0, NULL),
(102, 241, 'primary', 1, 0, NULL),
(106, 9, 'primary', 1, 0, '2020-06-24'),
(106, 36, 'primary', 0, 0, '2020-06-24'),
(106, 68, 'primary', 0, 0, '2020-06-24'),
(106, 98, 'primary', 1, 0, '2020-06-24'),
(106, 103, 'primary', 0, 0, '2020-06-24'),
(106, 216, 'primary', 1, 0, '2020-08-30'),
(106, 240, 'primary', 1, 0, '2020-08-30'),
(106, 241, 'primary', 1, 0, '2020-08-30'),
(108, 31, 'primary', 0, 0, '2020-08-24'),
(108, 32, 'primary', 0, 0, '2020-08-24'),
(109, 3, 'primary', 0, 0, '2020-07-22'),
(109, 11, 'primary', 0, 0, '2020-06-21'),
(109, 20, 'primary', 1, 0, '2020-07-15'),
(109, 30, 'primary', 1, 0, '2020-06-21'),
(109, 32, 'primary', 0, 0, '2020-06-21'),
(109, 35, 'primary', 0, 0, '2020-06-21'),
(109, 69, 'primary', 0, 0, '2020-06-21'),
(109, 234, 'primary', 1, 0, '2020-09-02'),
(109, 242, 'primary', 1, 0, '2020-08-30'),
(109, 263, 'primary', 1, 0, '2020-08-30'),
(110, 14, 'primary', 0, 0, '2020-07-17'),
(110, 38, 'primary', 0, 0, '2020-07-17'),
(110, 63, 'primary', 0, 0, '2020-07-17'),
(110, 65, 'primary', 0, 0, '2020-07-17'),
(112, 16, 'primary', 0, 0, '2020-10-19'),
(112, 46, 'primary', 0, 1, '2020-10-19'),
(112, 223, 'primary', 0, 0, '2020-11-05'),
(112, 224, 'primary', 1, 0, '2020-11-05'),
(112, 226, 'primary', 0, 0, '2020-10-19'),
(112, 227, 'primary', 0, 0, '2020-11-25'),
(112, 230, 'primary', 1, 0, '2020-10-19'),
(112, 284, 'primary', 0, 0, '2020-10-19'),
(112, 311, 'primary', 0, 0, '2020-10-22'),
(112, 319, 'primary', 0, 0, '2020-11-25'),
(112, 365, 'primary', 1, 0, '2020-12-02'),
(112, 369, 'primary', 0, 0, '2020-12-02'),
(112, 401, 'primary', 1, 0, '2020-12-02'),
(112, 424, 'primary', 1, 0, '2020-12-02'),
(118, 7, 'primary', 0, 0, '2020-07-08'),
(118, 18, 'primary', 0, 0, '2020-07-08'),
(118, 21, 'primary', 1, 0, '2020-07-08'),
(118, 25, 'primary', 0, 0, '2020-07-08'),
(118, 108, 'primary', 0, 0, '2020-07-08'),
(118, 218, 'primary', 1, 0, '2020-09-06'),
(118, 235, 'primary', 0, 0, '2020-09-06'),
(118, 236, 'primary', 1, 0, '2020-09-06'),
(118, 238, 'primary', 0, 0, '2020-10-21'),
(118, 267, 'primary', 0, 0, NULL),
(118, 328, 'primary', 1, 0, '2020-11-08'),
(121, 14, 'primary', 0, 0, '2020-09-01'),
(121, 47, 'primary', 0, 0, '2020-07-02'),
(121, 161, 'primary', 0, 0, '2020-07-02'),
(121, 162, 'primary', 0, 0, '2020-07-02'),
(126, 46, 'primary', 1, 0, '2020-07-17'),
(126, 106, 'primary', 1, 0, '2020-07-17'),
(126, 107, 'primary', 1, 0, '2020-07-17'),
(126, 151, 'primary', 1, 0, '2020-07-17'),
(127, 11, 'primary', 1, 0, '2020-07-20'),
(127, 36, 'primary', 1, 0, '2020-07-20'),
(127, 42, 'primary', 1, 0, '2020-07-20'),
(127, 62, 'primary', 1, 0, '2020-07-20'),
(127, 63, 'primary', 1, 0, '2020-07-20'),
(130, 9, 'primary', 1, 0, '2020-08-12'),
(131, 43, 'primary', 1, 0, '2020-10-27'),
(131, 46, 'primary', 1, 0, '2020-10-27'),
(131, 223, 'primary', 0, 0, '2020-10-22'),
(131, 224, 'primary', 1, 0, '2020-10-22'),
(131, 230, 'primary', 0, 0, '2020-10-22'),
(131, 283, 'primary', 1, 0, '2020-10-22'),
(131, 290, 'primary', 1, 0, '2020-10-22'),
(132, 14, 'primary', 1, 0, '2020-08-29'),
(132, 15, 'primary', 0, 0, NULL),
(132, 16, 'primary', 0, 0, NULL),
(132, 45, 'primary', 1, 0, '2020-08-29'),
(132, 46, 'primary', 1, 0, '2020-08-29'),
(132, 47, 'primary', 1, 0, '2020-08-29'),
(132, 91, 'primary', 1, 0, '2020-08-29'),
(132, 223, 'primary', 0, 0, NULL),
(132, 230, 'primary', 0, 0, NULL),
(140, 62, 'primary', 1, 0, '2020-09-06'),
(140, 98, 'primary', 1, 0, '2020-09-06'),
(140, 240, 'primary', 1, 0, '2020-09-06'),
(140, 241, 'primary', 1, 0, '2020-09-06'),
(140, 242, 'primary', 1, 0, '2020-09-06'),
(143, 6, 'primary', 1, 0, '2020-10-21'),
(143, 7, 'primary', 1, 0, '2020-10-21'),
(143, 18, 'primary', 0, 0, '2020-08-28'),
(143, 21, 'primary', 1, 0, '2020-10-21'),
(143, 26, 'primary', 0, 0, '2020-09-09'),
(143, 37, 'primary', 0, 0, '2020-08-28'),
(143, 63, 'primary', 0, 0, '2020-08-28'),
(143, 217, 'primary', 0, 0, '2020-08-28'),
(143, 220, 'primary', 1, 0, '2020-10-21'),
(143, 236, 'primary', 0, 0, '2020-08-28'),
(144, 25, 'primary', 1, 0, '2020-08-30'),
(144, 27, 'primary', 0, 0, '2020-09-20'),
(144, 37, 'primary', 1, 0, '2020-08-30'),
(144, 53, 'primary', 1, 0, '2020-08-30'),
(144, 239, 'primary', 1, 0, '2020-08-30'),
(144, 257, 'primary', 0, 0, '2020-08-30'),
(145, 43, 'primary', 1, 0, '2020-09-14'),
(145, 45, 'primary', 1, 0, '2020-09-14'),
(145, 46, 'primary', 1, 0, '2020-09-14'),
(145, 65, 'primary', 1, 0, '2020-09-14'),
(145, 225, 'primary', 1, 0, '2020-09-14'),
(146, 12, 'primary', 1, 0, '2020-09-02'),
(146, 118, 'primary', 0, 0, NULL),
(146, 119, 'primary', 0, 0, NULL),
(146, 125, 'primary', 1, 0, '2020-09-02'),
(146, 148, 'primary', 0, 0, NULL),
(150, 46, 'primary', 1, 0, '2020-09-10'),
(150, 224, 'primary', 1, 0, '2020-09-10'),
(150, 226, 'primary', 1, 0, '2020-09-10'),
(150, 227, 'primary', 1, 0, '2020-09-10'),
(150, 230, 'primary', 1, 0, '2020-09-10'),
(157, 36, 'primary', 0, 0, '2020-11-09'),
(157, 53, 'primary', 0, 0, '2020-10-23'),
(157, 228, 'primary', 1, 0, '2020-10-21'),
(157, 231, 'primary', 1, 0, '2020-10-21'),
(157, 232, 'primary', 0, 0, '2020-10-21'),
(157, 240, 'primary', 0, 0, '2020-10-21'),
(157, 322, 'primary', 0, 0, '2020-10-21'),
(157, 370, 'primary', 1, 0, '2020-12-03'),
(157, 425, 'primary', 1, 0, '2020-12-03'),
(157, 428, 'primary', 1, 0, '2020-12-03'),
(158, 37, 'primary', 0, 0, '2020-10-22'),
(158, 51, 'primary', 1, 0, '2020-10-22'),
(158, 240, 'primary', 1, 0, '2020-10-22'),
(158, 296, 'primary', 1, 0, '2020-10-29'),
(158, 318, 'primary', 1, 0, '2020-10-22'),
(160, 212, 'primary', 0, 0, '2020-10-15'),
(160, 224, 'primary', 0, 0, '2020-10-15'),
(160, 225, 'primary', 0, 0, '2020-11-12'),
(160, 226, 'primary', 1, 0, '2020-10-15'),
(160, 227, 'primary', 1, 0, '2020-10-15'),
(160, 230, 'primary', 0, 0, '2020-10-15'),
(160, 319, 'primary', 0, 0, '2020-10-22'),
(163, 222, 'primary', 0, 0, '2020-10-15'),
(163, 223, 'primary', 0, 0, '2020-10-15'),
(163, 226, 'primary', 0, 0, '2020-10-15'),
(163, 227, 'primary', 1, 0, '2020-10-15'),
(163, 230, 'primary', 0, 0, '2020-10-15'),
(165, 7, 'primary', 0, 0, '2020-10-17'),
(165, 26, 'primary', 0, 0, '2020-10-17'),
(165, 83, 'primary', 0, 0, '2020-10-31'),
(165, 218, 'primary', 0, 0, '2020-10-17'),
(165, 220, 'primary', 1, 0, '2020-11-26'),
(165, 221, 'primary', 1, 0, '2020-11-26'),
(165, 320, 'primary', 0, 0, '2020-10-17'),
(165, 402, 'primary', 1, 0, '2020-12-06'),
(165, 416, 'primary', 1, 0, '2020-12-06'),
(165, 425, 'primary', 0, 0, '2020-12-06'),
(165, 440, 'primary', 1, 0, '2020-12-06'),
(166, 215, 'primary', 1, 0, '2020-10-17'),
(166, 216, 'primary', 1, 0, '2020-10-17'),
(166, 233, 'primary', 1, 0, '2020-11-19'),
(166, 240, 'primary', 1, 0, '2020-11-25'),
(166, 242, 'primary', 1, 0, '2020-10-22'),
(166, 244, 'primary', 0, 0, '2020-10-17'),
(166, 253, 'primary', 0, 0, '2020-10-20'),
(166, 274, 'primary', 0, 0, '2020-10-21'),
(166, 309, 'primary', 0, 0, '2020-10-17'),
(166, 330, 'primary', 0, 0, '2020-11-05'),
(168, 10, 'primary', 0, 0, '2020-10-17'),
(168, 215, 'primary', 0, 0, '2020-10-29'),
(168, 216, 'primary', 0, 0, '2020-10-22'),
(168, 233, 'primary', 0, 0, '2020-11-05'),
(168, 234, 'primary', 0, 0, '2020-10-17'),
(168, 240, 'primary', 0, 0, '2020-10-17'),
(168, 242, 'primary', 0, 0, '2020-11-19'),
(168, 253, 'primary', 0, 0, '2020-10-17'),
(168, 254, 'primary', 0, 0, '2020-10-17'),
(168, 330, 'primary', 0, 0, '2020-11-05'),
(168, 350, 'primary', 1, 0, '2020-12-04'),
(168, 363, 'primary', 1, 0, '2020-12-04'),
(168, 366, 'primary', 1, 0, '2020-12-04'),
(168, 371, 'primary', 1, 0, '2020-12-04'),
(168, 395, 'primary', 1, 0, '2020-12-04'),
(169, 9, 'primary', 1, 0, '2020-11-18'),
(169, 10, 'primary', 1, 0, '2020-10-28'),
(169, 19, 'primary', 0, 0, '2020-10-17'),
(169, 30, 'primary', 0, 0, '2020-10-17'),
(169, 103, 'primary', 1, 0, '2020-12-02'),
(169, 216, 'primary', 0, 0, '2020-10-17'),
(169, 234, 'primary', 1, 0, '2020-10-17'),
(169, 240, 'primary', 1, 0, '2020-11-22'),
(169, 253, 'primary', 0, 0, '2020-11-10'),
(169, 254, 'primary', 0, 0, '2020-10-17'),
(169, 274, 'primary', 0, 0, '2020-10-17'),
(170, 212, 'primary', 0, 0, '2020-10-19'),
(170, 222, 'primary', 1, 0, '2020-11-04'),
(170, 223, 'primary', 0, 0, '2020-11-11'),
(170, 226, 'primary', 1, 0, '2020-10-19'),
(170, 227, 'primary', 0, 0, '2020-10-19'),
(170, 230, 'primary', 0, 0, '2020-11-01'),
(170, 283, 'primary', 0, 0, '2020-10-19'),
(170, 319, 'primary', 0, 0, '2020-10-22'),
(170, 365, 'primary', 1, 0, '2020-12-03'),
(170, 424, 'primary', 1, 0, '2020-12-03'),
(171, 46, 'primary', 1, 0, '2020-10-17'),
(171, 222, 'primary', 1, 0, '2020-10-17'),
(171, 223, 'primary', 0, 0, '2020-10-17'),
(171, 226, 'primary', 1, 0, '2020-10-17'),
(171, 227, 'primary', 0, 0, '2020-10-17'),
(171, 328, 'primary', 0, 0, '2020-11-09'),
(171, 365, 'primary', 1, 0, '2020-12-02'),
(171, 429, 'primary', 1, 0, '2020-12-02'),
(172, 224, 'primary', 1, 0, '2020-10-17'),
(172, 226, 'primary', 1, 0, '2020-10-17'),
(172, 227, 'primary', 0, 0, '2020-10-17'),
(172, 230, 'primary', 1, 0, '2020-10-17'),
(172, 319, 'primary', 0, 0, '2020-11-02'),
(172, 328, 'primary', 0, 0, '2020-10-17'),
(172, 365, 'primary', 1, 0, '2020-12-05'),
(172, 429, 'primary', 1, 0, '2020-12-05'),
(173, 46, 'primary', 1, 0, '2020-10-17'),
(173, 212, 'primary', 1, 0, '2020-10-17'),
(173, 226, 'primary', 1, 0, '2020-10-17'),
(173, 227, 'primary', 1, 0, '2020-10-17'),
(173, 230, 'primary', 0, 0, '2020-10-17'),
(174, 46, 'primary', 1, 0, '2020-10-17'),
(174, 224, 'primary', 0, 0, '2020-10-17'),
(174, 226, 'primary', 1, 0, '2020-10-17'),
(174, 227, 'primary', 1, 0, '2020-10-17'),
(174, 283, 'primary', 0, 0, '2020-10-22'),
(174, 319, 'primary', 0, 0, '2020-10-17'),
(174, 328, 'primary', 1, 0, '2020-10-22'),
(175, 246, 'primary', 0, 0, '2020-10-29'),
(175, 249, 'primary', 0, 0, '2020-10-29'),
(175, 251, 'primary', 1, 0, '2020-10-29'),
(176, 228, 'primary', 0, 0, '2020-10-19'),
(176, 233, 'primary', 1, 0, '2020-10-19'),
(176, 255, 'primary', 1, 0, '2020-10-19'),
(176, 274, 'primary', 0, 0, '2020-10-19'),
(176, 309, 'primary', 0, 0, '2020-10-19'),
(177, 9, 'primary', 0, 0, '2020-10-21'),
(177, 19, 'primary', 1, 0, '2020-10-21'),
(177, 20, 'primary', 0, 0, '2020-11-26'),
(177, 30, 'primary', 0, 0, '2020-10-21'),
(177, 234, 'primary', 0, 0, '2020-10-21'),
(177, 242, 'primary', 1, 0, '2020-10-21'),
(177, 254, 'primary', 0, 0, '2020-10-21'),
(177, 263, 'primary', 1, 0, '2020-10-21'),
(177, 396, 'primary', 1, 0, '2020-12-05'),
(177, 445, 'primary', 1, 0, '2020-12-05'),
(178, 10, 'primary', 0, 0, '2020-11-10'),
(178, 12, 'primary', 0, 0, '2020-11-10'),
(178, 228, 'primary', 1, 0, '2020-11-10'),
(178, 274, 'primary', 0, 0, '2020-11-19'),
(178, 296, 'primary', 0, 0, '2020-11-10'),
(178, 298, 'primary', 0, 0, '2020-11-10'),
(178, 308, 'primary', 0, 0, '2020-11-15'),
(178, 349, 'primary', 1, 0, '2020-12-03'),
(178, 362, 'primary', 1, 0, '2020-12-03'),
(178, 425, 'primary', 1, 0, '2020-12-06'),
(178, 428, 'primary', 1, 0, '2020-12-03'),
(179, 228, 'primary', 1, 0, '2020-10-17'),
(179, 255, 'primary', 1, 0, '2020-11-27'),
(179, 274, 'primary', 0, 0, '2020-10-17'),
(179, 298, 'primary', 0, 0, '2020-10-17'),
(179, 306, 'primary', 0, 0, '2020-10-17'),
(179, 331, 'primary', 0, 0, '2020-10-17'),
(180, 9, 'primary', 1, 0, '2020-10-17'),
(180, 216, 'primary', 0, 0, '2020-10-17'),
(180, 231, 'primary', 1, 0, '2020-10-17'),
(180, 244, 'primary', 0, 0, '2020-10-17'),
(180, 332, 'primary', 0, 0, '2020-10-17'),
(181, 3, 'primary', 1, 0, '2020-11-05'),
(181, 11, 'primary', 0, 0, '2020-11-05'),
(181, 20, 'primary', 0, 0, '2020-10-17'),
(181, 36, 'primary', 0, 0, '2020-11-05'),
(181, 240, 'primary', 1, 0, '2020-10-17'),
(181, 245, 'primary', 0, 0, '2020-10-20'),
(181, 246, 'primary', 0, 0, '2020-10-20'),
(181, 255, 'primary', 0, 0, '2020-10-17'),
(181, 263, 'primary', 0, 0, '2020-11-05'),
(181, 288, 'primary', 0, 0, '2020-10-20'),
(181, 292, 'primary', 0, 0, '2020-10-20'),
(181, 309, 'primary', 0, 0, '2020-10-17'),
(181, 317, 'primary', 0, 0, '2020-10-20'),
(181, 330, 'primary', 0, 0, '2020-10-17'),
(181, 366, 'primary', 1, 0, '2020-12-02'),
(181, 382, 'primary', 1, 0, '2020-12-02'),
(181, 396, 'primary', 1, 0, '2020-12-02'),
(182, 215, 'primary', 0, 0, '2020-11-02'),
(182, 216, 'primary', 0, 0, '2020-11-02'),
(182, 240, 'primary', 0, 0, '2020-10-17'),
(182, 241, 'primary', 1, 0, '2020-10-17'),
(182, 249, 'primary', 0, 0, '2020-10-17'),
(182, 274, 'primary', 0, 0, '2020-10-17'),
(182, 309, 'primary', 0, 0, '2020-10-17'),
(182, 350, 'primary', 1, 0, '2020-12-03'),
(182, 363, 'primary', 1, 0, '2020-12-03'),
(182, 366, 'primary', 1, 0, '2020-12-03'),
(182, 466, 'primary', 1, 0, '2020-12-03'),
(183, 7, 'primary', 1, 0, '2020-10-17'),
(183, 21, 'primary', 1, 0, '2020-10-17'),
(183, 26, 'primary', 0, 0, '2020-10-30'),
(183, 218, 'primary', 1, 0, '2020-11-06'),
(183, 220, 'primary', 1, 0, '2020-11-28'),
(183, 221, 'primary', 0, 0, '2020-10-17'),
(183, 235, 'primary', 1, 0, '2020-10-17'),
(183, 239, 'primary', 0, 0, '2020-10-17'),
(184, 9, 'primary', 0, 0, '2020-10-21'),
(184, 10, 'primary', 0, 0, '2020-10-21'),
(184, 20, 'primary', 1, 0, '2020-10-21'),
(184, 30, 'primary', 0, 0, '2020-10-21'),
(184, 36, 'primary', 1, 0, '2020-11-08'),
(184, 69, 'primary', 0, 0, '2020-10-21'),
(184, 231, 'primary', 1, 0, '2020-11-11'),
(185, 26, 'primary', 0, 0, '2020-10-19'),
(185, 218, 'primary', 1, 0, '2020-10-19'),
(185, 229, 'primary', 1, 0, '2020-10-19'),
(185, 235, 'primary', 0, 0, '2020-10-19'),
(185, 236, 'primary', 1, 0, '2020-11-29'),
(185, 238, 'primary', 1, 0, '2020-10-19'),
(185, 239, 'primary', 1, 0, '2020-12-03'),
(186, 10, 'primary', 0, 0, '2020-10-21'),
(186, 231, 'primary', 1, 0, '2020-10-21'),
(186, 240, 'primary', 1, 0, '2020-10-21'),
(186, 296, 'primary', 0, 0, '2020-10-21'),
(186, 318, 'primary', 1, 0, '2020-10-21'),
(187, 9, 'primary', 1, 0, '2020-10-21'),
(187, 20, 'primary', 1, 0, '2020-10-21'),
(187, 246, 'primary', 0, 0, '2020-10-21'),
(187, 254, 'primary', 0, 0, '2020-10-21'),
(187, 288, 'primary', 0, 0, '2020-10-28'),
(187, 290, 'primary', 0, 0, '2020-10-24'),
(187, 309, 'primary', 0, 0, '2020-10-21'),
(187, 350, 'primary', 1, 0, '2020-12-04'),
(187, 352, 'primary', 1, 0, '2020-12-04'),
(187, 426, 'primary', 1, 0, '2020-12-04'),
(188, 6, 'primary', 1, 0, '2020-11-02'),
(188, 7, 'primary', 1, 0, '2020-10-16'),
(188, 21, 'primary', 1, 0, '2020-10-16'),
(188, 235, 'primary', 1, 0, '2020-10-16'),
(188, 236, 'primary', 0, 0, '2020-10-16'),
(188, 264, 'primary', 0, 0, '2020-10-16'),
(188, 328, 'primary', 1, 0, '2020-10-17'),
(190, 6, 'primary', 0, 0, '2020-10-16'),
(190, 7, 'primary', 0, 0, '2020-10-16'),
(190, 21, 'primary', 1, 0, '2020-10-16'),
(190, 220, 'primary', 0, 0, '2020-10-16'),
(190, 221, 'primary', 1, 0, '2020-11-24'),
(190, 235, 'primary', 1, 0, '2020-12-01'),
(190, 264, 'primary', 0, 0, '2020-10-16'),
(190, 354, 'primary', 1, 0, '2020-12-02'),
(190, 424, 'primary', 1, 0, '2020-12-04'),
(191, 6, 'primary', 0, 0, '2020-10-20'),
(191, 8, 'primary', 1, 0, '2020-10-20'),
(191, 18, 'primary', 0, 0, '2020-10-20'),
(191, 21, 'primary', 1, 0, '2020-10-20'),
(191, 63, 'primary', 0, 0, '2020-10-20'),
(191, 108, 'primary', 0, 0, '2020-10-20'),
(191, 220, 'primary', 1, 0, '2020-12-01'),
(191, 235, 'primary', 1, 0, '2020-12-01'),
(192, 218, 'primary', 1, 0, '2020-10-17'),
(192, 220, 'primary', 1, 0, '2020-10-17'),
(192, 221, 'primary', 1, 0, '2020-11-10'),
(192, 235, 'primary', 0, 0, '2020-10-17'),
(192, 238, 'primary', 1, 0, '2020-10-17'),
(192, 329, 'primary', 0, 0, '2020-10-17'),
(193, 15, 'primary', 0, 0, '2020-11-22'),
(193, 16, 'primary', 0, 0, '2020-11-22'),
(193, 45, 'primary', 0, 0, '2020-11-22'),
(193, 91, 'primary', 0, 0, '2020-11-22'),
(193, 106, 'primary', 0, 0, '2020-11-22'),
(193, 212, 'primary', 0, 0, '2020-11-23'),
(193, 218, 'primary', 0, 0, '2020-10-19'),
(193, 224, 'primary', 1, 0, '2020-11-23'),
(193, 225, 'primary', 1, 0, '2020-11-23'),
(193, 230, 'primary', 1, 0, '2020-12-02'),
(193, 235, 'primary', 0, 0, '2020-10-19'),
(193, 238, 'primary', 0, 0, '2020-10-19'),
(193, 290, 'primary', 1, 0, '2020-12-02'),
(193, 303, 'primary', 0, 0, '2020-11-23'),
(193, 319, 'primary', 1, 0, '2020-12-02'),
(193, 321, 'primary', 0, 0, '2020-11-23'),
(195, 46, 'primary', 1, 0, '2020-10-19'),
(195, 225, 'primary', 0, 0, '2020-10-19'),
(195, 226, 'primary', 1, 0, '2020-10-19'),
(195, 227, 'primary', 1, 0, '2020-10-19'),
(195, 230, 'primary', 0, 0, '2020-10-19'),
(195, 365, 'primary', 1, 0, '2020-12-02'),
(195, 437, 'primary', 1, 0, '2020-12-02'),
(196, 16, 'primary', 0, 0, '2020-10-17'),
(196, 46, 'primary', 0, 0, '2020-10-17'),
(196, 224, 'primary', 0, 0, '2020-10-17'),
(196, 226, 'primary', 0, 0, '2020-10-17'),
(196, 227, 'primary', 0, 0, '2020-10-17'),
(197, 16, 'primary', 0, 0, '2020-10-17'),
(197, 46, 'primary', 0, 0, '2020-10-17'),
(197, 222, 'primary', 1, 0, '2020-12-02'),
(197, 227, 'primary', 0, 0, '2020-10-17'),
(197, 230, 'primary', 0, 0, '2020-10-17'),
(197, 311, 'primary', 0, 0, '2020-10-17'),
(197, 365, 'primary', 1, 0, '2020-12-02'),
(197, 389, 'primary', 1, 0, '2020-12-02'),
(197, 424, 'primary', 1, 0, '2020-12-02'),
(197, 442, 'primary', 1, 0, '2020-12-02'),
(198, 9, 'primary', 0, 0, '2020-10-21'),
(198, 10, 'primary', 1, 0, '2020-10-21'),
(198, 37, 'primary', 0, 0, '2020-10-21'),
(198, 228, 'primary', 0, 0, '2020-11-13'),
(198, 232, 'primary', 0, 0, '2020-11-13'),
(198, 296, 'primary', 0, 0, '2020-10-21'),
(198, 349, 'primary', 1, 0, '2020-12-02'),
(198, 362, 'primary', 1, 0, '2020-12-02'),
(198, 370, 'primary', 1, 0, '2020-12-02'),
(198, 377, 'primary', 1, 0, '2020-12-02'),
(199, 37, 'primary', 1, 0, '2020-10-21'),
(199, 228, 'primary', 1, 0, '2020-10-21'),
(199, 231, 'primary', 0, 0, '2020-10-21'),
(199, 240, 'primary', 0, 0, '2020-10-21'),
(200, 9, 'primary', 1, 0, '2020-10-13'),
(200, 36, 'primary', 1, 0, '2020-10-27'),
(200, 255, 'primary', 1, 0, '2020-10-13'),
(200, 274, 'primary', 0, 0, '2020-10-13'),
(200, 283, 'primary', 0, 0, '2020-10-13'),
(200, 322, 'primary', 0, 0, '2020-10-13'),
(201, 46, 'primary', 1, 0, '2020-10-22'),
(201, 212, 'primary', 0, 0, '2020-11-01'),
(201, 222, 'primary', 1, 0, '2020-10-22'),
(201, 223, 'primary', 0, 0, '2020-10-22'),
(201, 226, 'primary', 1, 0, '2020-10-22'),
(201, 227, 'primary', 1, 0, '2020-11-11'),
(201, 230, 'primary', 0, 0, '2020-10-22'),
(201, 400, 'primary', 1, 0, '2020-12-06'),
(204, 5, 'primary', 0, 0, '2020-10-21'),
(204, 14, 'primary', 0, 0, '2020-11-07'),
(204, 45, 'primary', 0, 0, '2020-11-04'),
(204, 46, 'primary', 1, 0, '2020-10-20'),
(204, 212, 'primary', 0, 0, '2020-10-20'),
(204, 227, 'primary', 1, 0, '2020-10-20'),
(204, 230, 'primary', 0, 0, '2020-10-20'),
(204, 290, 'primary', 0, 0, '2020-10-20'),
(204, 367, 'primary', 1, 0, '2020-12-02'),
(204, 429, 'primary', 1, 0, '2020-12-02'),
(204, 436, 'primary', 1, 0, '2020-12-02'),
(205, 20, 'primary', 1, 0, '2020-10-19'),
(205, 30, 'primary', 1, 0, '2020-10-19'),
(205, 255, 'primary', 0, 0, '2020-10-19'),
(206, 9, 'primary', 0, 0, '2020-10-21'),
(206, 20, 'primary', 0, 0, '2020-10-21'),
(206, 30, 'primary', 0, 0, '2020-10-21'),
(206, 35, 'primary', 0, 0, '2020-10-27'),
(206, 234, 'primary', 0, 0, '2020-11-01'),
(206, 255, 'primary', 0, 0, '2020-10-21'),
(206, 353, 'primary', 1, 0, '2020-12-04'),
(206, 396, 'primary', 1, 0, '2020-12-04'),
(206, 409, 'primary', 1, 0, '2020-12-04'),
(206, 445, 'primary', 1, 0, '2020-12-04'),
(207, 3, 'primary', 0, 0, '2020-10-21'),
(207, 84, 'primary', 0, 0, '2020-10-21'),
(207, 233, 'primary', 1, 0, '2020-11-04'),
(207, 240, 'primary', 0, 0, '2020-10-21'),
(207, 255, 'primary', 0, 0, '2020-10-19'),
(207, 287, 'primary', 1, 0, '2020-11-04'),
(207, 305, 'primary', 1, 0, '2020-10-19'),
(209, 3, 'primary', 1, 0, '2020-10-27'),
(209, 9, 'primary', 1, 0, '2020-10-17'),
(209, 69, 'primary', 0, 0, '2020-10-17'),
(209, 254, 'primary', 1, 0, '2020-10-17'),
(209, 255, 'primary', 1, 0, '2020-10-17'),
(209, 263, 'primary', 1, 0, '2020-10-17'),
(210, 7, 'primary', 1, 0, '2020-10-22'),
(210, 218, 'primary', 1, 0, '2020-10-22'),
(210, 221, 'primary', 1, 0, '2020-10-22'),
(210, 235, 'primary', 1, 0, '2020-10-22'),
(210, 320, 'primary', 1, 0, '2020-10-22'),
(212, 222, 'primary', 1, 0, '2020-10-19'),
(212, 223, 'primary', 1, 0, '2020-10-19'),
(212, 224, 'primary', 1, 0, '2020-10-19'),
(212, 227, 'primary', 1, 0, '2020-10-19'),
(212, 230, 'primary', 1, 0, '2020-10-19'),
(213, 9, 'primary', 1, 0, '2020-10-21'),
(213, 19, 'primary', 1, 0, '2020-10-21'),
(213, 233, 'primary', 1, 0, '2020-10-21'),
(213, 240, 'primary', 1, 0, '2020-10-21'),
(213, 241, 'primary', 1, 0, '2020-10-21'),
(217, 9, 'primary', 1, 0, '2020-10-21'),
(217, 10, 'primary', 1, 0, '2020-10-21'),
(217, 37, 'primary', 0, 0, '2020-10-21'),
(217, 51, 'primary', 0, 0, '2020-10-21'),
(217, 318, 'primary', 0, 0, '2020-10-21'),
(220, 106, 'primary', 0, 0, '2020-10-19'),
(220, 212, 'primary', 0, 0, '2020-11-14');
INSERT INTO `player_wish` (`player`, `item`, `attribution`, `running`, `selected`, `created`) VALUES
(220, 223, 'primary', 0, 0, '2020-10-19'),
(220, 224, 'primary', 1, 0, '2020-10-19'),
(220, 227, 'primary', 0, 0, '2020-11-05'),
(220, 230, 'primary', 0, 0, '2020-10-19'),
(220, 284, 'primary', 0, 0, '2020-10-19'),
(220, 319, 'primary', 0, 0, '2020-10-22'),
(220, 365, 'primary', 1, 0, '2020-12-05'),
(220, 437, 'primary', 1, 0, '2020-12-05'),
(220, 442, 'primary', 1, 0, '2020-12-05'),
(220, 446, 'primary', 1, 0, '2020-12-05'),
(223, 16, 'primary', 0, 0, '2020-10-21'),
(223, 46, 'primary', 1, 0, '2020-10-21'),
(223, 106, 'primary', 1, 0, '2020-10-29'),
(223, 227, 'primary', 1, 0, '2020-10-21'),
(223, 230, 'primary', 1, 0, '2020-10-21'),
(223, 319, 'primary', 1, 0, '2020-10-21'),
(224, 46, 'primary', 1, 0, '2020-10-19'),
(224, 212, 'primary', 0, 0, '2020-10-19'),
(224, 224, 'primary', 1, 0, '2020-11-08'),
(224, 226, 'primary', 1, 0, '2020-10-21'),
(224, 230, 'primary', 1, 0, '2020-10-19'),
(224, 290, 'primary', 0, 0, '2020-10-19'),
(224, 319, 'primary', 1, 0, '2020-10-19'),
(225, 125, 'primary', 1, 0, '2020-11-18'),
(225, 274, 'primary', 0, 0, '2020-10-16'),
(225, 322, 'primary', 1, 0, '2020-10-16'),
(226, 7, 'primary', 1, 0, '2020-10-16'),
(226, 18, 'primary', 1, 0, '2020-10-16'),
(226, 25, 'primary', 0, 0, '2020-10-16'),
(226, 51, 'primary', 0, 0, '2020-10-16'),
(226, 53, 'primary', 1, 0, '2020-10-16'),
(226, 212, 'primary', 0, 0, '2020-10-30'),
(226, 235, 'primary', 0, 0, '2020-10-17'),
(226, 236, 'primary', 0, 0, '2020-10-30'),
(227, 211, 'primary', 1, 0, '2020-10-14'),
(227, 216, 'primary', 1, 0, '2020-10-14'),
(227, 245, 'primary', 0, 0, '2020-10-14'),
(227, 246, 'primary', 0, 0, '2020-10-14'),
(227, 277, 'primary', 0, 0, '2020-10-14'),
(227, 352, 'primary', 1, 0, '2020-12-05'),
(227, 366, 'primary', 1, 0, '2020-12-05'),
(227, 406, 'primary', 1, 0, '2020-12-05'),
(235, 21, 'primary', 0, 0, '2020-10-19'),
(235, 26, 'primary', 1, 0, '2020-10-19'),
(235, 218, 'primary', 1, 0, '2020-10-19'),
(235, 229, 'primary', 1, 0, '2020-10-19'),
(235, 235, 'primary', 1, 0, '2020-10-19'),
(236, 3, 'primary', 0, 0, '2020-10-29'),
(236, 9, 'primary', 1, 0, '2020-10-17'),
(236, 233, 'primary', 0, 0, '2020-10-17'),
(236, 241, 'primary', 0, 0, '2020-10-17'),
(236, 242, 'primary', 0, 0, '2020-10-19'),
(236, 254, 'primary', 0, 0, '2020-10-17'),
(236, 263, 'primary', 0, 0, '2020-10-17'),
(236, 309, 'primary', 0, 0, '2020-10-25'),
(236, 334, 'primary', 1, 0, '2020-11-23'),
(236, 377, 'primary', 1, 0, '2020-12-02'),
(236, 382, 'primary', 1, 0, '2020-12-02'),
(236, 396, 'primary', 1, 0, '2020-12-02'),
(238, 218, 'primary', 1, 0, '2020-10-17'),
(238, 221, 'primary', 1, 0, '2020-10-17'),
(238, 235, 'primary', 1, 0, '2020-10-17'),
(238, 238, 'primary', 1, 0, '2020-10-17'),
(238, 320, 'primary', 1, 0, '2020-10-17'),
(239, 7, 'primary', 0, 0, '2020-10-16'),
(239, 21, 'primary', 0, 0, '2020-10-16'),
(239, 218, 'primary', 0, 0, '2020-10-16'),
(239, 229, 'primary', 0, 0, '2020-10-16'),
(239, 235, 'primary', 1, 0, '2020-10-16'),
(239, 239, 'primary', 0, 0, '2020-11-07'),
(239, 264, 'primary', 0, 0, '2020-11-11'),
(239, 357, 'primary', 1, 0, '2020-12-02'),
(239, 375, 'primary', 1, 0, '2020-12-02'),
(239, 381, 'primary', 1, 0, '2020-12-02'),
(239, 427, 'primary', 1, 0, '2020-12-02'),
(241, 21, 'primary', 1, 0, '2020-10-16'),
(241, 53, 'primary', 0, 0, '2020-10-16'),
(241, 218, 'primary', 1, 0, '2020-10-16'),
(241, 235, 'primary', 0, 0, '2020-10-16'),
(241, 238, 'primary', 1, 0, '2020-10-16'),
(244, 9, 'primary', 1, 0, '2020-10-16'),
(244, 20, 'primary', 0, 0, '2020-10-16'),
(244, 30, 'primary', 0, 0, '2020-10-16'),
(244, 211, 'primary', 0, 0, '2020-10-28'),
(244, 254, 'primary', 0, 0, '2020-10-28'),
(244, 255, 'primary', 1, 0, '2020-11-11'),
(244, 263, 'primary', 1, 0, '2020-10-16'),
(244, 305, 'primary', 1, 0, '2020-10-16'),
(245, 3, 'primary', 1, 0, '2020-11-02'),
(245, 35, 'primary', 0, 0, '2020-11-02'),
(245, 49, 'primary', 0, 0, '2020-11-02'),
(245, 242, 'primary', 0, 0, '2020-10-19'),
(245, 255, 'primary', 1, 0, '2020-10-19'),
(245, 295, 'primary', 0, 0, '2020-10-19'),
(245, 330, 'primary', 0, 0, '2020-10-19'),
(245, 334, 'primary', 0, 0, '2020-10-19'),
(245, 353, 'primary', 1, 0, '2020-12-02'),
(245, 405, 'primary', 1, 0, '2020-12-02'),
(245, 431, 'primary', 1, 0, '2020-12-02'),
(246, 3, 'primary', 0, 0, '2020-10-19'),
(246, 34, 'primary', 1, 0, '2020-10-19'),
(246, 249, 'primary', 0, 0, '2020-10-19'),
(246, 255, 'primary', 1, 0, '2020-10-19'),
(246, 263, 'primary', 1, 0, '2020-10-19'),
(248, 9, 'primary', 0, 0, '2020-11-04'),
(248, 10, 'primary', 1, 0, '2020-10-17'),
(248, 12, 'primary', 1, 0, '2020-10-17'),
(248, 18, 'primary', 0, 0, '2020-10-17'),
(248, 27, 'primary', 0, 0, '2020-10-17'),
(248, 63, 'primary', 0, 0, '2020-10-17'),
(248, 228, 'primary', 1, 0, '2020-11-04'),
(248, 231, 'primary', 0, 0, '2020-10-21'),
(248, 240, 'primary', 0, 0, '2020-10-23'),
(248, 318, 'primary', 1, 0, '2020-11-04'),
(249, 30, 'primary', 0, 0, '2020-10-17'),
(249, 234, 'primary', 1, 0, '2020-10-17'),
(249, 244, 'primary', 1, 0, '2020-10-17'),
(249, 253, 'primary', 1, 0, '2020-10-17'),
(249, 274, 'primary', 1, 0, '2020-10-17'),
(249, 309, 'primary', 1, 0, '2020-10-17'),
(250, 47, 'primary', 0, 0, '2020-10-26'),
(250, 212, 'primary', 0, 0, '2020-10-23'),
(250, 223, 'primary', 0, 0, '2020-10-17'),
(250, 224, 'primary', 0, 0, '2020-10-17'),
(250, 226, 'primary', 0, 0, '2020-10-17'),
(250, 227, 'primary', 0, 0, '2020-10-17'),
(250, 230, 'primary', 0, 0, '2020-10-17'),
(250, 283, 'primary', 0, 0, '2020-10-23'),
(250, 290, 'primary', 0, 0, '2020-10-23'),
(250, 319, 'primary', 0, 0, '2020-10-23'),
(250, 400, 'primary', 1, 0, '2020-12-03'),
(250, 401, 'primary', 1, 0, '2020-12-03'),
(250, 415, 'primary', 1, 0, '2020-12-03'),
(250, 424, 'primary', 1, 0, '2020-12-03'),
(250, 442, 'primary', 1, 0, '2020-12-03'),
(252, 14, 'primary', 1, 0, '2020-10-19'),
(252, 17, 'primary', 1, 0, '2020-10-19'),
(252, 46, 'primary', 1, 1, '2020-10-19'),
(252, 65, 'primary', 1, 0, '2020-10-19'),
(252, 227, 'primary', 1, 0, '2020-10-19'),
(253, 242, 'primary', 1, 0, '2020-10-17'),
(253, 274, 'primary', 1, 0, '2020-10-17'),
(253, 284, 'primary', 0, 0, '2020-10-17'),
(253, 322, 'primary', 1, 0, '2020-10-17'),
(253, 331, 'primary', 1, 0, '2020-10-17'),
(265, 6, 'primary', 1, 0, '2020-10-27'),
(265, 7, 'primary', 1, 0, '2020-10-19'),
(265, 21, 'primary', 1, 0, '2020-10-19'),
(265, 29, 'primary', 0, 0, '2020-10-25'),
(265, 55, 'primary', 0, 0, '2020-10-19'),
(265, 63, 'primary', 0, 0, '2020-10-19'),
(265, 108, 'primary', 1, 0, '2020-10-19'),
(267, 15, 'primary', 0, 0, '2020-11-21'),
(267, 16, 'primary', 0, 0, '2020-11-21'),
(267, 45, 'primary', 0, 0, '2020-11-21'),
(267, 91, 'primary', 0, 0, '2020-11-21'),
(267, 106, 'primary', 0, 0, '2020-11-21'),
(268, 21, 'primary', 1, 0, '2020-11-16'),
(268, 212, 'primary', 1, 0, '2020-11-16'),
(268, 229, 'primary', 1, 0, '2020-11-17'),
(268, 235, 'primary', 1, 0, '2020-11-16'),
(269, 16, 'primary', 0, 0, '2020-10-21'),
(269, 43, 'primary', 0, 0, '2020-10-21'),
(269, 46, 'primary', 1, 0, '2020-10-21'),
(269, 222, 'primary', 0, 0, '2020-11-18'),
(269, 226, 'primary', 1, 0, '2020-11-06'),
(269, 227, 'primary', 1, 0, '2020-10-21'),
(269, 230, 'primary', 0, 0, '2020-10-21'),
(269, 319, 'primary', 0, 0, '2020-11-18'),
(269, 365, 'primary', 1, 0, '2020-12-02'),
(269, 429, 'primary', 1, 0, '2020-12-02'),
(270, 4, 'primary', 0, 0, '2020-10-21'),
(270, 9, 'primary', 1, 0, '2020-10-21'),
(270, 20, 'primary', 1, 0, '2020-10-21'),
(270, 30, 'primary', 0, 0, '2020-10-27'),
(270, 52, 'primary', 0, 0, '2020-10-21'),
(270, 251, 'primary', 0, 0, '2020-11-23'),
(270, 255, 'primary', 0, 0, '2020-10-31'),
(270, 295, 'primary', 0, 0, '2020-10-21'),
(270, 352, 'primary', 1, 0, '2020-12-04'),
(270, 366, 'primary', 1, 0, '2020-12-04'),
(270, 409, 'primary', 1, 0, '2020-12-04'),
(271, 19, 'primary', 0, 0, '2020-10-25'),
(271, 36, 'primary', 1, 0, '2020-10-25'),
(271, 213, 'primary', 1, 0, '2020-10-25'),
(271, 214, 'primary', 0, 0, '2020-11-24'),
(271, 215, 'primary', 1, 0, '2020-11-24'),
(271, 245, 'primary', 1, 0, '2020-11-24'),
(271, 313, 'primary', 0, 0, '2020-10-25'),
(271, 335, 'primary', 0, 0, '2020-10-25'),
(272, 14, 'primary', 0, 0, '2020-11-11'),
(272, 17, 'primary', 0, 0, '2020-11-11'),
(272, 46, 'primary', 1, 0, '2020-11-11'),
(272, 65, 'primary', 0, 0, '2020-11-11'),
(272, 226, 'primary', 1, 0, '2020-11-11'),
(272, 227, 'primary', 1, 0, '2020-11-11'),
(272, 230, 'primary', 1, 0, '2020-11-11'),
(272, 290, 'primary', 0, 0, '2020-11-11'),
(278, 235, 'primary', 1, 0, '2020-12-03'),
(278, 348, 'primary', 1, 0, '2020-12-06'),
(278, 354, 'primary', 1, 0, '2020-12-06'),
(278, 369, 'primary', 1, 0, '2020-12-06'),
(278, 408, 'primary', 1, 0, '2020-12-06'),
(284, 16, 'primary', 0, 0, '2020-10-29'),
(284, 26, 'primary', 0, 0, '2020-10-29'),
(284, 218, 'primary', 0, 0, '2020-10-29'),
(284, 221, 'primary', 0, 0, '2020-10-29'),
(284, 238, 'primary', 0, 0, '2020-11-06'),
(284, 349, 'primary', 1, 0, '2020-12-02'),
(284, 376, 'primary', 1, 0, '2020-12-02'),
(284, 416, 'primary', 1, 0, '2020-12-02'),
(284, 453, 'primary', 1, 0, '2020-12-02'),
(284, 467, 'primary', 1, 0, '2020-12-02'),
(293, 16, 'primary', 0, 0, '2020-11-07'),
(293, 46, 'primary', 1, 0, '2020-11-07'),
(293, 227, 'primary', 1, 0, '2020-11-07'),
(293, 230, 'primary', 1, 0, '2020-11-07'),
(293, 311, 'primary', 0, 0, '2020-11-07'),
(306, 222, 'primary', 0, 0, '2020-11-27'),
(306, 224, 'primary', 0, 0, '2020-11-27'),
(306, 226, 'primary', 0, 0, '2020-11-27'),
(306, 230, 'primary', 0, 0, '2020-11-27'),
(306, 319, 'primary', 0, 0, '2020-11-27'),
(306, 365, 'primary', 1, 0, '2020-12-02'),
(306, 424, 'primary', 1, 0, '2020-12-02'),
(306, 429, 'primary', 1, 0, '2020-12-02'),
(306, 442, 'primary', 1, 0, '2020-12-02'),
(306, 455, 'primary', 1, 0, '2020-12-02');

-- --------------------------------------------------------

--
-- Stand-in structure for view `player_wish_wait`
-- (See below for the actual view)
--
CREATE TABLE `player_wish_wait` (
`item` int(11)
,`item_name` varchar(64)
,`player` int(11)
,`player_name` varchar(64)
,`rank` varchar(32)
,`class` varchar(16)
,`point` int(1)
,`nb_raid` bigint(21)
);

-- --------------------------------------------------------

--
-- Table structure for table `raid`
--

CREATE TABLE `raid` (
  `id` int(11) NOT NULL,
  `name` varchar(128) NOT NULL,
  `instance` varchar(8) NOT NULL DEFAULT 'ZG',
  `date` datetime NOT NULL DEFAULT CURRENT_TIMESTAMP,
  `running` tinyint(1) NOT NULL DEFAULT '1',
  `reroll_as_main` tinyint(1) NOT NULL DEFAULT '0'
) ENGINE=InnoDB DEFAULT CHARSET=utf8mb4;

--
-- Dumping data for table `raid`
--

INSERT INTO `raid` (`id`, `name`, `instance`, `date`, `running`, `reroll_as_main`) VALUES
(118, 'Mayo', 'AQ40', '2020-09-23 00:00:00', 0, 1),
(119, 'Ketchup', 'AQ40', '2020-09-24 00:00:00', 0, 1),
(120, 'Mayo (down de c\'thun)', 'AQ40', '2020-09-27 00:00:00', 0, 1),
(121, 'Mixte', 'AQ20', '2020-09-28 00:00:00', 0, 0),
(122, 'Ketchup (try sur cthun)', 'AQ40', '2020-09-29 00:00:00', 0, 1),
(123, 'Mayo', 'BWL', '2020-09-29 00:00:00', 0, 0),
(124, 'Mayo', 'AQ40', '2020-09-30 00:00:00', 0, 1),
(125, 'Ketchup', 'AQ40', '2020-10-01 00:00:00', 0, 1),
(126, 'Mayo (Confirmation C\'Thun)', 'AQ40', '2020-10-04 00:00:00', 0, 1),
(127, 'Ketchup (Down de c\'thun)', 'AQ40', '2020-10-06 00:00:00', 0, 1),
(128, 'Mayo (C\'thun en 1 soir)', 'AQ40', '2020-10-07 00:00:00', 0, 1),
(129, 'Ketchup (C\'thun en 1 soir)', 'AQ40', '2020-10-08 00:00:00', 0, 1),
(130, 'Mayo Try sur Visidius', 'BWL', '2020-10-11 00:00:00', 0, 0),
(131, 'Ketchup', 'BWL', '2020-10-11 00:00:00', 0, 0),
(132, 'Ketchup (try sur Visidius)', 'AQ40', '2020-10-13 00:00:00', 0, 1),
(133, 'Mayo', 'AQ40', '2020-10-14 00:00:00', 0, 1),
(134, 'Ketchup', 'AQ40', '2020-10-15 00:00:00', 0, 1),
(135, 'Mayo (Down Visci)', 'AQ40', '2020-10-18 00:00:00', 0, 1),
(136, 'Mayo', 'BWL', '2020-10-18 00:00:00', 0, 0),
(137, 'Mayo (Suite)', 'BWL', '2020-10-19 00:00:00', 0, 0),
(138, 'Ketchup', 'BWL', '2020-10-20 00:00:00', 0, 0),
(139, 'Ketchup (try sur C\'thun)', 'AQ40', '2020-10-20 00:00:00', 0, 1),
(140, 'Mayo', 'AQ40', '2020-10-21 00:00:00', 0, 1),
(141, 'Ketchup', 'AQ40', '2020-10-22 00:00:00', 0, 1),
(142, 'Mayo (Viscidius)', 'AQ40', '2020-10-25 00:00:00', 0, 1),
(143, 'Ketchup', 'BWL', '2020-10-25 00:00:00', 0, 0),
(144, 'Mayo', 'BWL', '2020-10-25 00:00:00', 0, 0),
(145, 'Mayo', 'BWL', '2020-10-26 00:00:00', 0, 0),
(146, 'Mayo', 'MC', '2020-10-26 00:00:00', 0, 0),
(147, 'Ketchup', 'AQ40', '2020-10-27 00:00:00', 0, 1),
(148, 'Mayo', 'AQ40', '2020-10-28 00:00:00', 0, 1),
(149, 'Ketchup', 'AQ40', '2020-10-29 00:00:00', 0, 1),
(150, 'Mayo', 'AQ40', '2020-11-01 00:00:00', 0, 1),
(151, 'Mayo', 'BWL', '2020-11-01 00:00:00', 0, 0),
(152, 'Mixte', 'MC', '2020-11-02 00:00:00', 0, 0),
(153, 'Ketchup', 'AQ40', '2020-11-03 00:00:00', 0, 1),
(154, 'Ketchup', 'BWL', '2020-11-03 00:00:00', 0, 0),
(155, 'Mayo', 'AQ40', '2020-11-04 00:00:00', 0, 1),
(156, 'Ketchup', 'AQ40', '2020-11-05 00:00:00', 0, 1),
(158, 'Mayo', 'AQ40', '2020-11-08 00:00:00', 0, 1),
(159, 'Mayo', 'BWL', '2020-11-08 00:00:00', 0, 0),
(160, 'Ketchup', 'BWL', '2020-11-10 00:00:00', 0, 0),
(161, 'Ketchup (Viscidius)', 'AQ40', '2020-11-10 00:00:00', 0, 1),
(162, 'Mayo', 'AQ40', '2020-11-11 00:00:00', 0, 1),
(163, 'AQ 40 Ketchup ', 'AQ40', '2020-11-12 00:00:00', 0, 1),
(164, 'Mayo (Viscidius)', 'AQ40', '2020-11-15 00:00:00', 0, 1),
(165, 'Mayo', 'BWL', '2020-11-15 00:00:00', 0, 0),
(166, 'Mixte', 'MC', '2020-11-16 00:00:00', 0, 0),
(167, 'Ketchup', 'AQ40', '2020-11-17 00:00:00', 0, 1),
(168, 'Ketchup', 'BWL', '2020-11-17 00:00:00', 0, 0),
(169, 'Mayo', 'AQ40', '2020-11-18 00:00:00', 0, 1),
(170, 'AQ 40 Ketchup', 'AQ40', '2020-11-19 00:00:00', 0, 1),
(171, 'Mayo', 'AQ40', '2020-11-22 00:00:00', 0, 1),
(172, 'Mayo', 'BWL', '2020-11-22 00:00:00', 0, 0),
(173, 'Ketchup', 'BWL', '2020-11-24 00:00:00', 0, 0),
(174, 'Arissa (ragna)', 'MC', '2020-11-24 00:00:00', 0, 0),
(175, 'Mayo', 'AQ40', '2020-11-25 00:00:00', 0, 1),
(176, 'Ketchup', 'AQ40', '2020-11-26 00:00:00', 0, 1),
(177, 'Mayo', 'BWL', '2020-11-29 00:00:00', 0, 0),
(178, 'Mayo (Geddon/Garr)', 'MC', '2020-11-29 00:00:00', 0, 0),
(179, 'Ketchup', 'BWL', '2020-12-01 00:00:00', 0, 1),
(180, 'Mayo', 'BWL', '2020-12-02 00:00:00', 0, 0),
(181, 'Mayo (2 liens)', 'MC', '2020-12-02 00:00:00', 0, 0),
(182, 'Arrissa', 'AQ40', '2020-12-03 00:00:00', 0, 1);

-- --------------------------------------------------------

--
-- Stand-in structure for view `raid_attendance`
-- (See below for the actual view)
--
CREATE TABLE `raid_attendance` (
`player` int(11)
,`player_id` int(11)
,`name` varchar(64)
,`instance` varchar(8)
,`period` varchar(6)
,`attendance` decimal(24,0)
);

-- --------------------------------------------------------

--
-- Stand-in structure for view `raid_avg_er`
-- (See below for the actual view)
--
CREATE TABLE `raid_avg_er` (
`instance` varchar(8)
,`er` double(17,0)
,`er_per_player` decimal(20,0)
);

-- --------------------------------------------------------

--
-- Table structure for table `raid_entry`
--

CREATE TABLE `raid_entry` (
  `raid` int(11) NOT NULL,
  `player` int(11) NOT NULL,
  `bench` tinyint(1) NOT NULL DEFAULT '0',
  `visible` tinyint(1) NOT NULL DEFAULT '1'
) ENGINE=InnoDB DEFAULT CHARSET=utf8mb4;

--
-- Dumping data for table `raid_entry`
--

INSERT INTO `raid_entry` (`raid`, `player`, `bench`, `visible`) VALUES
(118, 1, 0, 1),
(118, 8, 0, 1),
(118, 19, 0, 1),
(118, 21, 0, 1),
(118, 45, 0, 1),
(118, 50, 0, 1),
(118, 52, 0, 1),
(118, 56, 0, 1),
(118, 70, 0, 1),
(118, 73, 0, 1),
(118, 118, 0, 1),
(118, 143, 0, 1),
(118, 145, 0, 1),
(118, 157, 0, 1),
(118, 158, 0, 1),
(118, 159, 0, 1),
(118, 160, 0, 1),
(118, 161, 0, 1),
(118, 163, 0, 1),
(118, 165, 0, 1),
(118, 166, 0, 1),
(118, 168, 0, 1),
(118, 169, 0, 1),
(118, 170, 0, 1),
(118, 171, 0, 1),
(118, 172, 0, 1),
(118, 173, 0, 1),
(118, 174, 0, 1),
(118, 175, 0, 1),
(118, 176, 0, 1),
(118, 177, 0, 1),
(118, 178, 0, 1),
(118, 179, 0, 1),
(118, 180, 0, 1),
(118, 181, 0, 1),
(118, 182, 0, 1),
(118, 183, 0, 1),
(118, 184, 0, 1),
(118, 185, 0, 1),
(118, 186, 0, 1),
(119, 7, 0, 1),
(119, 10, 0, 1),
(119, 15, 0, 1),
(119, 23, 0, 1),
(119, 25, 0, 1),
(119, 27, 0, 1),
(119, 30, 0, 1),
(119, 36, 0, 1),
(119, 60, 0, 1),
(119, 66, 0, 1),
(119, 68, 0, 1),
(119, 93, 0, 1),
(119, 99, 0, 1),
(119, 100, 0, 1),
(119, 144, 0, 1),
(119, 150, 0, 1),
(119, 187, 0, 1),
(119, 188, 0, 1),
(119, 189, 0, 1),
(119, 190, 0, 1),
(119, 191, 0, 1),
(119, 192, 0, 1),
(119, 193, 0, 1),
(119, 194, 0, 1),
(119, 195, 0, 1),
(119, 196, 0, 1),
(119, 197, 0, 1),
(119, 198, 0, 1),
(119, 199, 0, 1),
(119, 200, 0, 1),
(119, 201, 0, 1),
(119, 202, 0, 1),
(119, 203, 0, 1),
(119, 204, 0, 1),
(119, 205, 0, 1),
(119, 206, 0, 1),
(119, 207, 0, 1),
(119, 208, 0, 1),
(119, 209, 0, 1),
(119, 210, 0, 1),
(120, 1, 0, 1),
(120, 8, 0, 1),
(120, 19, 0, 1),
(120, 21, 0, 1),
(120, 45, 0, 1),
(120, 52, 0, 1),
(120, 56, 0, 1),
(120, 70, 0, 1),
(120, 73, 0, 1),
(120, 101, 0, 1),
(120, 118, 0, 1),
(120, 143, 0, 1),
(120, 145, 0, 1),
(120, 157, 0, 1),
(120, 160, 0, 1),
(120, 163, 0, 1),
(120, 165, 0, 1),
(120, 166, 0, 1),
(120, 168, 0, 1),
(120, 169, 0, 1),
(120, 170, 0, 1),
(120, 171, 0, 1),
(120, 172, 0, 1),
(120, 173, 0, 1),
(120, 174, 0, 1),
(120, 175, 0, 1),
(120, 176, 0, 1),
(120, 178, 0, 1),
(120, 179, 0, 1),
(120, 180, 0, 1),
(120, 181, 0, 1),
(120, 182, 0, 1),
(120, 183, 0, 1),
(120, 184, 0, 1),
(120, 185, 0, 1),
(120, 186, 0, 1),
(120, 211, 0, 1),
(120, 212, 0, 1),
(120, 213, 0, 1),
(120, 215, 0, 1),
(121, 19, 0, 1),
(121, 24, 0, 1),
(121, 25, 0, 1),
(121, 44, 0, 1),
(121, 56, 0, 1),
(121, 101, 0, 1),
(121, 121, 0, 1),
(121, 128, 0, 1),
(121, 145, 0, 1),
(121, 160, 0, 1),
(121, 168, 0, 1),
(121, 184, 0, 1),
(121, 185, 0, 1),
(121, 196, 0, 1),
(121, 209, 0, 1),
(121, 216, 0, 1),
(121, 217, 0, 1),
(121, 218, 0, 1),
(121, 220, 0, 1),
(121, 221, 0, 1),
(122, 7, 0, 1),
(122, 10, 0, 1),
(122, 15, 0, 1),
(122, 23, 0, 1),
(122, 24, 0, 1),
(122, 25, 0, 1),
(122, 27, 0, 1),
(122, 30, 0, 1),
(122, 36, 0, 1),
(122, 66, 0, 1),
(122, 68, 0, 1),
(122, 99, 0, 1),
(122, 100, 0, 1),
(122, 144, 0, 1),
(122, 187, 0, 1),
(122, 188, 0, 1),
(122, 189, 0, 1),
(122, 192, 0, 1),
(122, 193, 0, 1),
(122, 195, 0, 1),
(122, 196, 0, 1),
(122, 197, 0, 1),
(122, 198, 0, 1),
(122, 199, 0, 1),
(122, 200, 0, 1),
(122, 201, 0, 1),
(122, 202, 0, 1),
(122, 205, 0, 1),
(122, 206, 0, 1),
(122, 209, 0, 1),
(122, 222, 0, 1),
(122, 223, 0, 1),
(122, 224, 0, 1),
(122, 225, 0, 1),
(122, 226, 0, 1),
(123, 8, 0, 1),
(123, 19, 0, 1),
(123, 45, 0, 1),
(123, 50, 0, 1),
(123, 56, 0, 1),
(123, 73, 0, 1),
(123, 101, 0, 1),
(123, 112, 0, 1),
(123, 118, 0, 1),
(123, 143, 0, 1),
(123, 145, 0, 1),
(123, 157, 0, 1),
(123, 160, 0, 1),
(123, 161, 0, 1),
(123, 163, 0, 1),
(123, 166, 0, 1),
(123, 168, 0, 1),
(123, 169, 0, 1),
(123, 170, 0, 1),
(123, 171, 0, 1),
(123, 176, 0, 1),
(123, 177, 0, 1),
(123, 180, 0, 1),
(123, 181, 0, 1),
(123, 182, 0, 1),
(123, 183, 0, 1),
(123, 185, 0, 1),
(123, 213, 0, 1),
(123, 215, 0, 1),
(123, 227, 0, 1),
(123, 228, 0, 1),
(123, 229, 0, 1),
(123, 230, 0, 1),
(123, 231, 0, 1),
(123, 232, 0, 1),
(123, 233, 0, 1),
(124, 1, 0, 1),
(124, 15, 0, 1),
(124, 18, 0, 1),
(124, 19, 0, 1),
(124, 27, 0, 1),
(124, 45, 0, 1),
(124, 52, 0, 1),
(124, 56, 0, 1),
(124, 60, 0, 1),
(124, 66, 0, 1),
(124, 70, 0, 1),
(124, 73, 0, 1),
(124, 79, 0, 1),
(124, 118, 0, 1),
(124, 157, 0, 1),
(124, 159, 0, 1),
(124, 160, 0, 1),
(124, 163, 0, 1),
(124, 165, 0, 1),
(124, 166, 0, 1),
(124, 168, 0, 1),
(124, 169, 0, 1),
(124, 171, 0, 1),
(124, 173, 0, 1),
(124, 174, 0, 1),
(124, 175, 0, 1),
(124, 176, 0, 1),
(124, 177, 0, 1),
(124, 179, 0, 1),
(124, 181, 0, 1),
(124, 182, 0, 1),
(124, 185, 0, 1),
(124, 186, 0, 1),
(124, 205, 0, 1),
(124, 206, 0, 1),
(124, 213, 0, 1),
(124, 217, 0, 1),
(124, 227, 0, 1),
(124, 235, 0, 1),
(124, 236, 0, 1),
(124, 238, 0, 1),
(125, 7, 0, 1),
(125, 8, 0, 1),
(125, 21, 0, 1),
(125, 23, 0, 1),
(125, 24, 0, 1),
(125, 25, 0, 1),
(125, 30, 0, 1),
(125, 36, 0, 1),
(125, 44, 0, 1),
(125, 68, 0, 1),
(125, 99, 0, 1),
(125, 100, 0, 1),
(125, 101, 0, 1),
(125, 112, 0, 1),
(125, 143, 0, 1),
(125, 144, 0, 1),
(125, 145, 0, 1),
(125, 170, 0, 1),
(125, 183, 0, 1),
(125, 184, 0, 1),
(125, 187, 0, 1),
(125, 188, 0, 1),
(125, 192, 0, 1),
(125, 193, 0, 1),
(125, 195, 0, 1),
(125, 196, 0, 1),
(125, 197, 0, 1),
(125, 198, 0, 1),
(125, 199, 0, 1),
(125, 200, 0, 1),
(125, 201, 0, 1),
(125, 204, 0, 1),
(125, 209, 0, 1),
(125, 221, 0, 1),
(125, 223, 0, 1),
(125, 224, 0, 1),
(125, 225, 0, 1),
(125, 226, 0, 1),
(125, 239, 0, 1),
(126, 1, 0, 1),
(126, 15, 0, 1),
(126, 18, 0, 1),
(126, 19, 0, 1),
(126, 27, 0, 1),
(126, 45, 0, 1),
(126, 52, 0, 1),
(126, 56, 0, 1),
(126, 66, 0, 1),
(126, 70, 0, 1),
(126, 73, 0, 1),
(126, 118, 0, 1),
(126, 157, 0, 1),
(126, 160, 0, 1),
(126, 163, 0, 1),
(126, 165, 0, 1),
(126, 166, 0, 1),
(126, 168, 0, 1),
(126, 169, 0, 1),
(126, 171, 0, 1),
(126, 172, 0, 1),
(126, 173, 0, 1),
(126, 174, 0, 1),
(126, 175, 0, 1),
(126, 176, 0, 1),
(126, 177, 0, 1),
(126, 179, 0, 1),
(126, 180, 0, 1),
(126, 181, 0, 1),
(126, 182, 0, 1),
(126, 185, 0, 1),
(126, 186, 0, 1),
(126, 205, 0, 1),
(126, 206, 0, 1),
(126, 213, 0, 1),
(126, 217, 0, 1),
(126, 227, 0, 1),
(126, 235, 0, 1),
(126, 236, 0, 1),
(126, 238, 0, 1),
(127, 7, 0, 1),
(127, 8, 0, 1),
(127, 21, 0, 1),
(127, 23, 0, 1),
(127, 24, 0, 1),
(127, 25, 0, 1),
(127, 30, 0, 1),
(127, 59, 0, 1),
(127, 68, 0, 1),
(127, 99, 0, 1),
(127, 101, 0, 1),
(127, 112, 0, 1),
(127, 143, 0, 1),
(127, 145, 0, 1),
(127, 170, 0, 1),
(127, 183, 0, 1),
(127, 184, 0, 1),
(127, 187, 0, 1),
(127, 188, 0, 1),
(127, 192, 0, 1),
(127, 193, 0, 1),
(127, 195, 0, 1),
(127, 196, 0, 1),
(127, 198, 0, 1),
(127, 199, 0, 1),
(127, 200, 0, 1),
(127, 201, 0, 1),
(127, 204, 0, 1),
(127, 207, 0, 1),
(127, 209, 0, 1),
(127, 221, 0, 1),
(127, 222, 0, 1),
(127, 223, 0, 1),
(127, 224, 0, 1),
(127, 226, 0, 1),
(127, 241, 0, 1),
(127, 242, 0, 1),
(127, 243, 0, 1),
(127, 244, 0, 1),
(127, 245, 0, 1),
(128, 1, 0, 1),
(128, 10, 0, 1),
(128, 15, 0, 1),
(128, 19, 0, 1),
(128, 24, 0, 1),
(128, 45, 0, 1),
(128, 50, 0, 1),
(128, 52, 0, 1),
(128, 56, 0, 1),
(128, 66, 0, 1),
(128, 70, 0, 1),
(128, 73, 0, 1),
(128, 118, 0, 1),
(128, 157, 0, 1),
(128, 160, 0, 1),
(128, 163, 0, 1),
(128, 165, 0, 1),
(128, 166, 0, 1),
(128, 168, 0, 1),
(128, 169, 0, 1),
(128, 171, 0, 1),
(128, 174, 0, 1),
(128, 175, 0, 1),
(128, 176, 0, 1),
(128, 177, 0, 1),
(128, 179, 0, 1),
(128, 181, 0, 1),
(128, 182, 0, 1),
(128, 185, 0, 1),
(128, 186, 0, 1),
(128, 205, 0, 1),
(128, 206, 0, 1),
(128, 213, 0, 1),
(128, 217, 0, 1),
(128, 220, 0, 1),
(128, 227, 0, 1),
(128, 235, 0, 1),
(128, 236, 0, 1),
(128, 238, 0, 1),
(128, 246, 0, 1),
(129, 7, 0, 1),
(129, 8, 0, 1),
(129, 18, 0, 1),
(129, 21, 0, 1),
(129, 23, 0, 1),
(129, 25, 0, 1),
(129, 27, 0, 1),
(129, 30, 0, 1),
(129, 59, 0, 1),
(129, 99, 0, 1),
(129, 101, 0, 1),
(129, 112, 0, 1),
(129, 143, 0, 1),
(129, 170, 0, 1),
(129, 184, 0, 1),
(129, 187, 0, 1),
(129, 188, 0, 1),
(129, 192, 0, 1),
(129, 195, 0, 1),
(129, 196, 0, 1),
(129, 197, 0, 1),
(129, 198, 0, 1),
(129, 199, 0, 1),
(129, 200, 0, 1),
(129, 201, 0, 1),
(129, 204, 0, 1),
(129, 207, 0, 1),
(129, 209, 0, 1),
(129, 221, 0, 1),
(129, 224, 0, 1),
(129, 225, 0, 1),
(129, 226, 0, 1),
(129, 239, 0, 1),
(129, 244, 0, 1),
(129, 247, 0, 1),
(129, 248, 0, 1),
(129, 249, 0, 1),
(130, 1, 0, 1),
(130, 15, 0, 1),
(130, 19, 0, 1),
(130, 24, 0, 1),
(130, 45, 0, 1),
(130, 52, 0, 1),
(130, 66, 0, 1),
(130, 70, 0, 1),
(130, 73, 0, 1),
(130, 118, 0, 1),
(130, 157, 0, 1),
(130, 160, 0, 1),
(130, 163, 0, 1),
(130, 165, 0, 1),
(130, 166, 0, 1),
(130, 168, 0, 1),
(130, 169, 0, 1),
(130, 171, 0, 1),
(130, 173, 0, 1),
(130, 174, 0, 1),
(130, 175, 0, 1),
(130, 176, 0, 1),
(130, 177, 0, 1),
(130, 179, 0, 1),
(130, 182, 0, 1),
(130, 185, 0, 1),
(130, 186, 0, 1),
(130, 205, 0, 1),
(130, 206, 0, 1),
(130, 213, 0, 1),
(130, 217, 0, 1),
(130, 227, 0, 1),
(130, 235, 0, 1),
(130, 236, 0, 1),
(130, 241, 0, 1),
(130, 246, 0, 1),
(130, 250, 0, 1),
(131, 8, 0, 1),
(131, 23, 0, 1),
(131, 25, 0, 1),
(131, 27, 0, 1),
(131, 30, 0, 1),
(131, 101, 0, 1),
(131, 112, 0, 1),
(131, 143, 0, 1),
(131, 170, 0, 1),
(131, 180, 0, 1),
(131, 183, 0, 1),
(131, 188, 0, 1),
(131, 190, 0, 1),
(131, 192, 0, 1),
(131, 195, 0, 1),
(131, 198, 0, 1),
(131, 199, 0, 1),
(131, 207, 0, 1),
(131, 209, 0, 1),
(131, 224, 0, 1),
(131, 226, 0, 1),
(131, 239, 0, 1),
(131, 244, 0, 1),
(131, 248, 0, 1),
(131, 249, 0, 1),
(131, 253, 0, 1),
(131, 257, 0, 1),
(131, 272, 0, 1),
(132, 8, 0, 1),
(132, 18, 0, 1),
(132, 23, 0, 1),
(132, 25, 0, 1),
(132, 27, 0, 1),
(132, 30, 0, 1),
(132, 36, 0, 1),
(132, 68, 0, 1),
(132, 79, 0, 1),
(132, 99, 0, 1),
(132, 101, 0, 1),
(132, 121, 0, 1),
(132, 143, 0, 1),
(132, 145, 0, 1),
(132, 170, 0, 1),
(132, 183, 0, 1),
(132, 187, 0, 1),
(132, 188, 0, 1),
(132, 191, 0, 1),
(132, 192, 0, 1),
(132, 195, 0, 1),
(132, 196, 0, 1),
(132, 197, 0, 1),
(132, 198, 0, 1),
(132, 199, 0, 1),
(132, 200, 0, 1),
(132, 201, 0, 1),
(132, 207, 0, 1),
(132, 221, 0, 1),
(132, 223, 0, 1),
(132, 224, 0, 1),
(132, 225, 0, 1),
(132, 226, 0, 1),
(132, 249, 0, 1),
(132, 259, 0, 1),
(133, 1, 0, 1),
(133, 9, 0, 1),
(133, 10, 0, 1),
(133, 24, 0, 1),
(133, 45, 0, 1),
(133, 50, 0, 1),
(133, 60, 0, 1),
(133, 63, 0, 1),
(133, 70, 0, 1),
(133, 73, 0, 1),
(133, 118, 0, 1),
(133, 143, 0, 1),
(133, 145, 0, 1),
(133, 151, 0, 1),
(133, 157, 0, 1),
(133, 160, 0, 1),
(133, 163, 0, 1),
(133, 165, 0, 1),
(133, 166, 0, 1),
(133, 168, 0, 1),
(133, 171, 0, 1),
(133, 172, 0, 1),
(133, 173, 0, 1),
(133, 174, 0, 1),
(133, 175, 0, 1),
(133, 176, 0, 1),
(133, 177, 0, 1),
(133, 179, 0, 1),
(133, 180, 0, 1),
(133, 182, 0, 1),
(133, 205, 0, 1),
(133, 206, 0, 1),
(133, 212, 0, 1),
(133, 227, 0, 1),
(133, 235, 0, 1),
(133, 236, 0, 1),
(133, 241, 0, 1),
(133, 244, 0, 1),
(133, 246, 0, 1),
(133, 250, 0, 1),
(133, 260, 0, 1),
(134, 7, 0, 1),
(134, 8, 0, 1),
(134, 15, 0, 1),
(134, 18, 0, 1),
(134, 19, 0, 1),
(134, 21, 0, 1),
(134, 23, 0, 1),
(134, 27, 0, 1),
(134, 30, 0, 1),
(134, 66, 0, 1),
(134, 68, 0, 1),
(134, 99, 0, 1),
(134, 101, 0, 1),
(134, 169, 0, 1),
(134, 170, 0, 1),
(134, 181, 0, 1),
(134, 183, 0, 1),
(134, 184, 0, 1),
(134, 187, 0, 1),
(134, 188, 0, 1),
(134, 191, 0, 1),
(134, 192, 0, 1),
(134, 193, 0, 1),
(134, 195, 0, 1),
(134, 196, 0, 1),
(134, 197, 1, 1),
(134, 198, 0, 1),
(134, 199, 0, 1),
(134, 200, 0, 1),
(134, 201, 0, 1),
(134, 204, 0, 1),
(134, 207, 0, 1),
(134, 209, 0, 1),
(134, 220, 0, 1),
(134, 224, 0, 1),
(134, 225, 0, 1),
(134, 226, 0, 1),
(134, 239, 0, 1),
(134, 245, 0, 1),
(134, 248, 0, 1),
(134, 249, 0, 1),
(135, 1, 0, 1),
(135, 9, 0, 1),
(135, 10, 0, 1),
(135, 24, 0, 1),
(135, 52, 0, 1),
(135, 56, 0, 1),
(135, 60, 0, 1),
(135, 118, 0, 1),
(135, 143, 0, 1),
(135, 145, 0, 1),
(135, 157, 0, 1),
(135, 158, 0, 1),
(135, 160, 0, 1),
(135, 163, 0, 1),
(135, 165, 0, 1),
(135, 166, 0, 1),
(135, 168, 0, 1),
(135, 171, 0, 1),
(135, 172, 0, 1),
(135, 174, 0, 1),
(135, 175, 0, 1),
(135, 176, 0, 1),
(135, 179, 0, 1),
(135, 180, 0, 1),
(135, 182, 0, 1),
(135, 186, 0, 1),
(135, 205, 0, 1),
(135, 206, 0, 1),
(135, 212, 0, 1),
(135, 217, 0, 1),
(135, 227, 0, 1),
(135, 235, 0, 1),
(135, 236, 0, 1),
(135, 241, 0, 1),
(135, 244, 0, 1),
(135, 246, 0, 1),
(135, 250, 0, 1),
(135, 261, 0, 1),
(136, 1, 0, 1),
(136, 9, 0, 1),
(136, 10, 0, 1),
(136, 24, 0, 1),
(136, 52, 0, 1),
(136, 56, 0, 1),
(136, 60, 0, 1),
(136, 118, 0, 1),
(136, 143, 0, 1),
(136, 145, 0, 1),
(136, 163, 0, 1),
(136, 165, 0, 1),
(136, 166, 0, 1),
(136, 168, 0, 1),
(136, 171, 0, 1),
(136, 172, 0, 1),
(136, 174, 0, 1),
(136, 175, 0, 1),
(136, 176, 0, 1),
(136, 179, 0, 1),
(136, 180, 0, 1),
(136, 182, 0, 1),
(136, 186, 0, 1),
(136, 205, 0, 1),
(136, 217, 0, 1),
(136, 227, 0, 1),
(136, 235, 0, 1),
(136, 236, 0, 1),
(136, 241, 0, 1),
(136, 244, 0, 1),
(136, 246, 0, 1),
(136, 250, 0, 1),
(136, 261, 0, 1),
(136, 262, 0, 1),
(136, 263, 0, 1),
(136, 264, 0, 1),
(137, 2, 0, 1),
(137, 24, 0, 1),
(137, 56, 0, 1),
(137, 60, 0, 1),
(137, 73, 0, 1),
(137, 118, 0, 1),
(137, 131, 0, 1),
(137, 143, 0, 1),
(137, 145, 0, 1),
(137, 158, 0, 1),
(137, 163, 0, 1),
(137, 165, 0, 1),
(137, 166, 0, 1),
(137, 168, 0, 1),
(137, 176, 0, 1),
(137, 179, 0, 1),
(137, 180, 0, 1),
(137, 182, 0, 1),
(137, 185, 0, 1),
(137, 236, 0, 1),
(137, 244, 0, 1),
(137, 246, 0, 1),
(137, 250, 0, 1),
(137, 260, 0, 1),
(137, 262, 0, 1),
(137, 263, 0, 1),
(137, 264, 0, 1),
(137, 265, 0, 1),
(137, 266, 0, 1),
(137, 267, 0, 1),
(138, 7, 0, 1),
(138, 8, 0, 1),
(138, 18, 0, 1),
(138, 19, 0, 1),
(138, 23, 0, 1),
(138, 25, 0, 1),
(138, 36, 0, 1),
(138, 91, 0, 1),
(138, 99, 0, 1),
(138, 101, 0, 1),
(138, 112, 0, 1),
(138, 169, 0, 1),
(138, 170, 0, 1),
(138, 181, 0, 1),
(138, 183, 0, 1),
(138, 184, 0, 1),
(138, 187, 0, 1),
(138, 190, 0, 1),
(138, 191, 0, 1),
(138, 192, 0, 1),
(138, 193, 1, 1),
(138, 195, 0, 1),
(138, 196, 0, 1),
(138, 197, 0, 1),
(138, 198, 0, 1),
(138, 199, 0, 1),
(138, 200, 0, 1),
(138, 201, 0, 1),
(138, 204, 0, 1),
(138, 207, 0, 1),
(138, 209, 0, 1),
(138, 224, 0, 1),
(138, 225, 0, 1),
(138, 226, 0, 1),
(138, 248, 0, 1),
(138, 249, 0, 1),
(138, 253, 0, 1),
(138, 267, 0, 1),
(138, 268, 0, 1),
(138, 269, 0, 1),
(139, 7, 0, 1),
(139, 8, 0, 1),
(139, 18, 0, 1),
(139, 19, 0, 1),
(139, 21, 0, 1),
(139, 23, 0, 1),
(139, 25, 0, 1),
(139, 36, 0, 1),
(139, 68, 0, 1),
(139, 99, 0, 1),
(139, 101, 0, 1),
(139, 112, 0, 1),
(139, 169, 0, 1),
(139, 170, 0, 1),
(139, 181, 0, 1),
(139, 183, 0, 1),
(139, 184, 0, 1),
(139, 187, 0, 1),
(139, 190, 0, 1),
(139, 191, 0, 1),
(139, 192, 0, 1),
(139, 193, 0, 1),
(139, 195, 0, 1),
(139, 196, 0, 1),
(139, 197, 0, 1),
(139, 198, 0, 1),
(139, 199, 0, 1),
(139, 200, 0, 1),
(139, 201, 0, 1),
(139, 204, 0, 1),
(139, 207, 0, 1),
(139, 209, 0, 1),
(139, 224, 0, 1),
(139, 225, 0, 1),
(139, 226, 0, 1),
(139, 248, 0, 1),
(139, 249, 0, 1),
(139, 253, 0, 1),
(139, 268, 0, 1),
(139, 269, 0, 1),
(140, 8, 0, 1),
(140, 19, 0, 1),
(140, 24, 0, 1),
(140, 50, 0, 1),
(140, 52, 0, 1),
(140, 56, 0, 1),
(140, 60, 0, 1),
(140, 70, 0, 1),
(140, 73, 0, 1),
(140, 118, 0, 1),
(140, 143, 0, 1),
(140, 145, 0, 1),
(140, 157, 0, 1),
(140, 160, 0, 1),
(140, 163, 0, 1),
(140, 165, 0, 1),
(140, 166, 0, 1),
(140, 168, 0, 1),
(140, 171, 0, 1),
(140, 173, 0, 1),
(140, 174, 0, 1),
(140, 176, 0, 1),
(140, 179, 0, 1),
(140, 180, 0, 1),
(140, 185, 0, 1),
(140, 186, 0, 1),
(140, 188, 0, 1),
(140, 205, 0, 1),
(140, 206, 0, 1),
(140, 213, 0, 1),
(140, 220, 0, 1),
(140, 227, 0, 1),
(140, 235, 0, 1),
(140, 236, 0, 1),
(140, 238, 0, 1),
(140, 241, 0, 1),
(140, 244, 0, 1),
(140, 246, 0, 1),
(140, 250, 0, 1),
(140, 270, 0, 1),
(141, 1, 0, 1),
(141, 7, 0, 1),
(141, 18, 0, 1),
(141, 21, 0, 1),
(141, 23, 0, 1),
(141, 25, 0, 1),
(141, 30, 0, 1),
(141, 36, 0, 1),
(141, 62, 0, 1),
(141, 68, 0, 1),
(141, 99, 0, 1),
(141, 108, 0, 1),
(141, 112, 0, 1),
(141, 169, 0, 1),
(141, 170, 0, 1),
(141, 181, 0, 1),
(141, 183, 0, 1),
(141, 184, 0, 1),
(141, 190, 0, 1),
(141, 191, 0, 1),
(141, 192, 0, 1),
(141, 195, 0, 1),
(141, 196, 0, 1),
(141, 197, 0, 1),
(141, 198, 0, 1),
(141, 199, 0, 1),
(141, 200, 0, 1),
(141, 201, 0, 1),
(141, 204, 0, 1),
(141, 207, 0, 1),
(141, 209, 0, 1),
(141, 222, 0, 1),
(141, 223, 0, 1),
(141, 224, 0, 1),
(141, 226, 0, 1),
(141, 239, 0, 1),
(141, 248, 0, 1),
(141, 249, 0, 1),
(141, 269, 0, 1),
(142, 8, 0, 1),
(142, 10, 0, 1),
(142, 19, 0, 1),
(142, 24, 0, 1),
(142, 50, 0, 1),
(142, 56, 0, 1),
(142, 60, 0, 1),
(142, 70, 0, 1),
(142, 118, 0, 1),
(142, 157, 0, 1),
(142, 158, 0, 1),
(142, 160, 0, 1),
(142, 163, 0, 1),
(142, 165, 0, 1),
(142, 166, 0, 1),
(142, 168, 0, 1),
(142, 171, 0, 1),
(142, 173, 0, 1),
(142, 174, 0, 1),
(142, 176, 0, 1),
(142, 179, 0, 1),
(142, 180, 0, 1),
(142, 182, 0, 1),
(142, 185, 0, 1),
(142, 186, 0, 1),
(142, 188, 0, 1),
(142, 193, 0, 1),
(142, 206, 0, 1),
(142, 220, 0, 1),
(142, 227, 0, 1),
(142, 235, 0, 1),
(142, 236, 0, 1),
(142, 241, 0, 1),
(142, 244, 0, 1),
(142, 246, 0, 1),
(142, 247, 0, 1),
(142, 250, 0, 1),
(142, 260, 0, 1),
(142, 261, 0, 1),
(142, 270, 0, 1),
(143, 1, 0, 1),
(143, 21, 0, 1),
(143, 23, 0, 1),
(143, 25, 0, 1),
(143, 30, 0, 1),
(143, 56, 0, 1),
(143, 60, 0, 1),
(143, 63, 0, 1),
(143, 70, 0, 1),
(143, 112, 0, 1),
(143, 170, 0, 1),
(143, 171, 0, 1),
(143, 179, 0, 1),
(143, 182, 0, 1),
(143, 183, 0, 1),
(143, 187, 0, 1),
(143, 190, 0, 1),
(143, 191, 0, 1),
(143, 195, 0, 1),
(143, 196, 0, 1),
(143, 198, 0, 1),
(143, 201, 0, 1),
(143, 206, 0, 1),
(143, 226, 0, 1),
(143, 227, 0, 1),
(143, 235, 0, 1),
(143, 246, 0, 1),
(143, 248, 0, 1),
(143, 269, 0, 1),
(143, 271, 0, 1),
(143, 272, 0, 1),
(143, 273, 0, 1),
(143, 274, 0, 1),
(144, 8, 0, 1),
(144, 10, 0, 1),
(144, 19, 0, 1),
(144, 24, 0, 1),
(144, 118, 0, 1),
(144, 157, 0, 1),
(144, 158, 0, 1),
(144, 160, 0, 1),
(144, 163, 0, 1),
(144, 165, 0, 1),
(144, 166, 0, 1),
(144, 168, 0, 1),
(144, 173, 0, 1),
(144, 174, 0, 1),
(144, 176, 0, 1),
(144, 180, 0, 1),
(144, 181, 0, 1),
(144, 184, 0, 1),
(144, 185, 0, 1),
(144, 186, 0, 1),
(144, 188, 0, 1),
(144, 209, 0, 1),
(144, 220, 0, 1),
(144, 223, 0, 1),
(144, 236, 0, 1),
(144, 241, 0, 1),
(144, 244, 0, 1),
(144, 250, 0, 1),
(144, 253, 0, 1),
(144, 261, 0, 1),
(144, 265, 0, 1),
(144, 270, 0, 1),
(144, 275, 0, 1),
(145, 8, 0, 1),
(145, 19, 0, 1),
(145, 118, 0, 1),
(145, 131, 0, 1),
(145, 137, 0, 1),
(145, 151, 0, 1),
(145, 157, 0, 1),
(145, 158, 0, 1),
(145, 163, 0, 1),
(145, 165, 0, 1),
(145, 166, 0, 1),
(145, 168, 0, 1),
(145, 169, 0, 1),
(145, 173, 0, 1),
(145, 175, 0, 1),
(145, 180, 0, 1),
(145, 181, 0, 1),
(145, 188, 0, 1),
(145, 193, 0, 1),
(145, 198, 0, 1),
(145, 207, 0, 1),
(145, 209, 0, 1),
(145, 223, 0, 1),
(145, 236, 0, 1),
(145, 241, 0, 1),
(145, 244, 0, 1),
(145, 250, 0, 1),
(145, 260, 0, 1),
(145, 265, 0, 1),
(145, 270, 0, 1),
(145, 276, 0, 1),
(145, 277, 0, 1),
(145, 278, 0, 1),
(145, 279, 0, 1),
(145, 280, 0, 1),
(146, 8, 0, 1),
(146, 19, 0, 1),
(146, 25, 0, 1),
(146, 41, 0, 1),
(146, 131, 0, 1),
(146, 137, 0, 1),
(146, 151, 0, 1),
(146, 157, 0, 1),
(146, 165, 0, 1),
(146, 166, 0, 1),
(146, 168, 0, 1),
(146, 169, 0, 1),
(146, 175, 0, 1),
(146, 181, 0, 1),
(146, 184, 0, 1),
(146, 188, 0, 1),
(146, 200, 0, 1),
(146, 206, 0, 1),
(146, 207, 0, 1),
(146, 209, 0, 1),
(146, 226, 0, 1),
(146, 241, 0, 1),
(146, 244, 0, 1),
(146, 260, 0, 1),
(146, 265, 0, 1),
(146, 276, 0, 1),
(146, 277, 0, 1),
(146, 280, 0, 1),
(146, 281, 0, 1),
(146, 282, 0, 1),
(147, 1, 0, 1),
(147, 7, 0, 1),
(147, 21, 0, 1),
(147, 23, 0, 1),
(147, 25, 0, 1),
(147, 30, 0, 1),
(147, 99, 0, 1),
(147, 162, 0, 1),
(147, 169, 0, 1),
(147, 170, 0, 1),
(147, 172, 0, 1),
(147, 181, 0, 1),
(147, 183, 0, 1),
(147, 184, 0, 1),
(147, 187, 0, 1),
(147, 190, 0, 1),
(147, 191, 0, 1),
(147, 192, 0, 1),
(147, 195, 0, 1),
(147, 196, 0, 1),
(147, 198, 0, 1),
(147, 199, 0, 1),
(147, 200, 0, 1),
(147, 207, 0, 1),
(147, 215, 0, 1),
(147, 221, 0, 1),
(147, 223, 0, 1),
(147, 224, 0, 1),
(147, 225, 0, 1),
(147, 242, 0, 1),
(147, 243, 0, 1),
(147, 248, 0, 1),
(147, 249, 0, 1),
(147, 259, 0, 1),
(147, 264, 0, 1),
(147, 265, 0, 1),
(147, 269, 0, 1),
(147, 276, 0, 1),
(148, 1, 0, 1),
(148, 10, 0, 1),
(148, 19, 0, 1),
(148, 41, 0, 1),
(148, 50, 0, 1),
(148, 60, 0, 1),
(148, 99, 0, 1),
(148, 108, 0, 1),
(148, 118, 0, 1),
(148, 151, 0, 1),
(148, 157, 0, 1),
(148, 158, 0, 1),
(148, 160, 0, 1),
(148, 165, 0, 1),
(148, 166, 0, 1),
(148, 168, 0, 1),
(148, 170, 0, 1),
(148, 171, 0, 1),
(148, 174, 0, 1),
(148, 175, 0, 1),
(148, 176, 0, 1),
(148, 177, 0, 1),
(148, 179, 0, 1),
(148, 182, 0, 1),
(148, 185, 0, 1),
(148, 186, 0, 1),
(148, 188, 0, 1),
(148, 189, 0, 1),
(148, 206, 0, 1),
(148, 220, 0, 1),
(148, 227, 0, 1),
(148, 235, 0, 1),
(148, 236, 0, 1),
(148, 244, 0, 1),
(148, 250, 0, 1),
(148, 260, 0, 1),
(148, 268, 0, 1),
(148, 270, 0, 1),
(148, 281, 0, 1),
(149, 7, 0, 1),
(149, 8, 0, 1),
(149, 23, 0, 1),
(149, 25, 0, 1),
(149, 30, 0, 1),
(149, 59, 0, 1),
(149, 112, 0, 1),
(149, 121, 0, 1),
(149, 163, 0, 1),
(149, 169, 0, 1),
(149, 180, 0, 1),
(149, 181, 0, 1),
(149, 183, 0, 1),
(149, 187, 0, 1),
(149, 190, 0, 1),
(149, 191, 0, 1),
(149, 192, 0, 1),
(149, 193, 0, 1),
(149, 195, 0, 1),
(149, 196, 0, 1),
(149, 197, 0, 1),
(149, 198, 0, 1),
(149, 199, 0, 1),
(149, 200, 0, 1),
(149, 201, 0, 1),
(149, 204, 0, 1),
(149, 207, 0, 1),
(149, 209, 0, 1),
(149, 221, 0, 1),
(149, 223, 0, 1),
(149, 224, 0, 1),
(149, 225, 0, 1),
(149, 226, 0, 1),
(149, 233, 0, 1),
(149, 239, 0, 1),
(149, 241, 0, 1),
(149, 245, 0, 1),
(149, 248, 0, 1),
(149, 265, 0, 1),
(149, 269, 0, 1),
(149, 284, 0, 1),
(150, 1, 0, 1),
(150, 19, 0, 1),
(150, 41, 0, 1),
(150, 50, 0, 1),
(150, 56, 0, 1),
(150, 60, 0, 1),
(150, 73, 0, 1),
(150, 99, 0, 1),
(150, 108, 0, 1),
(150, 118, 0, 1),
(150, 157, 0, 1),
(150, 160, 0, 1),
(150, 165, 0, 1),
(150, 166, 0, 1),
(150, 168, 0, 1),
(150, 170, 0, 1),
(150, 171, 0, 1),
(150, 173, 0, 1),
(150, 174, 0, 1),
(150, 175, 0, 1),
(150, 176, 0, 1),
(150, 177, 0, 1),
(150, 179, 0, 1),
(150, 182, 0, 1),
(150, 185, 0, 1),
(150, 188, 0, 1),
(150, 206, 0, 1),
(150, 210, 0, 1),
(150, 220, 0, 1),
(150, 227, 0, 1),
(150, 234, 0, 1),
(150, 235, 0, 1),
(150, 236, 0, 1),
(150, 244, 0, 1),
(150, 246, 0, 1),
(150, 250, 0, 1),
(150, 260, 0, 1),
(150, 268, 0, 1),
(150, 270, 0, 1),
(150, 281, 0, 1),
(151, 1, 0, 1),
(151, 19, 0, 1),
(151, 56, 0, 1),
(151, 60, 0, 1),
(151, 73, 0, 1),
(151, 99, 0, 1),
(151, 108, 0, 1),
(151, 118, 0, 1),
(151, 157, 0, 1),
(151, 160, 0, 1),
(151, 165, 0, 1),
(151, 166, 0, 1),
(151, 168, 0, 1),
(151, 170, 0, 1),
(151, 171, 0, 1),
(151, 173, 0, 1),
(151, 174, 0, 1),
(151, 175, 0, 1),
(151, 176, 0, 1),
(151, 177, 0, 1),
(151, 179, 0, 1),
(151, 180, 0, 1),
(151, 185, 0, 1),
(151, 186, 0, 1),
(151, 188, 0, 1),
(151, 206, 0, 1),
(151, 210, 0, 1),
(151, 220, 0, 1),
(151, 227, 0, 1),
(151, 235, 0, 1),
(151, 236, 0, 1),
(151, 244, 0, 1),
(151, 246, 0, 1),
(151, 250, 0, 1),
(151, 260, 0, 1),
(151, 268, 0, 1),
(151, 270, 0, 1),
(151, 276, 0, 1),
(151, 281, 0, 1),
(152, 8, 0, 1),
(152, 30, 0, 1),
(152, 56, 0, 1),
(152, 60, 0, 1),
(152, 73, 0, 1),
(152, 112, 0, 1),
(152, 121, 0, 1),
(152, 151, 0, 1),
(152, 168, 0, 1),
(152, 181, 0, 1),
(152, 182, 0, 1),
(152, 183, 0, 1),
(152, 185, 0, 1),
(152, 196, 0, 1),
(152, 198, 0, 1),
(152, 200, 0, 1),
(152, 207, 0, 1),
(152, 224, 0, 1),
(152, 226, 0, 1),
(152, 234, 0, 1),
(152, 236, 0, 1),
(152, 241, 0, 1),
(152, 250, 0, 1),
(152, 265, 0, 1),
(152, 270, 0, 1),
(152, 271, 0, 1),
(152, 272, 0, 1),
(152, 274, 0, 1),
(152, 282, 0, 1),
(152, 285, 0, 1),
(152, 286, 0, 1),
(152, 287, 0, 1),
(152, 288, 0, 1),
(152, 289, 0, 1),
(153, 7, 0, 1),
(153, 8, 0, 1),
(153, 21, 0, 1),
(153, 23, 0, 1),
(153, 30, 0, 1),
(153, 36, 0, 1),
(153, 112, 0, 1),
(153, 121, 1, 1),
(153, 163, 0, 1),
(153, 169, 0, 1),
(153, 172, 0, 1),
(153, 180, 0, 1),
(153, 181, 0, 1),
(153, 183, 0, 1),
(153, 184, 0, 1),
(153, 187, 0, 1),
(153, 190, 0, 1),
(153, 191, 0, 1),
(153, 192, 0, 1),
(153, 193, 0, 1),
(153, 195, 0, 1),
(153, 196, 0, 1),
(153, 197, 0, 1),
(153, 198, 0, 1),
(153, 199, 0, 1),
(153, 200, 0, 1),
(153, 201, 0, 1),
(153, 204, 0, 1),
(153, 207, 0, 1),
(153, 209, 0, 1),
(153, 224, 0, 1),
(153, 225, 0, 1),
(153, 226, 0, 1),
(153, 239, 0, 1),
(153, 241, 0, 1),
(153, 245, 0, 1),
(153, 248, 0, 1),
(153, 265, 1, 1),
(153, 269, 0, 1),
(153, 271, 0, 1),
(153, 272, 0, 1),
(153, 284, 0, 1),
(154, 8, 0, 1),
(154, 21, 0, 1),
(154, 23, 0, 1),
(154, 30, 0, 1),
(154, 36, 0, 1),
(154, 112, 0, 1),
(154, 163, 0, 1),
(154, 169, 0, 1),
(154, 172, 0, 1),
(154, 181, 0, 1),
(154, 183, 0, 1),
(154, 184, 0, 1),
(154, 187, 0, 1),
(154, 190, 0, 1),
(154, 191, 0, 1),
(154, 195, 0, 1),
(154, 196, 0, 1),
(154, 197, 0, 1),
(154, 198, 0, 1),
(154, 199, 0, 1),
(154, 201, 0, 1),
(154, 204, 0, 1),
(154, 207, 0, 1),
(154, 209, 0, 1),
(154, 224, 0, 1),
(154, 225, 0, 1),
(154, 226, 0, 1),
(154, 241, 0, 1),
(154, 245, 0, 1),
(154, 248, 0, 1),
(154, 265, 0, 1),
(154, 269, 0, 1),
(154, 271, 0, 1),
(154, 272, 0, 1),
(154, 278, 0, 1),
(154, 284, 0, 1),
(154, 290, 0, 1),
(155, 1, 0, 1),
(155, 8, 0, 1),
(155, 19, 0, 1),
(155, 30, 0, 1),
(155, 45, 0, 1),
(155, 50, 0, 1),
(155, 52, 0, 1),
(155, 56, 0, 1),
(155, 60, 0, 1),
(155, 73, 0, 1),
(155, 99, 0, 1),
(155, 157, 0, 1),
(155, 160, 0, 1),
(155, 163, 0, 1),
(155, 165, 0, 1),
(155, 166, 0, 1),
(155, 168, 0, 1),
(155, 171, 0, 1),
(155, 174, 0, 1),
(155, 176, 0, 1),
(155, 179, 0, 1),
(155, 180, 0, 1),
(155, 182, 0, 1),
(155, 185, 0, 1),
(155, 186, 0, 1),
(155, 188, 0, 1),
(155, 205, 0, 1),
(155, 206, 0, 1),
(155, 210, 0, 1),
(155, 217, 0, 1),
(155, 220, 0, 1),
(155, 235, 0, 1),
(155, 236, 0, 1),
(155, 244, 0, 1),
(155, 250, 0, 1),
(155, 260, 0, 1),
(155, 270, 0, 1),
(155, 292, 0, 1),
(156, 7, 0, 1),
(156, 21, 0, 1),
(156, 23, 0, 1),
(156, 36, 0, 1),
(156, 41, 0, 1),
(156, 59, 0, 1),
(156, 112, 0, 1),
(156, 169, 0, 1),
(156, 170, 0, 1),
(156, 175, 0, 1),
(156, 181, 0, 1),
(156, 183, 0, 1),
(156, 184, 0, 1),
(156, 187, 0, 1),
(156, 190, 0, 1),
(156, 191, 0, 1),
(156, 192, 0, 1),
(156, 193, 0, 1),
(156, 195, 0, 1),
(156, 197, 0, 1),
(156, 198, 0, 1),
(156, 199, 0, 1),
(156, 200, 0, 1),
(156, 201, 0, 1),
(156, 204, 0, 1),
(156, 207, 0, 1),
(156, 224, 0, 1),
(156, 225, 0, 1),
(156, 226, 0, 1),
(156, 227, 0, 1),
(156, 239, 0, 1),
(156, 241, 0, 1),
(156, 243, 0, 1),
(156, 248, 0, 1),
(156, 253, 0, 1),
(156, 265, 0, 1),
(156, 269, 0, 1),
(156, 271, 0, 1),
(156, 272, 0, 1),
(156, 284, 0, 1),
(158, 1, 0, 1),
(158, 8, 0, 1),
(158, 10, 0, 1),
(158, 19, 0, 1),
(158, 30, 0, 1),
(158, 45, 0, 1),
(158, 50, 0, 1),
(158, 52, 0, 1),
(158, 56, 0, 1),
(158, 60, 0, 1),
(158, 73, 0, 1),
(158, 99, 0, 1),
(158, 118, 0, 1),
(158, 157, 0, 1),
(158, 160, 0, 1),
(158, 163, 0, 1),
(158, 165, 0, 1),
(158, 168, 0, 1),
(158, 171, 0, 1),
(158, 173, 0, 1),
(158, 174, 0, 1),
(158, 176, 0, 1),
(158, 179, 0, 1),
(158, 180, 0, 1),
(158, 182, 0, 1),
(158, 185, 0, 1),
(158, 186, 0, 1),
(158, 188, 0, 1),
(158, 189, 0, 1),
(158, 206, 0, 1),
(158, 210, 0, 1),
(158, 217, 0, 1),
(158, 220, 0, 1),
(158, 221, 0, 1),
(158, 233, 0, 1),
(158, 236, 0, 1),
(158, 244, 0, 1),
(158, 260, 0, 1),
(158, 270, 0, 1),
(158, 292, 0, 1),
(159, 1, 0, 1),
(159, 8, 0, 1),
(159, 10, 0, 1),
(159, 19, 0, 1),
(159, 30, 0, 1),
(159, 45, 0, 1),
(159, 52, 0, 1),
(159, 56, 0, 1),
(159, 60, 0, 1),
(159, 73, 0, 1),
(159, 99, 0, 1),
(159, 118, 0, 1),
(159, 157, 0, 1),
(159, 160, 0, 1),
(159, 163, 0, 1),
(159, 165, 0, 1),
(159, 168, 0, 1),
(159, 171, 0, 1),
(159, 173, 0, 1),
(159, 174, 0, 1),
(159, 176, 0, 1),
(159, 179, 0, 1),
(159, 180, 0, 1),
(159, 185, 0, 1),
(159, 186, 0, 1),
(159, 188, 0, 1),
(159, 206, 0, 1),
(159, 210, 0, 1),
(159, 217, 0, 1),
(159, 220, 0, 1),
(159, 221, 0, 1),
(159, 236, 0, 1),
(159, 244, 0, 1),
(159, 246, 0, 1),
(159, 270, 0, 1),
(159, 276, 0, 1),
(159, 286, 0, 1),
(159, 291, 0, 1),
(159, 292, 0, 1),
(160, 7, 0, 1),
(160, 23, 0, 1),
(160, 36, 0, 1),
(160, 112, 0, 1),
(160, 169, 0, 1),
(160, 170, 0, 1),
(160, 178, 0, 1),
(160, 181, 0, 1),
(160, 182, 0, 1),
(160, 183, 0, 1),
(160, 184, 0, 1),
(160, 187, 0, 1),
(160, 190, 0, 1),
(160, 191, 0, 1),
(160, 192, 0, 1),
(160, 195, 0, 1),
(160, 197, 0, 1),
(160, 198, 0, 1),
(160, 201, 0, 1),
(160, 204, 0, 1),
(160, 207, 0, 1),
(160, 222, 0, 1),
(160, 224, 0, 1),
(160, 225, 0, 1),
(160, 226, 0, 1),
(160, 227, 0, 1),
(160, 239, 0, 1),
(160, 241, 0, 1),
(160, 248, 0, 1),
(160, 253, 0, 1),
(160, 265, 0, 1),
(160, 269, 0, 1),
(160, 271, 0, 1),
(160, 272, 0, 1),
(160, 278, 0, 1),
(160, 284, 0, 1),
(160, 285, 0, 1),
(160, 293, 0, 1),
(160, 294, 0, 1),
(160, 295, 0, 1),
(161, 7, 0, 1),
(161, 23, 0, 1),
(161, 36, 0, 1),
(161, 112, 0, 1),
(161, 169, 0, 1),
(161, 170, 0, 1),
(161, 178, 0, 1),
(161, 181, 0, 1),
(161, 183, 0, 1),
(161, 184, 0, 1),
(161, 187, 0, 1),
(161, 190, 0, 1),
(161, 191, 0, 1),
(161, 192, 0, 1),
(161, 193, 0, 1),
(161, 195, 0, 1),
(161, 197, 0, 1),
(161, 198, 0, 1),
(161, 200, 0, 1),
(161, 201, 0, 1),
(161, 204, 0, 1),
(161, 207, 0, 1),
(161, 224, 0, 1),
(161, 225, 0, 1),
(161, 226, 0, 1),
(161, 227, 0, 1),
(161, 239, 0, 1),
(161, 241, 0, 1),
(161, 248, 0, 1),
(161, 253, 0, 1),
(161, 265, 0, 1),
(161, 269, 0, 1),
(161, 271, 0, 1),
(161, 272, 0, 1),
(161, 276, 0, 1),
(161, 284, 0, 1),
(161, 293, 0, 1),
(161, 294, 0, 1),
(161, 295, 0, 1),
(162, 1, 0, 1),
(162, 8, 0, 1),
(162, 19, 0, 1),
(162, 45, 0, 1),
(162, 50, 0, 1),
(162, 52, 0, 1),
(162, 56, 0, 1),
(162, 60, 0, 1),
(162, 73, 0, 1),
(162, 99, 0, 1),
(162, 118, 0, 1),
(162, 157, 0, 1),
(162, 160, 0, 1),
(162, 163, 0, 1),
(162, 165, 0, 1),
(162, 166, 0, 1),
(162, 168, 0, 1),
(162, 173, 0, 1),
(162, 174, 0, 1),
(162, 175, 0, 1),
(162, 176, 0, 1),
(162, 177, 0, 1),
(162, 179, 0, 1),
(162, 180, 0, 1),
(162, 182, 0, 1),
(162, 185, 0, 1),
(162, 186, 0, 1),
(162, 205, 0, 1),
(162, 206, 0, 1),
(162, 210, 0, 1),
(162, 217, 0, 1),
(162, 235, 0, 1),
(162, 236, 0, 1),
(162, 244, 0, 1),
(162, 250, 0, 1),
(162, 260, 0, 1),
(162, 270, 0, 1),
(162, 292, 0, 1),
(162, 296, 0, 1),
(163, 7, 0, 1),
(163, 21, 0, 1),
(163, 23, 0, 1),
(163, 36, 0, 1),
(163, 59, 1, 1),
(163, 112, 0, 1),
(163, 121, 1, 1),
(163, 169, 0, 1),
(163, 170, 0, 1),
(163, 171, 0, 1),
(163, 172, 0, 1),
(163, 178, 0, 1),
(163, 181, 0, 1),
(163, 183, 0, 1),
(163, 187, 0, 1),
(163, 190, 0, 1),
(163, 191, 0, 1),
(163, 192, 0, 1),
(163, 193, 1, 1),
(163, 195, 0, 1),
(163, 197, 0, 1),
(163, 198, 0, 1),
(163, 199, 0, 1),
(163, 200, 0, 1),
(163, 201, 0, 1),
(163, 204, 0, 1),
(163, 207, 0, 1),
(163, 209, 0, 1),
(163, 220, 0, 1),
(163, 224, 0, 1),
(163, 225, 0, 1),
(163, 226, 0, 1),
(163, 227, 0, 1),
(163, 239, 0, 1),
(163, 241, 0, 1),
(163, 245, 0, 1),
(163, 248, 0, 1),
(163, 265, 1, 1),
(163, 268, 0, 1),
(163, 269, 0, 1),
(163, 271, 0, 1),
(163, 272, 0, 1),
(163, 284, 0, 1),
(163, 293, 1, 1),
(163, 294, 0, 1),
(163, 295, 1, 1),
(164, 1, 0, 1),
(164, 8, 0, 1),
(164, 19, 0, 1),
(164, 45, 0, 1),
(164, 50, 0, 1),
(164, 52, 0, 1),
(164, 56, 0, 1),
(164, 60, 0, 1),
(164, 73, 0, 1),
(164, 99, 0, 1),
(164, 118, 0, 1),
(164, 157, 0, 1),
(164, 160, 0, 1),
(164, 163, 0, 1),
(164, 165, 0, 1),
(164, 166, 0, 1),
(164, 168, 0, 1),
(164, 174, 0, 1),
(164, 175, 0, 1),
(164, 176, 0, 1),
(164, 177, 0, 1),
(164, 179, 0, 1),
(164, 180, 0, 1),
(164, 182, 0, 1),
(164, 185, 0, 1),
(164, 186, 0, 1),
(164, 205, 0, 1),
(164, 206, 0, 1),
(164, 210, 0, 1),
(164, 217, 0, 1),
(164, 221, 0, 1),
(164, 222, 0, 1),
(164, 235, 0, 1),
(164, 236, 0, 1),
(164, 244, 0, 1),
(164, 247, 0, 1),
(164, 260, 0, 1),
(164, 270, 0, 1),
(164, 292, 0, 1),
(165, 8, 0, 1),
(165, 19, 0, 1),
(165, 45, 0, 1),
(165, 52, 0, 1),
(165, 56, 0, 1),
(165, 60, 0, 1),
(165, 73, 0, 1),
(165, 87, 0, 1),
(165, 99, 0, 1),
(165, 118, 0, 1),
(165, 160, 0, 1),
(165, 163, 0, 1),
(165, 165, 0, 1),
(165, 166, 0, 1),
(165, 168, 0, 1),
(165, 174, 0, 1),
(165, 176, 0, 1),
(165, 177, 0, 1),
(165, 179, 0, 1),
(165, 180, 0, 1),
(165, 185, 0, 1),
(165, 186, 0, 1),
(165, 205, 0, 1),
(165, 206, 0, 1),
(165, 210, 0, 1),
(165, 217, 0, 1),
(165, 221, 0, 1),
(165, 222, 0, 1),
(165, 235, 0, 1),
(165, 236, 0, 1),
(165, 242, 0, 1),
(165, 244, 0, 1),
(165, 263, 0, 1),
(165, 270, 0, 1),
(165, 276, 0, 1),
(165, 291, 0, 1),
(165, 292, 0, 1),
(165, 293, 0, 1),
(165, 297, 0, 1),
(166, 137, 0, 1),
(166, 151, 0, 1),
(166, 157, 0, 1),
(166, 173, 0, 1),
(166, 175, 0, 1),
(166, 176, 0, 1),
(166, 177, 0, 1),
(166, 181, 0, 1),
(166, 183, 0, 1),
(166, 184, 0, 1),
(166, 185, 0, 1),
(166, 198, 0, 1),
(166, 201, 0, 1),
(166, 204, 0, 1),
(166, 226, 0, 1),
(166, 241, 0, 1),
(166, 243, 0, 1),
(166, 250, 0, 1),
(166, 272, 0, 1),
(166, 276, 0, 1),
(166, 286, 0, 1),
(166, 291, 0, 1),
(166, 292, 0, 1),
(166, 297, 0, 1),
(166, 298, 0, 1),
(166, 299, 0, 1),
(166, 300, 0, 1),
(166, 301, 0, 1),
(166, 302, 0, 1),
(167, 7, 0, 1),
(167, 21, 0, 1),
(167, 23, 0, 1),
(167, 30, 0, 1),
(167, 36, 0, 1),
(167, 59, 0, 1),
(167, 169, 0, 1),
(167, 170, 0, 1),
(167, 171, 0, 1),
(167, 172, 0, 1),
(167, 178, 0, 1),
(167, 181, 0, 1),
(167, 183, 0, 1),
(167, 184, 0, 1),
(167, 187, 0, 1),
(167, 190, 0, 1),
(167, 191, 0, 1),
(167, 192, 0, 1),
(167, 195, 0, 1),
(167, 197, 0, 1),
(167, 198, 0, 1),
(167, 200, 0, 1),
(167, 201, 0, 1),
(167, 204, 0, 1),
(167, 207, 0, 1),
(167, 220, 0, 1),
(167, 225, 0, 1),
(167, 226, 0, 1),
(167, 227, 0, 1),
(167, 239, 0, 1),
(167, 241, 0, 1),
(167, 243, 0, 1),
(167, 248, 0, 1),
(167, 263, 0, 1),
(167, 268, 0, 1),
(167, 269, 0, 1),
(167, 271, 0, 1),
(167, 272, 0, 1),
(167, 276, 0, 1),
(167, 284, 0, 1),
(168, 21, 0, 1),
(168, 23, 0, 1),
(168, 30, 0, 1),
(168, 36, 0, 1),
(168, 141, 0, 1),
(168, 169, 0, 1),
(168, 170, 0, 1),
(168, 171, 0, 1),
(168, 178, 0, 1),
(168, 181, 0, 1),
(168, 182, 0, 1),
(168, 183, 0, 1),
(168, 184, 0, 1),
(168, 187, 0, 1),
(168, 190, 0, 1),
(168, 191, 0, 1),
(168, 192, 0, 1),
(168, 195, 0, 1),
(168, 197, 0, 1),
(168, 198, 0, 1),
(168, 201, 0, 1),
(168, 204, 0, 1),
(168, 207, 0, 1),
(168, 220, 0, 1),
(168, 225, 0, 1),
(168, 226, 0, 1),
(168, 227, 0, 1),
(168, 239, 0, 1),
(168, 241, 0, 1),
(168, 243, 0, 1),
(168, 248, 0, 1),
(168, 268, 0, 1),
(168, 269, 0, 1),
(168, 271, 0, 1),
(168, 272, 0, 1),
(168, 278, 0, 1),
(168, 284, 0, 1),
(168, 300, 0, 1),
(169, 1, 0, 1),
(169, 7, 0, 1),
(169, 8, 0, 1),
(169, 19, 0, 1),
(169, 23, 0, 1),
(169, 41, 0, 1),
(169, 45, 0, 1),
(169, 50, 0, 1),
(169, 52, 0, 1),
(169, 56, 0, 1),
(169, 60, 0, 1),
(169, 73, 0, 1),
(169, 99, 0, 1),
(169, 157, 0, 1),
(169, 160, 0, 1),
(169, 163, 0, 1),
(169, 165, 0, 1),
(169, 168, 0, 1),
(169, 171, 0, 1),
(169, 173, 0, 1),
(169, 174, 0, 1),
(169, 175, 0, 1),
(169, 176, 0, 1),
(169, 177, 0, 1),
(169, 180, 0, 1),
(169, 185, 0, 1),
(169, 186, 0, 1),
(169, 193, 0, 1),
(169, 205, 0, 1),
(169, 206, 0, 1),
(169, 210, 0, 1),
(169, 217, 0, 1),
(169, 220, 0, 1),
(169, 235, 0, 1),
(169, 236, 0, 1),
(169, 244, 0, 1),
(169, 250, 0, 1),
(169, 270, 0, 1),
(169, 292, 0, 1),
(170, 2, 0, 1),
(170, 21, 0, 1),
(170, 30, 0, 1),
(170, 36, 0, 1),
(170, 59, 0, 1),
(170, 112, 0, 1),
(170, 137, 0, 1),
(170, 166, 0, 1),
(170, 169, 0, 1),
(170, 170, 0, 1),
(170, 178, 0, 1),
(170, 179, 0, 1),
(170, 181, 0, 1),
(170, 182, 0, 1),
(170, 183, 0, 1),
(170, 184, 0, 1),
(170, 187, 0, 1),
(170, 190, 0, 1),
(170, 192, 0, 1),
(170, 195, 0, 1),
(170, 197, 0, 1),
(170, 198, 0, 1),
(170, 200, 0, 1),
(170, 201, 0, 1),
(170, 204, 0, 1),
(170, 207, 0, 1),
(170, 224, 0, 1),
(170, 225, 0, 1),
(170, 226, 0, 1),
(170, 227, 0, 1),
(170, 239, 0, 1),
(170, 241, 0, 1),
(170, 245, 0, 1),
(170, 248, 0, 1),
(170, 268, 0, 1),
(170, 269, 0, 1),
(170, 271, 0, 1),
(170, 284, 0, 1),
(170, 293, 0, 1),
(170, 303, 0, 1),
(171, 1, 0, 1),
(171, 8, 0, 1),
(171, 19, 0, 1),
(171, 23, 0, 1),
(171, 45, 0, 1),
(171, 50, 0, 1),
(171, 52, 0, 1),
(171, 56, 0, 1),
(171, 60, 0, 1),
(171, 73, 0, 1),
(171, 99, 0, 1),
(171, 157, 0, 1),
(171, 160, 0, 1),
(171, 165, 0, 1),
(171, 168, 0, 1),
(171, 173, 0, 1),
(171, 174, 0, 1),
(171, 175, 0, 1),
(171, 176, 0, 1),
(171, 177, 0, 1),
(171, 180, 0, 1),
(171, 185, 0, 1),
(171, 186, 0, 1),
(171, 193, 0, 1),
(171, 206, 0, 1),
(171, 210, 0, 1),
(171, 217, 0, 1),
(171, 220, 0, 1),
(171, 222, 0, 1),
(171, 227, 0, 1),
(171, 235, 0, 1),
(171, 236, 0, 1),
(171, 244, 0, 1),
(171, 250, 0, 1),
(171, 260, 0, 1),
(171, 270, 0, 1),
(171, 276, 0, 1),
(172, 1, 0, 1),
(172, 8, 0, 1),
(172, 19, 0, 1),
(172, 23, 0, 1),
(172, 45, 0, 1),
(172, 52, 0, 1),
(172, 56, 0, 1),
(172, 60, 0, 1),
(172, 73, 0, 1),
(172, 99, 0, 1),
(172, 157, 0, 1),
(172, 160, 0, 1),
(172, 163, 0, 1),
(172, 165, 0, 1),
(172, 168, 0, 1),
(172, 171, 0, 1),
(172, 173, 0, 1),
(172, 174, 0, 1),
(172, 175, 0, 1),
(172, 176, 0, 1),
(172, 177, 0, 1),
(172, 180, 0, 1),
(172, 185, 0, 1),
(172, 186, 0, 1),
(172, 193, 0, 1),
(172, 206, 0, 1),
(172, 210, 0, 1),
(172, 217, 0, 1),
(172, 220, 0, 1),
(172, 221, 0, 1),
(172, 222, 0, 1),
(172, 235, 0, 1),
(172, 236, 0, 1),
(172, 244, 0, 1),
(172, 250, 0, 1),
(172, 270, 0, 1),
(172, 276, 0, 1),
(172, 290, 0, 1),
(172, 291, 0, 1),
(173, 21, 0, 1),
(173, 30, 0, 1),
(173, 108, 0, 1),
(173, 112, 0, 1),
(173, 121, 0, 1),
(173, 141, 0, 1),
(173, 169, 0, 1),
(173, 170, 0, 1),
(173, 178, 0, 1),
(173, 179, 0, 1),
(173, 181, 0, 1),
(173, 182, 0, 1),
(173, 183, 0, 1),
(173, 184, 0, 1),
(173, 187, 0, 1),
(173, 190, 0, 1),
(173, 191, 0, 1),
(173, 192, 0, 1),
(173, 195, 0, 1),
(173, 197, 0, 1),
(173, 198, 0, 1),
(173, 201, 0, 1),
(173, 204, 0, 1),
(173, 224, 0, 1),
(173, 225, 0, 1),
(173, 226, 0, 1),
(173, 227, 0, 1),
(173, 239, 0, 1),
(173, 241, 0, 1),
(173, 248, 0, 1),
(173, 263, 0, 1),
(173, 268, 0, 1),
(173, 269, 0, 1),
(173, 271, 0, 1),
(173, 272, 0, 1),
(173, 278, 0, 1),
(173, 284, 0, 1),
(173, 286, 0, 1),
(173, 299, 0, 1),
(173, 300, 0, 1),
(174, 21, 0, 1),
(174, 87, 0, 1),
(174, 112, 0, 1),
(174, 157, 0, 1),
(174, 169, 0, 1),
(174, 178, 0, 1),
(174, 179, 0, 1),
(174, 181, 0, 1),
(174, 182, 0, 1),
(174, 184, 0, 1),
(174, 189, 0, 1),
(174, 191, 0, 1),
(174, 192, 0, 1),
(174, 195, 0, 1),
(174, 198, 0, 1),
(174, 204, 0, 1),
(174, 224, 0, 1),
(174, 225, 0, 1),
(174, 226, 0, 1),
(174, 227, 0, 1),
(174, 234, 0, 1),
(174, 241, 0, 1),
(174, 247, 0, 1),
(174, 250, 0, 1),
(174, 268, 0, 1),
(174, 269, 0, 1),
(174, 271, 0, 1),
(174, 272, 0, 1),
(174, 286, 0, 1),
(174, 288, 0, 1),
(174, 291, 0, 1),
(174, 298, 0, 1),
(174, 300, 0, 1),
(174, 305, 0, 1),
(175, 1, 0, 1),
(175, 8, 0, 1),
(175, 19, 0, 1),
(175, 41, 0, 1),
(175, 45, 0, 1),
(175, 50, 0, 1),
(175, 56, 0, 1),
(175, 60, 0, 1),
(175, 73, 0, 1),
(175, 75, 0, 1),
(175, 99, 0, 1),
(175, 151, 0, 1),
(175, 157, 0, 1),
(175, 160, 0, 1),
(175, 163, 0, 1),
(175, 165, 0, 1),
(175, 166, 0, 1),
(175, 168, 0, 1),
(175, 171, 0, 1),
(175, 173, 0, 1),
(175, 175, 0, 1),
(175, 176, 0, 1),
(175, 177, 0, 1),
(175, 180, 0, 1),
(175, 182, 0, 1),
(175, 185, 0, 1),
(175, 186, 0, 1),
(175, 193, 0, 1),
(175, 206, 0, 1),
(175, 217, 0, 1),
(175, 220, 0, 1),
(175, 235, 0, 1),
(175, 236, 0, 1),
(175, 260, 0, 1),
(175, 270, 0, 1),
(175, 292, 0, 1),
(175, 306, 0, 1),
(176, 21, 0, 1),
(176, 23, 0, 1),
(176, 30, 0, 1),
(176, 36, 0, 1),
(176, 59, 0, 1),
(176, 108, 0, 1),
(176, 112, 0, 1),
(176, 121, 1, 1),
(176, 169, 0, 1),
(176, 170, 0, 1),
(176, 172, 0, 1),
(176, 178, 0, 1),
(176, 179, 0, 1),
(176, 181, 0, 1),
(176, 183, 0, 1),
(176, 184, 0, 1),
(176, 187, 0, 1),
(176, 190, 0, 1),
(176, 191, 0, 1),
(176, 192, 0, 1),
(176, 195, 0, 1),
(176, 197, 0, 1),
(176, 198, 0, 1),
(176, 201, 0, 1),
(176, 204, 0, 1),
(176, 207, 0, 1),
(176, 225, 0, 1),
(176, 239, 0, 1),
(176, 241, 0, 1),
(176, 243, 0, 1),
(176, 245, 0, 1),
(176, 248, 0, 1),
(176, 250, 0, 1),
(176, 268, 0, 1),
(176, 269, 0, 1),
(176, 271, 0, 1),
(176, 276, 0, 1),
(176, 278, 0, 1),
(176, 281, 0, 1),
(176, 284, 0, 1),
(177, 1, 0, 1),
(177, 8, 0, 1),
(177, 19, 0, 1),
(177, 41, 0, 1),
(177, 45, 0, 1),
(177, 52, 0, 1),
(177, 56, 0, 1),
(177, 60, 0, 1),
(177, 73, 0, 1),
(177, 75, 0, 1),
(177, 99, 0, 1),
(177, 157, 0, 1),
(177, 160, 0, 1),
(177, 163, 0, 1),
(177, 165, 0, 1),
(177, 168, 0, 1),
(177, 171, 0, 1),
(177, 174, 0, 1),
(177, 175, 0, 1),
(177, 176, 0, 1),
(177, 177, 0, 1),
(177, 185, 0, 1),
(177, 186, 0, 1),
(177, 190, 0, 1),
(177, 193, 0, 1),
(177, 210, 0, 1),
(177, 217, 0, 1),
(177, 221, 0, 1),
(177, 222, 0, 1),
(177, 235, 0, 1),
(177, 236, 0, 1),
(177, 250, 0, 1),
(177, 270, 0, 1),
(177, 276, 0, 1),
(177, 291, 0, 1),
(177, 307, 0, 1),
(178, 1, 0, 1),
(178, 19, 0, 1),
(178, 45, 0, 1),
(178, 56, 0, 1),
(178, 81, 0, 1),
(178, 99, 0, 1),
(178, 108, 0, 1),
(178, 137, 0, 1),
(178, 151, 0, 1),
(178, 160, 0, 1),
(178, 163, 0, 1),
(178, 165, 0, 1),
(178, 168, 0, 1),
(178, 171, 0, 1),
(178, 174, 0, 1),
(178, 175, 0, 1),
(178, 176, 0, 1),
(178, 177, 0, 1),
(178, 182, 0, 1),
(178, 185, 0, 1),
(178, 186, 0, 1),
(178, 187, 0, 1),
(178, 190, 0, 1),
(178, 193, 0, 1),
(178, 210, 0, 1),
(178, 217, 0, 1),
(178, 221, 0, 1),
(178, 235, 0, 1),
(178, 236, 0, 1),
(178, 270, 0, 1),
(178, 308, 0, 1),
(179, 21, 0, 1),
(179, 23, 0, 1),
(179, 30, 0, 1),
(179, 36, 0, 1),
(179, 87, 0, 1),
(179, 108, 0, 1),
(179, 112, 0, 1),
(179, 162, 0, 1),
(179, 169, 0, 1),
(179, 170, 0, 1),
(179, 178, 0, 1),
(179, 179, 0, 1),
(179, 182, 0, 1),
(179, 183, 0, 1),
(179, 184, 0, 1),
(179, 187, 0, 1),
(179, 191, 0, 1),
(179, 192, 0, 1),
(179, 195, 0, 1),
(179, 197, 0, 1),
(179, 198, 0, 1),
(179, 201, 0, 1),
(179, 204, 0, 1),
(179, 227, 0, 1),
(179, 239, 0, 1),
(179, 241, 0, 1),
(179, 245, 0, 1),
(179, 248, 0, 1),
(179, 268, 0, 1),
(179, 269, 0, 1),
(179, 278, 0, 1),
(179, 281, 0, 1),
(179, 284, 0, 1),
(179, 299, 0, 1),
(179, 300, 0, 1),
(179, 301, 0, 1),
(179, 309, 0, 1),
(180, 1, 0, 1),
(180, 8, 0, 1),
(180, 19, 0, 1),
(180, 23, 0, 1),
(180, 41, 0, 1),
(180, 45, 0, 1),
(180, 50, 0, 1),
(180, 52, 0, 1),
(180, 56, 0, 1),
(180, 73, 0, 1),
(180, 75, 0, 1),
(180, 99, 0, 1),
(180, 163, 0, 1),
(180, 165, 0, 1),
(180, 168, 0, 1),
(180, 171, 0, 1),
(180, 175, 0, 1),
(180, 176, 0, 1),
(180, 177, 0, 1),
(180, 178, 0, 1),
(180, 183, 0, 1),
(180, 184, 0, 1),
(180, 185, 0, 1),
(180, 187, 0, 1),
(180, 193, 0, 1),
(180, 195, 0, 1),
(180, 198, 0, 1),
(180, 204, 0, 1),
(180, 206, 0, 1),
(180, 210, 0, 1),
(180, 217, 0, 1),
(180, 235, 0, 1),
(180, 269, 0, 1),
(180, 270, 0, 1),
(180, 297, 0, 1),
(180, 307, 0, 1),
(181, 1, 0, 1),
(181, 8, 0, 1),
(181, 19, 0, 1),
(181, 45, 0, 1),
(181, 50, 0, 1),
(181, 56, 0, 1),
(181, 73, 0, 1),
(181, 81, 0, 1),
(181, 99, 0, 1),
(181, 151, 0, 1),
(181, 163, 0, 1),
(181, 165, 0, 1),
(181, 170, 0, 1),
(181, 175, 0, 1),
(181, 176, 0, 1),
(181, 177, 0, 1),
(181, 178, 0, 1),
(181, 184, 0, 1),
(181, 185, 0, 1),
(181, 187, 0, 1),
(181, 195, 0, 1),
(181, 198, 0, 1),
(181, 204, 0, 1),
(181, 206, 0, 1),
(181, 210, 0, 1),
(181, 217, 0, 1),
(181, 235, 0, 1),
(181, 269, 0, 1),
(181, 270, 0, 1),
(181, 308, 0, 1),
(181, 309, 0, 1),
(182, 1, 0, 1),
(182, 8, 0, 1),
(182, 19, 0, 1),
(182, 21, 0, 1),
(182, 23, 0, 1),
(182, 30, 0, 1),
(182, 52, 0, 1),
(182, 56, 0, 1),
(182, 99, 0, 1),
(182, 112, 0, 1),
(182, 157, 0, 1),
(182, 163, 0, 1),
(182, 165, 1, 1),
(182, 168, 0, 1),
(182, 169, 0, 1),
(182, 170, 0, 1),
(182, 172, 0, 1),
(182, 178, 0, 1),
(182, 179, 0, 1),
(182, 180, 0, 1),
(182, 181, 0, 1),
(182, 182, 0, 1),
(182, 183, 0, 1),
(182, 184, 1, 1),
(182, 185, 0, 1),
(182, 186, 0, 1),
(182, 187, 0, 1),
(182, 190, 0, 1),
(182, 192, 0, 1),
(182, 195, 0, 1),
(182, 197, 0, 1),
(182, 198, 0, 1),
(182, 201, 0, 1),
(182, 204, 0, 1),
(182, 220, 0, 1),
(182, 227, 1, 1),
(182, 239, 0, 1),
(182, 241, 0, 1),
(182, 248, 0, 1),
(182, 269, 0, 1),
(182, 270, 0, 1),
(182, 278, 0, 1),
(182, 284, 1, 1),
(182, 306, 0, 1);

-- --------------------------------------------------------

--
-- Stand-in structure for view `raid_er`
-- (See below for the actual view)
--
CREATE TABLE `raid_er` (
`raid` int(11)
,`name` varchar(128)
,`instance` varchar(8)
,`date` datetime
,`size` bigint(21)
,`reroll_as_main` tinyint(1)
,`initial_er` double(17,0)
,`week_ago` int(7)
,`er` double(17,0)
,`er_per_player_initial` bigint(17)
,`er_per_player` bigint(17)
);

-- --------------------------------------------------------

--
-- Stand-in structure for view `raid_ev`
-- (See below for the actual view)
--
CREATE TABLE `raid_ev` (
`raid` int(11)
,`name` varchar(128)
,`instance` varchar(8)
,`date` datetime
,`size` bigint(21)
,`reroll_as_main` tinyint(1)
,`initial_ev` decimal(32,0)
,`week_ago` int(7)
,`ev` double(17,0)
,`ev_per_player_initial` bigint(21)
,`ev_per_player` bigint(17)
);

-- --------------------------------------------------------

--
-- Table structure for table `raid_player_wish`
--

CREATE TABLE `raid_player_wish` (
  `raid` int(11) NOT NULL,
  `player` int(11) NOT NULL,
  `item` int(11) NOT NULL,
  `attribution` varchar(32) NOT NULL
) ENGINE=InnoDB DEFAULT CHARSET=utf8mb4;

--
-- Dumping data for table `raid_player_wish`
--

INSERT INTO `raid_player_wish` (`raid`, `player`, `item`, `attribution`) VALUES
(118, 8, 7, 'primary'),
(118, 8, 218, 'primary'),
(118, 8, 221, 'primary'),
(118, 19, 9, 'primary'),
(118, 19, 211, 'primary'),
(118, 19, 242, 'primary'),
(118, 19, 277, 'primary'),
(118, 21, 18, 'primary'),
(118, 21, 25, 'primary'),
(118, 21, 51, 'primary'),
(118, 21, 52, 'primary'),
(118, 21, 53, 'primary'),
(118, 45, 229, 'primary'),
(118, 45, 235, 'primary'),
(118, 45, 236, 'primary'),
(118, 45, 238, 'primary'),
(118, 45, 239, 'primary'),
(118, 50, 46, 'primary'),
(118, 50, 110, 'primary'),
(118, 50, 222, 'primary'),
(118, 50, 223, 'primary'),
(118, 50, 262, 'primary'),
(118, 52, 45, 'primary'),
(118, 52, 222, 'primary'),
(118, 52, 223, 'primary'),
(118, 52, 224, 'primary'),
(118, 52, 226, 'primary'),
(118, 56, 21, 'primary'),
(118, 56, 218, 'primary'),
(118, 56, 220, 'primary'),
(118, 56, 264, 'primary'),
(118, 70, 222, 'primary'),
(118, 70, 223, 'primary'),
(118, 70, 225, 'primary'),
(118, 70, 227, 'primary'),
(118, 70, 284, 'primary'),
(118, 73, 15, 'primary'),
(118, 73, 45, 'primary'),
(118, 73, 46, 'primary'),
(118, 118, 21, 'primary'),
(118, 118, 218, 'primary'),
(118, 118, 235, 'primary'),
(118, 118, 236, 'primary'),
(118, 143, 63, 'primary'),
(118, 143, 217, 'primary'),
(118, 143, 236, 'primary'),
(118, 145, 43, 'primary'),
(118, 145, 45, 'primary'),
(118, 145, 46, 'primary'),
(118, 145, 65, 'primary'),
(118, 145, 225, 'primary'),
(119, 7, 10, 'primary'),
(119, 7, 30, 'primary'),
(119, 7, 216, 'primary'),
(119, 7, 234, 'primary'),
(119, 7, 240, 'primary'),
(119, 10, 7, 'primary'),
(119, 10, 16, 'primary'),
(119, 10, 218, 'primary'),
(119, 15, 15, 'primary'),
(119, 15, 110, 'primary'),
(119, 15, 224, 'primary'),
(119, 15, 227, 'primary'),
(119, 15, 230, 'primary'),
(119, 23, 9, 'primary'),
(119, 23, 30, 'primary'),
(119, 23, 234, 'primary'),
(119, 23, 240, 'primary'),
(119, 25, 243, 'primary'),
(119, 25, 288, 'primary'),
(119, 25, 292, 'primary'),
(119, 25, 293, 'primary'),
(119, 25, 305, 'primary'),
(119, 27, 9, 'primary'),
(119, 27, 241, 'primary'),
(119, 27, 245, 'primary'),
(119, 27, 246, 'primary'),
(119, 27, 274, 'primary'),
(119, 30, 213, 'primary'),
(119, 30, 214, 'primary'),
(119, 30, 215, 'primary'),
(119, 30, 216, 'primary'),
(119, 36, 215, 'primary'),
(119, 36, 240, 'primary'),
(119, 36, 241, 'primary'),
(119, 36, 249, 'primary'),
(119, 60, 10, 'primary'),
(119, 60, 58, 'primary'),
(119, 60, 233, 'primary'),
(119, 66, 16, 'primary'),
(119, 66, 222, 'primary'),
(119, 66, 223, 'primary'),
(119, 66, 224, 'primary'),
(119, 66, 230, 'primary'),
(119, 68, 7, 'primary'),
(119, 68, 16, 'primary'),
(119, 68, 218, 'primary'),
(119, 68, 221, 'primary'),
(119, 93, 9, 'primary'),
(119, 93, 228, 'primary'),
(119, 93, 231, 'primary'),
(119, 93, 233, 'primary'),
(119, 99, 46, 'primary'),
(119, 99, 223, 'primary'),
(119, 99, 230, 'primary'),
(119, 100, 9, 'primary'),
(119, 100, 19, 'primary'),
(119, 100, 20, 'primary'),
(119, 100, 30, 'primary'),
(119, 100, 69, 'primary'),
(119, 144, 25, 'primary'),
(119, 144, 37, 'primary'),
(119, 144, 53, 'primary'),
(119, 144, 239, 'primary'),
(119, 150, 46, 'primary'),
(119, 150, 224, 'primary'),
(119, 150, 226, 'primary'),
(119, 150, 227, 'primary'),
(119, 150, 230, 'primary'),
(120, 8, 7, 'primary'),
(120, 8, 218, 'primary'),
(120, 8, 221, 'primary'),
(120, 19, 9, 'primary'),
(120, 19, 211, 'primary'),
(120, 19, 242, 'primary'),
(120, 19, 277, 'primary'),
(120, 21, 18, 'primary'),
(120, 21, 25, 'primary'),
(120, 21, 51, 'primary'),
(120, 21, 52, 'primary'),
(120, 21, 53, 'primary'),
(120, 45, 229, 'primary'),
(120, 45, 235, 'primary'),
(120, 45, 236, 'primary'),
(120, 45, 238, 'primary'),
(120, 45, 239, 'primary'),
(120, 52, 45, 'primary'),
(120, 52, 222, 'primary'),
(120, 52, 223, 'primary'),
(120, 52, 224, 'primary'),
(120, 52, 226, 'primary'),
(120, 56, 21, 'primary'),
(120, 56, 218, 'primary'),
(120, 56, 220, 'primary'),
(120, 56, 264, 'primary'),
(120, 70, 222, 'primary'),
(120, 70, 223, 'primary'),
(120, 70, 225, 'primary'),
(120, 70, 227, 'primary'),
(120, 70, 284, 'primary'),
(120, 73, 15, 'primary'),
(120, 73, 45, 'primary'),
(120, 73, 46, 'primary'),
(120, 101, 38, 'primary'),
(120, 101, 65, 'primary'),
(120, 101, 70, 'primary'),
(120, 118, 21, 'primary'),
(120, 118, 218, 'primary'),
(120, 118, 236, 'primary'),
(120, 143, 63, 'primary'),
(120, 143, 217, 'primary'),
(120, 143, 236, 'primary'),
(120, 145, 43, 'primary'),
(120, 145, 45, 'primary'),
(120, 145, 46, 'primary'),
(120, 145, 65, 'primary'),
(120, 145, 225, 'primary'),
(121, 19, 9, 'primary'),
(121, 19, 211, 'primary'),
(121, 19, 242, 'primary'),
(121, 19, 277, 'primary'),
(121, 24, 9, 'primary'),
(121, 24, 69, 'primary'),
(121, 24, 231, 'primary'),
(121, 24, 242, 'primary'),
(121, 24, 243, 'primary'),
(121, 25, 243, 'primary'),
(121, 25, 288, 'primary'),
(121, 25, 292, 'primary'),
(121, 25, 293, 'primary'),
(121, 25, 305, 'primary'),
(121, 44, 231, 'primary'),
(121, 44, 240, 'primary'),
(121, 44, 255, 'primary'),
(121, 44, 274, 'primary'),
(121, 56, 21, 'primary'),
(121, 56, 218, 'primary'),
(121, 56, 220, 'primary'),
(121, 56, 264, 'primary'),
(121, 101, 38, 'primary'),
(121, 101, 65, 'primary'),
(121, 101, 70, 'primary'),
(121, 121, 14, 'primary'),
(121, 121, 47, 'primary'),
(121, 121, 162, 'primary'),
(121, 145, 43, 'primary'),
(121, 145, 45, 'primary'),
(121, 145, 46, 'primary'),
(121, 145, 65, 'primary'),
(121, 145, 225, 'primary'),
(122, 7, 10, 'primary'),
(122, 7, 30, 'primary'),
(122, 7, 216, 'primary'),
(122, 7, 234, 'primary'),
(122, 7, 240, 'primary'),
(122, 10, 7, 'primary'),
(122, 10, 16, 'primary'),
(122, 10, 218, 'primary'),
(122, 15, 15, 'primary'),
(122, 15, 110, 'primary'),
(122, 15, 224, 'primary'),
(122, 15, 227, 'primary'),
(122, 15, 230, 'primary'),
(122, 23, 9, 'primary'),
(122, 23, 30, 'primary'),
(122, 23, 234, 'primary'),
(122, 23, 240, 'primary'),
(122, 24, 9, 'primary'),
(122, 24, 69, 'primary'),
(122, 24, 231, 'primary'),
(122, 24, 242, 'primary'),
(122, 24, 243, 'primary'),
(122, 25, 243, 'primary'),
(122, 25, 288, 'primary'),
(122, 25, 292, 'primary'),
(122, 25, 293, 'primary'),
(122, 25, 305, 'primary'),
(122, 27, 9, 'primary'),
(122, 27, 241, 'primary'),
(122, 27, 245, 'primary'),
(122, 27, 246, 'primary'),
(122, 27, 274, 'primary'),
(122, 30, 213, 'primary'),
(122, 30, 214, 'primary'),
(122, 30, 215, 'primary'),
(122, 30, 216, 'primary'),
(122, 36, 215, 'primary'),
(122, 36, 240, 'primary'),
(122, 36, 241, 'primary'),
(122, 36, 249, 'primary'),
(122, 66, 16, 'primary'),
(122, 66, 222, 'primary'),
(122, 66, 223, 'primary'),
(122, 66, 224, 'primary'),
(122, 66, 230, 'primary'),
(122, 68, 7, 'primary'),
(122, 68, 16, 'primary'),
(122, 68, 218, 'primary'),
(122, 68, 221, 'primary'),
(122, 99, 46, 'primary'),
(122, 99, 223, 'primary'),
(122, 99, 230, 'primary'),
(122, 100, 9, 'primary'),
(122, 100, 19, 'primary'),
(122, 100, 20, 'primary'),
(122, 100, 30, 'primary'),
(122, 100, 69, 'primary'),
(122, 144, 25, 'primary'),
(122, 144, 37, 'primary'),
(122, 144, 53, 'primary'),
(122, 144, 239, 'primary'),
(123, 8, 7, 'primary'),
(123, 8, 218, 'primary'),
(123, 8, 221, 'primary'),
(123, 19, 9, 'primary'),
(123, 19, 211, 'primary'),
(123, 19, 242, 'primary'),
(123, 19, 277, 'primary'),
(123, 45, 229, 'primary'),
(123, 45, 235, 'primary'),
(123, 45, 236, 'primary'),
(123, 45, 238, 'primary'),
(123, 45, 239, 'primary'),
(123, 50, 46, 'primary'),
(123, 50, 110, 'primary'),
(123, 50, 222, 'primary'),
(123, 50, 223, 'primary'),
(123, 50, 262, 'primary'),
(123, 56, 21, 'primary'),
(123, 56, 218, 'primary'),
(123, 56, 220, 'primary'),
(123, 56, 264, 'primary'),
(123, 73, 15, 'primary'),
(123, 73, 45, 'primary'),
(123, 73, 46, 'primary'),
(123, 101, 38, 'primary'),
(123, 101, 65, 'primary'),
(123, 101, 70, 'primary'),
(123, 118, 21, 'primary'),
(123, 118, 218, 'primary'),
(123, 118, 236, 'primary'),
(123, 143, 63, 'primary'),
(123, 143, 217, 'primary'),
(123, 143, 236, 'primary'),
(123, 145, 43, 'primary'),
(123, 145, 45, 'primary'),
(123, 145, 46, 'primary'),
(123, 145, 65, 'primary'),
(123, 145, 225, 'primary'),
(124, 15, 15, 'primary'),
(124, 15, 110, 'primary'),
(124, 15, 224, 'primary'),
(124, 15, 227, 'primary'),
(124, 15, 230, 'primary'),
(124, 18, 7, 'primary'),
(124, 18, 218, 'primary'),
(124, 18, 221, 'primary'),
(124, 18, 235, 'primary'),
(124, 18, 239, 'primary'),
(124, 19, 9, 'primary'),
(124, 19, 211, 'primary'),
(124, 19, 242, 'primary'),
(124, 19, 277, 'primary'),
(124, 27, 9, 'primary'),
(124, 27, 241, 'primary'),
(124, 27, 245, 'primary'),
(124, 27, 246, 'primary'),
(124, 27, 274, 'primary'),
(124, 45, 229, 'primary'),
(124, 45, 235, 'primary'),
(124, 45, 236, 'primary'),
(124, 45, 238, 'primary'),
(124, 45, 239, 'primary'),
(124, 52, 45, 'primary'),
(124, 52, 222, 'primary'),
(124, 52, 223, 'primary'),
(124, 52, 224, 'primary'),
(124, 52, 226, 'primary'),
(124, 56, 21, 'primary'),
(124, 56, 218, 'primary'),
(124, 56, 220, 'primary'),
(124, 56, 264, 'primary'),
(124, 60, 10, 'primary'),
(124, 60, 58, 'primary'),
(124, 60, 233, 'primary'),
(124, 66, 16, 'primary'),
(124, 66, 222, 'primary'),
(124, 66, 223, 'primary'),
(124, 66, 224, 'primary'),
(124, 66, 230, 'primary'),
(124, 70, 222, 'primary'),
(124, 70, 223, 'primary'),
(124, 70, 225, 'primary'),
(124, 70, 227, 'primary'),
(124, 70, 284, 'primary'),
(124, 73, 15, 'primary'),
(124, 73, 45, 'primary'),
(124, 73, 46, 'primary'),
(124, 118, 21, 'primary'),
(124, 118, 218, 'primary'),
(124, 118, 236, 'primary'),
(125, 7, 10, 'primary'),
(125, 7, 30, 'primary'),
(125, 7, 216, 'primary'),
(125, 7, 234, 'primary'),
(125, 7, 240, 'primary'),
(125, 8, 7, 'primary'),
(125, 8, 218, 'primary'),
(125, 8, 221, 'primary'),
(125, 21, 18, 'primary'),
(125, 21, 25, 'primary'),
(125, 21, 51, 'primary'),
(125, 21, 52, 'primary'),
(125, 21, 53, 'primary'),
(125, 23, 9, 'primary'),
(125, 23, 30, 'primary'),
(125, 23, 234, 'primary'),
(125, 23, 240, 'primary'),
(125, 24, 9, 'primary'),
(125, 24, 69, 'primary'),
(125, 24, 231, 'primary'),
(125, 24, 242, 'primary'),
(125, 24, 243, 'primary'),
(125, 25, 243, 'primary'),
(125, 25, 288, 'primary'),
(125, 25, 292, 'primary'),
(125, 25, 293, 'primary'),
(125, 25, 305, 'primary'),
(125, 30, 213, 'primary'),
(125, 30, 214, 'primary'),
(125, 30, 215, 'primary'),
(125, 30, 216, 'primary'),
(125, 36, 215, 'primary'),
(125, 36, 240, 'primary'),
(125, 36, 241, 'primary'),
(125, 36, 249, 'primary'),
(125, 44, 231, 'primary'),
(125, 44, 240, 'primary'),
(125, 44, 255, 'primary'),
(125, 44, 274, 'primary'),
(125, 68, 7, 'primary'),
(125, 68, 16, 'primary'),
(125, 68, 218, 'primary'),
(125, 68, 221, 'primary'),
(125, 99, 46, 'primary'),
(125, 99, 223, 'primary'),
(125, 99, 230, 'primary'),
(125, 100, 9, 'primary'),
(125, 100, 19, 'primary'),
(125, 100, 20, 'primary'),
(125, 100, 30, 'primary'),
(125, 100, 69, 'primary'),
(125, 101, 38, 'primary'),
(125, 101, 65, 'primary'),
(125, 101, 70, 'primary'),
(125, 143, 63, 'primary'),
(125, 143, 217, 'primary'),
(125, 143, 236, 'primary'),
(125, 144, 25, 'primary'),
(125, 144, 37, 'primary'),
(125, 144, 53, 'primary'),
(125, 144, 239, 'primary'),
(125, 145, 43, 'primary'),
(125, 145, 45, 'primary'),
(125, 145, 46, 'primary'),
(125, 145, 65, 'primary'),
(125, 145, 225, 'primary'),
(126, 15, 15, 'primary'),
(126, 15, 110, 'primary'),
(126, 15, 224, 'primary'),
(126, 15, 227, 'primary'),
(126, 15, 230, 'primary'),
(126, 18, 7, 'primary'),
(126, 18, 218, 'primary'),
(126, 18, 221, 'primary'),
(126, 18, 235, 'primary'),
(126, 18, 239, 'primary'),
(126, 19, 9, 'primary'),
(126, 19, 211, 'primary'),
(126, 19, 242, 'primary'),
(126, 19, 277, 'primary'),
(126, 27, 9, 'primary'),
(126, 27, 241, 'primary'),
(126, 27, 245, 'primary'),
(126, 27, 246, 'primary'),
(126, 27, 274, 'primary'),
(126, 45, 229, 'primary'),
(126, 45, 235, 'primary'),
(126, 45, 236, 'primary'),
(126, 45, 238, 'primary'),
(126, 45, 239, 'primary'),
(126, 52, 45, 'primary'),
(126, 52, 222, 'primary'),
(126, 52, 223, 'primary'),
(126, 52, 224, 'primary'),
(126, 52, 226, 'primary'),
(126, 56, 21, 'primary'),
(126, 56, 218, 'primary'),
(126, 56, 220, 'primary'),
(126, 56, 264, 'primary'),
(126, 66, 16, 'primary'),
(126, 66, 222, 'primary'),
(126, 66, 223, 'primary'),
(126, 66, 224, 'primary'),
(126, 66, 230, 'primary'),
(126, 70, 222, 'primary'),
(126, 70, 223, 'primary'),
(126, 70, 225, 'primary'),
(126, 70, 227, 'primary'),
(126, 70, 284, 'primary'),
(126, 73, 15, 'primary'),
(126, 73, 45, 'primary'),
(126, 73, 46, 'primary'),
(126, 118, 21, 'primary'),
(126, 118, 218, 'primary'),
(126, 118, 236, 'primary'),
(127, 7, 10, 'primary'),
(127, 7, 30, 'primary'),
(127, 7, 216, 'primary'),
(127, 7, 234, 'primary'),
(127, 7, 240, 'primary'),
(127, 8, 7, 'primary'),
(127, 8, 218, 'primary'),
(127, 8, 221, 'primary'),
(127, 21, 18, 'primary'),
(127, 21, 25, 'primary'),
(127, 21, 51, 'primary'),
(127, 21, 52, 'primary'),
(127, 21, 53, 'primary'),
(127, 23, 9, 'primary'),
(127, 23, 30, 'primary'),
(127, 23, 234, 'primary'),
(127, 23, 240, 'primary'),
(127, 24, 9, 'primary'),
(127, 24, 69, 'primary'),
(127, 24, 231, 'primary'),
(127, 24, 242, 'primary'),
(127, 24, 243, 'primary'),
(127, 25, 243, 'primary'),
(127, 25, 288, 'primary'),
(127, 25, 292, 'primary'),
(127, 25, 293, 'primary'),
(127, 25, 305, 'primary'),
(127, 30, 214, 'primary'),
(127, 30, 215, 'primary'),
(127, 30, 216, 'primary'),
(127, 59, 31, 'primary'),
(127, 59, 32, 'primary'),
(127, 68, 7, 'primary'),
(127, 68, 16, 'primary'),
(127, 68, 218, 'primary'),
(127, 68, 221, 'primary'),
(127, 99, 46, 'primary'),
(127, 99, 223, 'primary'),
(127, 99, 230, 'primary'),
(127, 101, 38, 'primary'),
(127, 101, 65, 'primary'),
(127, 101, 70, 'primary'),
(127, 143, 63, 'primary'),
(127, 143, 217, 'primary'),
(127, 143, 236, 'primary'),
(127, 145, 43, 'primary'),
(127, 145, 45, 'primary'),
(127, 145, 46, 'primary'),
(127, 145, 65, 'primary'),
(127, 145, 225, 'primary'),
(128, 10, 7, 'primary'),
(128, 10, 16, 'primary'),
(128, 10, 218, 'primary'),
(128, 15, 15, 'primary'),
(128, 15, 110, 'primary'),
(128, 15, 224, 'primary'),
(128, 15, 227, 'primary'),
(128, 15, 230, 'primary'),
(128, 19, 9, 'primary'),
(128, 19, 211, 'primary'),
(128, 19, 242, 'primary'),
(128, 19, 277, 'primary'),
(128, 24, 9, 'primary'),
(128, 24, 69, 'primary'),
(128, 24, 231, 'primary'),
(128, 24, 242, 'primary'),
(128, 24, 243, 'primary'),
(128, 45, 229, 'primary'),
(128, 45, 235, 'primary'),
(128, 45, 236, 'primary'),
(128, 45, 238, 'primary'),
(128, 45, 239, 'primary'),
(128, 50, 46, 'primary'),
(128, 50, 110, 'primary'),
(128, 50, 222, 'primary'),
(128, 50, 223, 'primary'),
(128, 50, 262, 'primary'),
(128, 52, 45, 'primary'),
(128, 52, 222, 'primary'),
(128, 52, 223, 'primary'),
(128, 52, 224, 'primary'),
(128, 52, 226, 'primary'),
(128, 56, 21, 'primary'),
(128, 56, 218, 'primary'),
(128, 56, 220, 'primary'),
(128, 56, 264, 'primary'),
(128, 66, 16, 'primary'),
(128, 66, 222, 'primary'),
(128, 66, 223, 'primary'),
(128, 66, 224, 'primary'),
(128, 66, 230, 'primary'),
(128, 70, 222, 'primary'),
(128, 70, 223, 'primary'),
(128, 70, 225, 'primary'),
(128, 70, 227, 'primary'),
(128, 70, 284, 'primary'),
(128, 73, 15, 'primary'),
(128, 73, 45, 'primary'),
(128, 73, 46, 'primary'),
(128, 118, 21, 'primary'),
(128, 118, 218, 'primary'),
(128, 118, 236, 'primary'),
(129, 7, 216, 'primary'),
(129, 7, 228, 'primary'),
(129, 7, 233, 'primary'),
(129, 7, 234, 'primary'),
(129, 7, 240, 'primary'),
(129, 8, 7, 'primary'),
(129, 8, 218, 'primary'),
(129, 8, 220, 'primary'),
(129, 8, 221, 'primary'),
(129, 8, 235, 'primary'),
(129, 18, 7, 'primary'),
(129, 18, 218, 'primary'),
(129, 18, 221, 'primary'),
(129, 18, 235, 'primary'),
(129, 18, 239, 'primary'),
(129, 21, 9, 'primary'),
(129, 21, 246, 'primary'),
(129, 21, 290, 'primary'),
(129, 21, 293, 'primary'),
(129, 21, 317, 'primary'),
(129, 23, 9, 'primary'),
(129, 23, 216, 'primary'),
(129, 23, 234, 'primary'),
(129, 23, 240, 'primary'),
(129, 23, 274, 'primary'),
(129, 25, 246, 'primary'),
(129, 25, 274, 'primary'),
(129, 25, 281, 'primary'),
(129, 25, 292, 'primary'),
(129, 27, 9, 'primary'),
(129, 27, 241, 'primary'),
(129, 27, 245, 'primary'),
(129, 27, 246, 'primary'),
(129, 27, 274, 'primary'),
(129, 30, 215, 'primary'),
(129, 30, 216, 'primary'),
(129, 30, 244, 'primary'),
(129, 30, 277, 'primary'),
(129, 99, 46, 'primary'),
(129, 99, 222, 'primary'),
(129, 99, 223, 'primary'),
(129, 101, 16, 'primary'),
(129, 101, 45, 'primary'),
(129, 101, 46, 'primary'),
(129, 101, 226, 'primary'),
(129, 101, 319, 'primary'),
(129, 112, 16, 'primary'),
(129, 112, 46, 'primary'),
(129, 112, 226, 'primary'),
(129, 112, 230, 'primary'),
(129, 112, 311, 'primary'),
(129, 143, 6, 'primary'),
(129, 143, 7, 'primary'),
(129, 143, 21, 'primary'),
(129, 143, 220, 'primary'),
(129, 170, 212, 'primary'),
(129, 170, 226, 'primary'),
(129, 170, 227, 'primary'),
(129, 170, 230, 'primary'),
(129, 184, 9, 'primary'),
(129, 184, 10, 'primary'),
(129, 184, 20, 'primary'),
(129, 184, 30, 'primary'),
(129, 184, 69, 'primary'),
(129, 187, 9, 'primary'),
(129, 187, 20, 'primary'),
(129, 187, 246, 'primary'),
(129, 187, 288, 'primary'),
(129, 187, 309, 'primary'),
(129, 188, 7, 'primary'),
(129, 188, 21, 'primary'),
(129, 188, 235, 'primary'),
(129, 188, 328, 'primary'),
(129, 192, 218, 'primary'),
(129, 192, 220, 'primary'),
(129, 192, 235, 'primary'),
(129, 192, 238, 'primary'),
(129, 192, 329, 'primary'),
(129, 195, 46, 'primary'),
(129, 195, 225, 'primary'),
(129, 195, 226, 'primary'),
(129, 195, 227, 'primary'),
(129, 195, 230, 'primary'),
(129, 196, 16, 'primary'),
(129, 196, 46, 'primary'),
(129, 196, 224, 'primary'),
(129, 196, 226, 'primary'),
(129, 196, 227, 'primary'),
(129, 197, 16, 'primary'),
(129, 197, 46, 'primary'),
(129, 197, 227, 'primary'),
(129, 197, 230, 'primary'),
(129, 197, 311, 'primary'),
(129, 198, 9, 'primary'),
(129, 198, 10, 'primary'),
(129, 198, 37, 'primary'),
(129, 198, 296, 'primary'),
(129, 199, 37, 'primary'),
(129, 199, 228, 'primary'),
(129, 199, 240, 'primary'),
(129, 200, 9, 'primary'),
(129, 200, 36, 'primary'),
(129, 200, 255, 'primary'),
(129, 201, 46, 'primary'),
(129, 201, 212, 'primary'),
(129, 201, 222, 'primary'),
(129, 201, 226, 'primary'),
(129, 201, 230, 'primary'),
(129, 204, 5, 'primary'),
(129, 204, 46, 'primary'),
(129, 204, 227, 'primary'),
(129, 204, 230, 'primary'),
(129, 204, 290, 'primary'),
(129, 207, 84, 'primary'),
(129, 207, 240, 'primary'),
(129, 207, 305, 'primary'),
(129, 209, 3, 'primary'),
(129, 209, 9, 'primary'),
(129, 209, 254, 'primary'),
(129, 209, 255, 'primary'),
(129, 209, 263, 'primary'),
(129, 224, 46, 'primary'),
(129, 224, 226, 'primary'),
(129, 224, 230, 'primary'),
(129, 224, 319, 'primary'),
(129, 225, 274, 'primary'),
(129, 225, 322, 'primary'),
(129, 226, 7, 'primary'),
(129, 226, 18, 'primary'),
(129, 226, 53, 'primary'),
(129, 226, 212, 'primary'),
(129, 226, 236, 'primary'),
(129, 239, 7, 'primary'),
(129, 239, 21, 'primary'),
(129, 239, 218, 'primary'),
(129, 239, 229, 'primary'),
(129, 239, 235, 'primary'),
(129, 244, 9, 'primary'),
(129, 244, 211, 'primary'),
(129, 244, 254, 'primary'),
(129, 244, 263, 'primary'),
(129, 244, 305, 'primary'),
(129, 248, 10, 'primary'),
(129, 248, 12, 'primary'),
(129, 248, 18, 'primary'),
(129, 248, 27, 'primary'),
(129, 248, 240, 'primary'),
(129, 249, 234, 'primary'),
(129, 249, 244, 'primary'),
(129, 249, 253, 'primary'),
(129, 249, 274, 'primary'),
(129, 249, 309, 'primary'),
(130, 15, 15, 'primary'),
(130, 15, 110, 'primary'),
(130, 15, 224, 'primary'),
(130, 15, 227, 'primary'),
(130, 15, 230, 'primary'),
(130, 19, 9, 'primary'),
(130, 19, 211, 'primary'),
(130, 19, 242, 'primary'),
(130, 19, 277, 'primary'),
(130, 24, 9, 'primary'),
(130, 24, 69, 'primary'),
(130, 24, 231, 'primary'),
(130, 24, 242, 'primary'),
(130, 24, 243, 'primary'),
(130, 45, 229, 'primary'),
(130, 45, 235, 'primary'),
(130, 45, 236, 'primary'),
(130, 45, 238, 'primary'),
(130, 45, 239, 'primary'),
(130, 52, 45, 'primary'),
(130, 52, 222, 'primary'),
(130, 52, 223, 'primary'),
(130, 52, 224, 'primary'),
(130, 52, 226, 'primary'),
(130, 66, 16, 'primary'),
(130, 66, 222, 'primary'),
(130, 66, 223, 'primary'),
(130, 66, 224, 'primary'),
(130, 66, 230, 'primary'),
(130, 70, 222, 'primary'),
(130, 70, 223, 'primary'),
(130, 70, 225, 'primary'),
(130, 70, 227, 'primary'),
(130, 70, 284, 'primary'),
(130, 73, 15, 'primary'),
(130, 73, 45, 'primary'),
(130, 73, 46, 'primary'),
(130, 118, 21, 'primary'),
(130, 118, 218, 'primary'),
(130, 118, 236, 'primary'),
(131, 8, 7, 'primary'),
(131, 8, 218, 'primary'),
(131, 8, 220, 'primary'),
(131, 8, 221, 'primary'),
(131, 8, 235, 'primary'),
(131, 23, 9, 'primary'),
(131, 23, 216, 'primary'),
(131, 23, 234, 'primary'),
(131, 23, 240, 'primary'),
(131, 23, 298, 'primary'),
(131, 25, 246, 'primary'),
(131, 25, 274, 'primary'),
(131, 25, 281, 'primary'),
(131, 25, 292, 'primary'),
(131, 27, 9, 'primary'),
(131, 27, 241, 'primary'),
(131, 27, 245, 'primary'),
(131, 27, 246, 'primary'),
(131, 27, 274, 'primary'),
(131, 30, 215, 'primary'),
(131, 30, 216, 'primary'),
(131, 30, 244, 'primary'),
(131, 30, 277, 'primary'),
(131, 101, 16, 'primary'),
(131, 101, 45, 'primary'),
(131, 101, 46, 'primary'),
(131, 101, 226, 'primary'),
(131, 101, 319, 'primary'),
(131, 112, 16, 'primary'),
(131, 112, 226, 'primary'),
(131, 112, 230, 'primary'),
(131, 143, 6, 'primary'),
(131, 143, 7, 'primary'),
(131, 143, 21, 'primary'),
(131, 143, 220, 'primary'),
(131, 170, 212, 'primary'),
(131, 170, 226, 'primary'),
(131, 170, 227, 'primary'),
(131, 170, 230, 'primary'),
(131, 180, 9, 'primary'),
(131, 180, 231, 'primary'),
(131, 180, 244, 'primary'),
(131, 180, 332, 'primary'),
(131, 183, 7, 'primary'),
(131, 183, 21, 'primary'),
(131, 183, 26, 'primary'),
(131, 183, 235, 'primary'),
(131, 183, 239, 'primary'),
(131, 188, 6, 'primary'),
(131, 188, 7, 'primary'),
(131, 188, 21, 'primary'),
(131, 188, 235, 'primary'),
(131, 188, 328, 'primary'),
(131, 190, 6, 'primary'),
(131, 190, 7, 'primary'),
(131, 190, 21, 'primary'),
(131, 190, 220, 'primary'),
(131, 190, 264, 'primary'),
(131, 192, 218, 'primary'),
(131, 192, 220, 'primary'),
(131, 192, 235, 'primary'),
(131, 192, 238, 'primary'),
(131, 192, 329, 'primary'),
(131, 195, 46, 'primary'),
(131, 195, 225, 'primary'),
(131, 195, 226, 'primary'),
(131, 195, 227, 'primary'),
(131, 195, 230, 'primary'),
(131, 198, 9, 'primary'),
(131, 198, 10, 'primary'),
(131, 198, 37, 'primary'),
(131, 198, 296, 'primary'),
(131, 199, 37, 'primary'),
(131, 199, 228, 'primary'),
(131, 199, 240, 'primary'),
(131, 207, 84, 'primary'),
(131, 207, 233, 'primary'),
(131, 207, 240, 'primary'),
(131, 207, 287, 'primary'),
(131, 207, 305, 'primary'),
(131, 209, 3, 'primary'),
(131, 209, 9, 'primary'),
(131, 209, 254, 'primary'),
(131, 209, 255, 'primary'),
(131, 209, 263, 'primary'),
(131, 224, 46, 'primary'),
(131, 224, 226, 'primary'),
(131, 224, 230, 'primary'),
(131, 224, 319, 'primary'),
(131, 226, 7, 'primary'),
(131, 226, 18, 'primary'),
(131, 226, 53, 'primary'),
(131, 226, 212, 'primary'),
(131, 239, 7, 'primary'),
(131, 239, 21, 'primary'),
(131, 239, 218, 'primary'),
(131, 239, 229, 'primary'),
(131, 239, 235, 'primary'),
(131, 244, 9, 'primary'),
(131, 244, 211, 'primary'),
(131, 244, 254, 'primary'),
(131, 244, 263, 'primary'),
(131, 244, 305, 'primary'),
(131, 248, 10, 'primary'),
(131, 248, 12, 'primary'),
(131, 248, 228, 'primary'),
(131, 248, 240, 'primary'),
(131, 248, 318, 'primary'),
(131, 249, 234, 'primary'),
(131, 249, 244, 'primary'),
(131, 249, 253, 'primary'),
(131, 249, 274, 'primary'),
(131, 249, 309, 'primary'),
(131, 253, 242, 'primary'),
(131, 253, 274, 'primary'),
(131, 253, 284, 'primary'),
(131, 253, 322, 'primary'),
(131, 253, 331, 'primary'),
(132, 8, 7, 'primary'),
(132, 8, 218, 'primary'),
(132, 8, 220, 'primary'),
(132, 8, 221, 'primary'),
(132, 8, 235, 'primary'),
(132, 18, 7, 'primary'),
(132, 18, 218, 'primary'),
(132, 18, 221, 'primary'),
(132, 18, 235, 'primary'),
(132, 18, 239, 'primary'),
(132, 23, 9, 'primary'),
(132, 23, 30, 'primary'),
(132, 23, 234, 'primary'),
(132, 23, 240, 'primary'),
(132, 25, 243, 'primary'),
(132, 25, 292, 'primary'),
(132, 25, 293, 'primary'),
(132, 25, 305, 'primary'),
(132, 27, 9, 'primary'),
(132, 27, 241, 'primary'),
(132, 27, 245, 'primary'),
(132, 27, 246, 'primary'),
(132, 27, 274, 'primary'),
(132, 30, 214, 'primary'),
(132, 30, 215, 'primary'),
(132, 30, 216, 'primary'),
(132, 36, 215, 'primary'),
(132, 36, 240, 'primary'),
(132, 36, 241, 'primary'),
(132, 36, 249, 'primary'),
(132, 68, 7, 'primary'),
(132, 68, 16, 'primary'),
(132, 68, 218, 'primary'),
(132, 68, 221, 'primary'),
(132, 99, 46, 'primary'),
(132, 99, 223, 'primary'),
(132, 99, 230, 'primary'),
(132, 101, 38, 'primary'),
(132, 101, 65, 'primary'),
(132, 101, 70, 'primary'),
(132, 121, 14, 'primary'),
(132, 121, 47, 'primary'),
(132, 121, 162, 'primary'),
(132, 143, 63, 'primary'),
(132, 143, 217, 'primary'),
(132, 143, 236, 'primary'),
(132, 145, 43, 'primary'),
(132, 145, 45, 'primary'),
(132, 145, 46, 'primary'),
(132, 145, 65, 'primary'),
(132, 145, 225, 'primary'),
(132, 200, 9, 'primary'),
(132, 200, 255, 'primary'),
(132, 200, 274, 'primary'),
(132, 200, 283, 'primary'),
(132, 200, 322, 'primary'),
(133, 1, 212, 'primary'),
(133, 1, 253, 'primary'),
(133, 1, 254, 'primary'),
(133, 1, 290, 'primary'),
(133, 1, 309, 'primary'),
(133, 9, 25, 'primary'),
(133, 9, 220, 'primary'),
(133, 9, 229, 'primary'),
(133, 9, 235, 'primary'),
(133, 9, 236, 'primary'),
(133, 10, 7, 'primary'),
(133, 10, 16, 'primary'),
(133, 10, 218, 'primary'),
(133, 24, 9, 'primary'),
(133, 24, 69, 'primary'),
(133, 24, 231, 'primary'),
(133, 24, 242, 'primary'),
(133, 24, 243, 'primary'),
(133, 45, 229, 'primary'),
(133, 45, 235, 'primary'),
(133, 45, 236, 'primary'),
(133, 45, 238, 'primary'),
(133, 45, 239, 'primary'),
(133, 50, 46, 'primary'),
(133, 50, 110, 'primary'),
(133, 50, 222, 'primary'),
(133, 50, 223, 'primary'),
(133, 50, 262, 'primary'),
(133, 60, 10, 'primary'),
(133, 60, 58, 'primary'),
(133, 60, 233, 'primary'),
(133, 70, 222, 'primary'),
(133, 70, 223, 'primary'),
(133, 70, 225, 'primary'),
(133, 70, 227, 'primary'),
(133, 70, 284, 'primary'),
(133, 73, 15, 'primary'),
(133, 73, 45, 'primary'),
(133, 73, 46, 'primary'),
(133, 118, 21, 'primary'),
(133, 118, 218, 'primary'),
(133, 118, 236, 'primary'),
(133, 143, 63, 'primary'),
(133, 143, 217, 'primary'),
(133, 143, 236, 'primary'),
(133, 145, 43, 'primary'),
(133, 145, 45, 'primary'),
(133, 145, 46, 'primary'),
(133, 145, 65, 'primary'),
(133, 145, 225, 'primary'),
(133, 227, 211, 'primary'),
(133, 227, 216, 'primary'),
(133, 227, 245, 'primary'),
(133, 227, 246, 'primary'),
(133, 227, 277, 'primary'),
(134, 7, 10, 'primary'),
(134, 7, 30, 'primary'),
(134, 7, 216, 'primary'),
(134, 7, 234, 'primary'),
(134, 7, 240, 'primary'),
(134, 8, 7, 'primary'),
(134, 8, 218, 'primary'),
(134, 8, 220, 'primary'),
(134, 8, 221, 'primary'),
(134, 8, 235, 'primary'),
(134, 15, 15, 'primary'),
(134, 15, 110, 'primary'),
(134, 15, 224, 'primary'),
(134, 15, 227, 'primary'),
(134, 15, 230, 'primary'),
(134, 18, 7, 'primary'),
(134, 18, 218, 'primary'),
(134, 18, 221, 'primary'),
(134, 18, 235, 'primary'),
(134, 18, 239, 'primary'),
(134, 19, 9, 'primary'),
(134, 19, 211, 'primary'),
(134, 19, 216, 'primary'),
(134, 19, 242, 'primary'),
(134, 21, 18, 'primary'),
(134, 21, 25, 'primary'),
(134, 21, 51, 'primary'),
(134, 21, 52, 'primary'),
(134, 21, 53, 'primary'),
(134, 23, 9, 'primary'),
(134, 23, 30, 'primary'),
(134, 23, 234, 'primary'),
(134, 23, 240, 'primary'),
(134, 27, 9, 'primary'),
(134, 27, 241, 'primary'),
(134, 27, 245, 'primary'),
(134, 27, 246, 'primary'),
(134, 27, 274, 'primary'),
(134, 30, 214, 'primary'),
(134, 30, 215, 'primary'),
(134, 30, 216, 'primary'),
(134, 66, 16, 'primary'),
(134, 66, 222, 'primary'),
(134, 66, 223, 'primary'),
(134, 66, 224, 'primary'),
(134, 66, 230, 'primary'),
(134, 68, 7, 'primary'),
(134, 68, 16, 'primary'),
(134, 68, 218, 'primary'),
(134, 68, 221, 'primary'),
(134, 99, 46, 'primary'),
(134, 99, 223, 'primary'),
(134, 99, 230, 'primary'),
(134, 101, 38, 'primary'),
(134, 101, 65, 'primary'),
(134, 101, 70, 'primary'),
(134, 188, 7, 'primary'),
(134, 188, 21, 'primary'),
(134, 188, 235, 'primary'),
(134, 188, 236, 'primary'),
(134, 188, 264, 'primary'),
(134, 200, 9, 'primary'),
(134, 200, 255, 'primary'),
(134, 200, 274, 'primary'),
(134, 200, 283, 'primary'),
(134, 200, 322, 'primary'),
(134, 225, 274, 'primary'),
(134, 225, 322, 'primary'),
(135, 1, 212, 'primary'),
(135, 1, 253, 'primary'),
(135, 1, 254, 'primary'),
(135, 1, 290, 'primary'),
(135, 1, 309, 'primary'),
(135, 10, 7, 'primary'),
(135, 10, 16, 'primary'),
(135, 10, 218, 'primary'),
(135, 24, 9, 'primary'),
(135, 24, 69, 'primary'),
(135, 24, 231, 'primary'),
(135, 24, 242, 'primary'),
(135, 24, 243, 'primary'),
(135, 52, 45, 'primary'),
(135, 52, 222, 'primary'),
(135, 52, 223, 'primary'),
(135, 52, 224, 'primary'),
(135, 52, 226, 'primary'),
(135, 56, 21, 'primary'),
(135, 56, 218, 'primary'),
(135, 56, 220, 'primary'),
(135, 56, 264, 'primary'),
(135, 60, 10, 'primary'),
(135, 60, 58, 'primary'),
(135, 60, 233, 'primary'),
(135, 118, 21, 'primary'),
(135, 118, 218, 'primary'),
(135, 118, 236, 'primary'),
(135, 143, 63, 'primary'),
(135, 143, 217, 'primary'),
(135, 145, 43, 'primary'),
(135, 145, 45, 'primary'),
(135, 145, 46, 'primary'),
(135, 145, 65, 'primary'),
(135, 145, 225, 'primary'),
(135, 160, 212, 'primary'),
(135, 160, 224, 'primary'),
(135, 160, 226, 'primary'),
(135, 160, 227, 'primary'),
(135, 160, 230, 'primary'),
(135, 163, 222, 'primary'),
(135, 163, 223, 'primary'),
(135, 163, 226, 'primary'),
(135, 163, 227, 'primary'),
(135, 163, 230, 'primary'),
(135, 165, 7, 'primary'),
(135, 165, 26, 'primary'),
(135, 165, 218, 'primary'),
(135, 165, 320, 'primary'),
(135, 166, 215, 'primary'),
(135, 166, 216, 'primary'),
(135, 166, 244, 'primary'),
(135, 168, 10, 'primary'),
(135, 168, 234, 'primary'),
(135, 168, 240, 'primary'),
(135, 168, 253, 'primary'),
(135, 168, 254, 'primary'),
(135, 171, 46, 'primary'),
(135, 171, 222, 'primary'),
(135, 171, 223, 'primary'),
(135, 171, 226, 'primary'),
(135, 171, 227, 'primary'),
(135, 172, 224, 'primary'),
(135, 172, 226, 'primary'),
(135, 172, 230, 'primary'),
(135, 172, 328, 'primary'),
(135, 174, 46, 'primary'),
(135, 174, 224, 'primary'),
(135, 174, 226, 'primary'),
(135, 174, 227, 'primary'),
(135, 174, 319, 'primary'),
(135, 179, 228, 'primary'),
(135, 179, 274, 'primary'),
(135, 179, 298, 'primary'),
(135, 179, 306, 'primary'),
(135, 179, 331, 'primary'),
(135, 180, 9, 'primary'),
(135, 180, 216, 'primary'),
(135, 180, 231, 'primary'),
(135, 180, 244, 'primary'),
(135, 180, 332, 'primary'),
(135, 182, 240, 'primary'),
(135, 182, 241, 'primary'),
(135, 182, 249, 'primary'),
(135, 182, 274, 'primary'),
(135, 182, 309, 'primary'),
(135, 205, 20, 'primary'),
(135, 205, 30, 'primary'),
(135, 205, 255, 'primary'),
(135, 227, 211, 'primary'),
(135, 227, 216, 'primary'),
(135, 227, 245, 'primary'),
(135, 227, 246, 'primary'),
(135, 227, 277, 'primary'),
(135, 236, 9, 'primary'),
(135, 236, 233, 'primary'),
(135, 236, 241, 'primary'),
(135, 236, 254, 'primary'),
(135, 236, 263, 'primary'),
(135, 241, 21, 'primary'),
(135, 241, 53, 'primary'),
(135, 241, 218, 'primary'),
(135, 241, 235, 'primary'),
(135, 241, 238, 'primary'),
(135, 244, 9, 'primary'),
(135, 244, 20, 'primary'),
(135, 244, 30, 'primary'),
(135, 244, 263, 'primary'),
(135, 244, 305, 'primary'),
(135, 250, 223, 'primary'),
(135, 250, 224, 'primary'),
(135, 250, 226, 'primary'),
(135, 250, 227, 'primary'),
(135, 250, 230, 'primary'),
(136, 1, 212, 'primary'),
(136, 1, 253, 'primary'),
(136, 1, 254, 'primary'),
(136, 1, 290, 'primary'),
(136, 1, 309, 'primary'),
(136, 10, 7, 'primary'),
(136, 10, 16, 'primary'),
(136, 10, 218, 'primary'),
(136, 24, 9, 'primary'),
(136, 24, 69, 'primary'),
(136, 24, 231, 'primary'),
(136, 24, 242, 'primary'),
(136, 24, 243, 'primary'),
(136, 52, 45, 'primary'),
(136, 52, 222, 'primary'),
(136, 52, 223, 'primary'),
(136, 52, 224, 'primary'),
(136, 52, 226, 'primary'),
(136, 56, 21, 'primary'),
(136, 56, 218, 'primary'),
(136, 56, 220, 'primary'),
(136, 56, 264, 'primary'),
(136, 60, 10, 'primary'),
(136, 60, 58, 'primary'),
(136, 60, 233, 'primary'),
(136, 118, 21, 'primary'),
(136, 118, 218, 'primary'),
(136, 118, 236, 'primary'),
(136, 143, 63, 'primary'),
(136, 143, 217, 'primary'),
(136, 143, 236, 'primary'),
(136, 145, 43, 'primary'),
(136, 145, 45, 'primary'),
(136, 145, 46, 'primary'),
(136, 145, 65, 'primary'),
(136, 145, 225, 'primary'),
(136, 163, 222, 'primary'),
(136, 163, 223, 'primary'),
(136, 163, 226, 'primary'),
(136, 163, 227, 'primary'),
(136, 163, 230, 'primary'),
(136, 165, 7, 'primary'),
(136, 165, 26, 'primary'),
(136, 165, 218, 'primary'),
(136, 165, 320, 'primary'),
(136, 166, 215, 'primary'),
(136, 166, 216, 'primary'),
(136, 166, 244, 'primary'),
(136, 166, 309, 'primary'),
(136, 168, 10, 'primary'),
(136, 168, 234, 'primary'),
(136, 168, 240, 'primary'),
(136, 168, 253, 'primary'),
(136, 168, 254, 'primary'),
(136, 171, 46, 'primary'),
(136, 171, 222, 'primary'),
(136, 171, 223, 'primary'),
(136, 171, 226, 'primary'),
(136, 171, 227, 'primary'),
(136, 172, 224, 'primary'),
(136, 172, 226, 'primary'),
(136, 172, 227, 'primary'),
(136, 172, 230, 'primary'),
(136, 172, 328, 'primary'),
(136, 174, 46, 'primary'),
(136, 174, 224, 'primary'),
(136, 174, 226, 'primary'),
(136, 174, 227, 'primary'),
(136, 174, 319, 'primary'),
(136, 179, 228, 'primary'),
(136, 179, 274, 'primary'),
(136, 179, 298, 'primary'),
(136, 179, 306, 'primary'),
(136, 179, 331, 'primary'),
(136, 180, 9, 'primary'),
(136, 180, 216, 'primary'),
(136, 180, 231, 'primary'),
(136, 180, 244, 'primary'),
(136, 180, 332, 'primary'),
(136, 182, 240, 'primary'),
(136, 182, 241, 'primary'),
(136, 182, 249, 'primary'),
(136, 182, 274, 'primary'),
(136, 182, 309, 'primary'),
(136, 227, 211, 'primary'),
(136, 227, 216, 'primary'),
(136, 227, 245, 'primary'),
(136, 227, 246, 'primary'),
(136, 227, 277, 'primary'),
(136, 236, 9, 'primary'),
(136, 236, 233, 'primary'),
(136, 236, 241, 'primary'),
(136, 236, 254, 'primary'),
(136, 236, 263, 'primary'),
(136, 241, 21, 'primary'),
(136, 241, 53, 'primary'),
(136, 241, 218, 'primary'),
(136, 241, 235, 'primary'),
(136, 241, 238, 'primary'),
(136, 244, 9, 'primary'),
(136, 244, 20, 'primary'),
(136, 244, 30, 'primary'),
(136, 244, 263, 'primary'),
(136, 244, 305, 'primary'),
(136, 250, 223, 'primary'),
(136, 250, 224, 'primary'),
(136, 250, 226, 'primary'),
(136, 250, 227, 'primary'),
(136, 250, 230, 'primary'),
(137, 24, 9, 'primary'),
(137, 24, 69, 'primary'),
(137, 24, 231, 'primary'),
(137, 24, 242, 'primary'),
(137, 24, 243, 'primary'),
(137, 56, 21, 'primary'),
(137, 56, 218, 'primary'),
(137, 56, 220, 'primary'),
(137, 56, 264, 'primary'),
(137, 60, 10, 'primary'),
(137, 60, 58, 'primary'),
(137, 60, 233, 'primary'),
(137, 73, 15, 'primary'),
(137, 73, 45, 'primary'),
(137, 73, 46, 'primary'),
(137, 118, 21, 'primary'),
(137, 118, 218, 'primary'),
(137, 118, 236, 'primary'),
(137, 143, 63, 'primary'),
(137, 143, 217, 'primary'),
(137, 145, 43, 'primary'),
(137, 145, 45, 'primary'),
(137, 145, 46, 'primary'),
(137, 145, 65, 'primary'),
(137, 145, 225, 'primary'),
(137, 163, 222, 'primary'),
(137, 163, 223, 'primary'),
(137, 163, 226, 'primary'),
(137, 163, 227, 'primary'),
(137, 163, 230, 'primary'),
(137, 165, 7, 'primary'),
(137, 165, 26, 'primary'),
(137, 165, 218, 'primary'),
(137, 165, 320, 'primary'),
(137, 166, 215, 'primary'),
(137, 166, 216, 'primary'),
(137, 166, 244, 'primary'),
(137, 168, 10, 'primary'),
(137, 168, 234, 'primary'),
(137, 168, 240, 'primary'),
(137, 168, 253, 'primary'),
(137, 168, 254, 'primary'),
(137, 176, 228, 'primary'),
(137, 176, 233, 'primary'),
(137, 176, 255, 'primary'),
(137, 176, 274, 'primary'),
(137, 176, 309, 'primary'),
(137, 179, 228, 'primary'),
(137, 179, 274, 'primary'),
(137, 179, 298, 'primary'),
(137, 179, 306, 'primary'),
(137, 179, 331, 'primary'),
(137, 180, 9, 'primary'),
(137, 180, 216, 'primary'),
(137, 180, 231, 'primary'),
(137, 180, 244, 'primary'),
(137, 180, 332, 'primary'),
(137, 182, 240, 'primary'),
(137, 182, 241, 'primary'),
(137, 182, 249, 'primary'),
(137, 182, 274, 'primary'),
(137, 182, 309, 'primary'),
(137, 185, 26, 'primary'),
(137, 185, 218, 'primary'),
(137, 185, 229, 'primary'),
(137, 185, 235, 'primary'),
(137, 185, 238, 'primary'),
(137, 236, 9, 'primary'),
(137, 236, 233, 'primary'),
(137, 236, 241, 'primary'),
(137, 236, 242, 'primary'),
(137, 236, 254, 'primary'),
(137, 244, 9, 'primary'),
(137, 244, 20, 'primary'),
(137, 244, 30, 'primary'),
(137, 244, 263, 'primary'),
(137, 244, 305, 'primary'),
(137, 250, 223, 'primary'),
(137, 250, 224, 'primary'),
(137, 250, 226, 'primary'),
(137, 250, 227, 'primary'),
(137, 250, 230, 'primary'),
(137, 265, 7, 'primary'),
(137, 265, 21, 'primary'),
(137, 265, 55, 'primary'),
(137, 265, 63, 'primary'),
(137, 265, 108, 'primary'),
(138, 7, 216, 'primary'),
(138, 7, 228, 'primary'),
(138, 7, 234, 'primary'),
(138, 7, 240, 'primary'),
(138, 7, 244, 'primary'),
(138, 8, 218, 'primary'),
(138, 8, 220, 'primary'),
(138, 8, 235, 'primary'),
(138, 18, 7, 'primary'),
(138, 18, 218, 'primary'),
(138, 18, 221, 'primary'),
(138, 18, 235, 'primary'),
(138, 18, 239, 'primary'),
(138, 19, 9, 'primary'),
(138, 19, 216, 'primary'),
(138, 19, 242, 'primary'),
(138, 23, 9, 'primary'),
(138, 23, 10, 'primary'),
(138, 23, 216, 'primary'),
(138, 23, 234, 'primary'),
(138, 23, 240, 'primary'),
(138, 25, 246, 'primary'),
(138, 25, 274, 'primary'),
(138, 25, 281, 'primary'),
(138, 25, 292, 'primary'),
(138, 36, 10, 'primary'),
(138, 36, 215, 'primary'),
(138, 36, 240, 'primary'),
(138, 36, 242, 'primary'),
(138, 36, 249, 'primary'),
(138, 99, 46, 'primary'),
(138, 99, 222, 'primary'),
(138, 99, 223, 'primary'),
(138, 99, 226, 'primary'),
(138, 99, 227, 'primary'),
(138, 101, 16, 'primary'),
(138, 101, 45, 'primary'),
(138, 101, 46, 'primary'),
(138, 101, 226, 'primary'),
(138, 101, 319, 'primary'),
(138, 112, 16, 'primary'),
(138, 112, 223, 'primary'),
(138, 112, 224, 'primary'),
(138, 112, 226, 'primary'),
(138, 112, 230, 'primary'),
(138, 169, 9, 'primary'),
(138, 169, 10, 'primary'),
(138, 169, 19, 'primary'),
(138, 169, 234, 'primary'),
(138, 170, 222, 'primary'),
(138, 170, 223, 'primary'),
(138, 170, 226, 'primary'),
(138, 170, 230, 'primary'),
(138, 181, 3, 'primary'),
(138, 181, 11, 'primary'),
(138, 181, 240, 'primary'),
(138, 181, 255, 'primary'),
(138, 181, 263, 'primary'),
(138, 183, 7, 'primary'),
(138, 183, 21, 'primary'),
(138, 183, 26, 'primary'),
(138, 183, 218, 'primary'),
(138, 183, 235, 'primary'),
(138, 184, 9, 'primary'),
(138, 184, 20, 'primary'),
(138, 184, 36, 'primary'),
(138, 184, 231, 'primary'),
(138, 187, 9, 'primary'),
(138, 187, 20, 'primary'),
(138, 187, 246, 'primary'),
(138, 187, 288, 'primary'),
(138, 190, 6, 'primary'),
(138, 190, 7, 'primary'),
(138, 190, 21, 'primary'),
(138, 190, 220, 'primary'),
(138, 191, 8, 'primary'),
(138, 191, 18, 'primary'),
(138, 191, 21, 'primary'),
(138, 191, 108, 'primary'),
(138, 192, 218, 'primary'),
(138, 192, 220, 'primary'),
(138, 192, 221, 'primary'),
(138, 192, 238, 'primary'),
(138, 193, 218, 'primary'),
(138, 193, 235, 'primary'),
(138, 193, 238, 'primary'),
(138, 195, 46, 'primary'),
(138, 195, 225, 'primary'),
(138, 195, 226, 'primary'),
(138, 195, 227, 'primary'),
(138, 196, 16, 'primary'),
(138, 196, 46, 'primary'),
(138, 196, 224, 'primary'),
(138, 196, 226, 'primary'),
(138, 196, 227, 'primary'),
(138, 197, 46, 'primary'),
(138, 197, 227, 'primary'),
(138, 198, 9, 'primary'),
(138, 198, 10, 'primary'),
(138, 198, 37, 'primary'),
(138, 198, 228, 'primary'),
(138, 198, 232, 'primary'),
(138, 199, 37, 'primary'),
(138, 199, 228, 'primary'),
(138, 200, 9, 'primary'),
(138, 200, 36, 'primary'),
(138, 200, 255, 'primary'),
(138, 201, 46, 'primary'),
(138, 201, 212, 'primary'),
(138, 201, 222, 'primary'),
(138, 201, 226, 'primary'),
(138, 201, 227, 'primary'),
(138, 204, 14, 'primary'),
(138, 204, 45, 'primary'),
(138, 204, 46, 'primary'),
(138, 204, 227, 'primary'),
(138, 204, 230, 'primary'),
(138, 207, 84, 'primary'),
(138, 207, 233, 'primary'),
(138, 207, 240, 'primary'),
(138, 207, 287, 'primary'),
(138, 207, 305, 'primary'),
(138, 209, 3, 'primary'),
(138, 209, 9, 'primary'),
(138, 209, 254, 'primary'),
(138, 209, 255, 'primary'),
(138, 209, 263, 'primary'),
(138, 224, 46, 'primary'),
(138, 224, 224, 'primary'),
(138, 224, 226, 'primary'),
(138, 224, 230, 'primary'),
(138, 224, 319, 'primary'),
(138, 225, 125, 'primary'),
(138, 225, 322, 'primary'),
(138, 226, 7, 'primary'),
(138, 226, 18, 'primary'),
(138, 226, 53, 'primary'),
(138, 248, 10, 'primary'),
(138, 248, 12, 'primary'),
(138, 248, 228, 'primary'),
(138, 248, 240, 'primary'),
(138, 248, 318, 'primary'),
(138, 249, 234, 'primary'),
(138, 249, 244, 'primary'),
(138, 249, 253, 'primary'),
(138, 249, 274, 'primary'),
(138, 249, 309, 'primary'),
(138, 253, 242, 'primary'),
(138, 253, 274, 'primary'),
(138, 253, 322, 'primary'),
(138, 253, 331, 'primary'),
(138, 268, 21, 'primary'),
(138, 268, 212, 'primary'),
(138, 268, 229, 'primary'),
(138, 268, 235, 'primary'),
(138, 269, 46, 'primary'),
(138, 269, 222, 'primary'),
(138, 269, 226, 'primary'),
(138, 269, 227, 'primary'),
(138, 269, 319, 'primary'),
(139, 7, 216, 'primary'),
(139, 7, 233, 'primary'),
(139, 7, 234, 'primary'),
(139, 7, 240, 'primary'),
(139, 8, 7, 'primary'),
(139, 8, 218, 'primary'),
(139, 8, 220, 'primary'),
(139, 8, 221, 'primary'),
(139, 8, 235, 'primary'),
(139, 18, 7, 'primary'),
(139, 18, 218, 'primary'),
(139, 18, 221, 'primary'),
(139, 18, 235, 'primary'),
(139, 18, 239, 'primary'),
(139, 19, 9, 'primary'),
(139, 19, 211, 'primary'),
(139, 19, 216, 'primary'),
(139, 19, 242, 'primary'),
(139, 19, 332, 'primary'),
(139, 21, 9, 'primary'),
(139, 21, 246, 'primary'),
(139, 21, 290, 'primary'),
(139, 21, 305, 'primary'),
(139, 21, 309, 'primary'),
(139, 23, 9, 'primary'),
(139, 23, 216, 'primary'),
(139, 23, 234, 'primary'),
(139, 23, 240, 'primary'),
(139, 23, 253, 'primary'),
(139, 25, 243, 'primary'),
(139, 25, 292, 'primary'),
(139, 25, 293, 'primary'),
(139, 25, 305, 'primary'),
(139, 36, 215, 'primary'),
(139, 36, 240, 'primary'),
(139, 36, 241, 'primary'),
(139, 36, 249, 'primary'),
(139, 68, 7, 'primary'),
(139, 68, 16, 'primary'),
(139, 68, 218, 'primary'),
(139, 68, 221, 'primary'),
(139, 99, 46, 'primary'),
(139, 99, 222, 'primary'),
(139, 99, 223, 'primary'),
(139, 99, 224, 'primary'),
(139, 99, 230, 'primary'),
(139, 101, 16, 'primary'),
(139, 101, 45, 'primary'),
(139, 101, 46, 'primary'),
(139, 101, 226, 'primary'),
(139, 101, 319, 'primary'),
(139, 112, 16, 'primary'),
(139, 112, 46, 'primary'),
(139, 112, 226, 'primary'),
(139, 112, 230, 'primary'),
(139, 112, 284, 'primary'),
(139, 169, 19, 'primary'),
(139, 169, 216, 'primary'),
(139, 169, 234, 'primary'),
(139, 169, 254, 'primary'),
(139, 169, 274, 'primary'),
(139, 170, 212, 'primary'),
(139, 170, 226, 'primary'),
(139, 170, 227, 'primary'),
(139, 170, 283, 'primary'),
(139, 181, 245, 'primary'),
(139, 181, 246, 'primary'),
(139, 181, 288, 'primary'),
(139, 181, 292, 'primary'),
(139, 181, 317, 'primary'),
(139, 183, 7, 'primary'),
(139, 183, 21, 'primary'),
(139, 183, 221, 'primary'),
(139, 183, 235, 'primary'),
(139, 183, 239, 'primary'),
(139, 187, 9, 'primary'),
(139, 187, 20, 'primary'),
(139, 187, 246, 'primary'),
(139, 187, 254, 'primary'),
(139, 187, 309, 'primary'),
(139, 190, 6, 'primary'),
(139, 190, 7, 'primary'),
(139, 190, 21, 'primary'),
(139, 190, 220, 'primary'),
(139, 190, 264, 'primary'),
(139, 191, 6, 'primary'),
(139, 191, 8, 'primary'),
(139, 191, 18, 'primary'),
(139, 191, 21, 'primary'),
(139, 191, 108, 'primary'),
(139, 192, 218, 'primary'),
(139, 192, 220, 'primary'),
(139, 192, 235, 'primary'),
(139, 192, 238, 'primary'),
(139, 192, 329, 'primary'),
(139, 193, 218, 'primary'),
(139, 193, 235, 'primary'),
(139, 193, 238, 'primary'),
(139, 195, 46, 'primary'),
(139, 195, 225, 'primary'),
(139, 195, 226, 'primary'),
(139, 195, 227, 'primary'),
(139, 195, 230, 'primary'),
(139, 196, 16, 'primary'),
(139, 196, 46, 'primary'),
(139, 196, 224, 'primary'),
(139, 196, 226, 'primary'),
(139, 196, 227, 'primary'),
(139, 197, 16, 'primary'),
(139, 197, 46, 'primary'),
(139, 197, 227, 'primary'),
(139, 197, 230, 'primary'),
(139, 197, 311, 'primary'),
(139, 198, 9, 'primary'),
(139, 198, 10, 'primary'),
(139, 198, 37, 'primary'),
(139, 198, 296, 'primary'),
(139, 199, 37, 'primary'),
(139, 199, 228, 'primary'),
(139, 199, 231, 'primary'),
(139, 199, 240, 'primary'),
(139, 200, 9, 'primary'),
(139, 200, 255, 'primary'),
(139, 200, 274, 'primary'),
(139, 200, 283, 'primary'),
(139, 200, 322, 'primary'),
(139, 204, 46, 'primary'),
(139, 204, 212, 'primary'),
(139, 204, 227, 'primary'),
(139, 204, 230, 'primary'),
(139, 204, 290, 'primary'),
(139, 207, 3, 'primary'),
(139, 207, 84, 'primary'),
(139, 207, 240, 'primary'),
(139, 207, 255, 'primary'),
(139, 207, 305, 'primary'),
(139, 209, 9, 'primary'),
(139, 209, 69, 'primary'),
(139, 209, 254, 'primary'),
(139, 209, 255, 'primary'),
(139, 209, 263, 'primary'),
(139, 224, 46, 'primary'),
(139, 224, 212, 'primary'),
(139, 224, 226, 'primary'),
(139, 224, 230, 'primary'),
(139, 224, 319, 'primary'),
(139, 225, 274, 'primary'),
(139, 225, 322, 'primary'),
(139, 226, 18, 'primary'),
(139, 226, 25, 'primary'),
(139, 226, 53, 'primary'),
(139, 226, 235, 'primary'),
(139, 248, 10, 'primary'),
(139, 248, 12, 'primary'),
(139, 248, 18, 'primary'),
(139, 248, 27, 'primary'),
(139, 248, 231, 'primary'),
(139, 249, 234, 'primary'),
(139, 249, 244, 'primary'),
(139, 249, 253, 'primary'),
(139, 249, 274, 'primary'),
(139, 249, 309, 'primary'),
(139, 253, 242, 'primary'),
(139, 253, 274, 'primary'),
(139, 253, 284, 'primary'),
(139, 253, 322, 'primary'),
(139, 253, 331, 'primary'),
(139, 269, 16, 'primary'),
(139, 269, 43, 'primary'),
(139, 269, 46, 'primary'),
(139, 269, 227, 'primary'),
(139, 269, 230, 'primary'),
(140, 8, 7, 'primary'),
(140, 8, 218, 'primary'),
(140, 8, 220, 'primary'),
(140, 8, 221, 'primary'),
(140, 8, 235, 'primary'),
(140, 19, 9, 'primary'),
(140, 19, 211, 'primary'),
(140, 19, 216, 'primary'),
(140, 19, 242, 'primary'),
(140, 19, 332, 'primary'),
(140, 24, 9, 'primary'),
(140, 24, 243, 'primary'),
(140, 24, 254, 'primary'),
(140, 24, 292, 'primary'),
(140, 24, 309, 'primary'),
(140, 50, 222, 'primary'),
(140, 50, 223, 'primary'),
(140, 50, 224, 'primary'),
(140, 50, 227, 'primary'),
(140, 50, 230, 'primary'),
(140, 52, 222, 'primary'),
(140, 52, 223, 'primary'),
(140, 52, 224, 'primary'),
(140, 52, 226, 'primary'),
(140, 52, 230, 'primary'),
(140, 56, 21, 'primary'),
(140, 56, 218, 'primary'),
(140, 56, 220, 'primary'),
(140, 56, 235, 'primary'),
(140, 56, 264, 'primary'),
(140, 60, 10, 'primary'),
(140, 60, 296, 'primary'),
(140, 60, 318, 'primary'),
(140, 70, 222, 'primary'),
(140, 70, 223, 'primary'),
(140, 70, 224, 'primary'),
(140, 70, 227, 'primary'),
(140, 70, 230, 'primary'),
(140, 73, 15, 'primary'),
(140, 73, 45, 'primary'),
(140, 73, 46, 'primary'),
(140, 118, 21, 'primary'),
(140, 118, 218, 'primary'),
(140, 118, 236, 'primary'),
(140, 118, 238, 'primary'),
(140, 143, 6, 'primary'),
(140, 143, 7, 'primary'),
(140, 143, 21, 'primary'),
(140, 143, 217, 'primary'),
(140, 143, 220, 'primary'),
(140, 145, 43, 'primary'),
(140, 145, 45, 'primary'),
(140, 145, 46, 'primary'),
(140, 145, 65, 'primary'),
(140, 145, 225, 'primary'),
(140, 157, 228, 'primary'),
(140, 157, 231, 'primary'),
(140, 157, 232, 'primary'),
(140, 157, 240, 'primary'),
(140, 157, 322, 'primary'),
(140, 160, 212, 'primary'),
(140, 160, 224, 'primary'),
(140, 160, 226, 'primary'),
(140, 160, 227, 'primary'),
(140, 160, 230, 'primary'),
(140, 163, 222, 'primary'),
(140, 163, 223, 'primary'),
(140, 163, 226, 'primary'),
(140, 163, 227, 'primary'),
(140, 163, 230, 'primary'),
(140, 165, 7, 'primary'),
(140, 165, 26, 'primary'),
(140, 165, 218, 'primary'),
(140, 165, 320, 'primary'),
(140, 166, 215, 'primary'),
(140, 166, 216, 'primary'),
(140, 166, 244, 'primary'),
(140, 166, 253, 'primary'),
(140, 166, 274, 'primary'),
(140, 168, 10, 'primary'),
(140, 168, 234, 'primary'),
(140, 168, 240, 'primary'),
(140, 168, 253, 'primary'),
(140, 168, 254, 'primary'),
(140, 171, 46, 'primary'),
(140, 171, 222, 'primary'),
(140, 171, 223, 'primary'),
(140, 171, 226, 'primary'),
(140, 171, 227, 'primary'),
(140, 173, 46, 'primary'),
(140, 173, 212, 'primary'),
(140, 173, 226, 'primary'),
(140, 173, 227, 'primary'),
(140, 173, 230, 'primary'),
(140, 174, 46, 'primary'),
(140, 174, 224, 'primary'),
(140, 174, 226, 'primary'),
(140, 174, 227, 'primary'),
(140, 174, 319, 'primary'),
(140, 176, 228, 'primary'),
(140, 176, 233, 'primary'),
(140, 176, 255, 'primary'),
(140, 176, 274, 'primary'),
(140, 176, 309, 'primary'),
(140, 179, 228, 'primary'),
(140, 179, 274, 'primary'),
(140, 179, 298, 'primary'),
(140, 179, 306, 'primary'),
(140, 179, 331, 'primary'),
(140, 180, 9, 'primary'),
(140, 180, 216, 'primary'),
(140, 180, 231, 'primary'),
(140, 180, 244, 'primary'),
(140, 180, 332, 'primary'),
(140, 185, 26, 'primary'),
(140, 185, 218, 'primary'),
(140, 185, 229, 'primary'),
(140, 185, 235, 'primary'),
(140, 185, 238, 'primary'),
(140, 186, 10, 'primary'),
(140, 186, 231, 'primary'),
(140, 186, 240, 'primary'),
(140, 186, 296, 'primary'),
(140, 186, 318, 'primary'),
(140, 188, 7, 'primary'),
(140, 188, 21, 'primary'),
(140, 188, 235, 'primary'),
(140, 188, 236, 'primary'),
(140, 188, 328, 'primary'),
(140, 205, 20, 'primary'),
(140, 205, 30, 'primary'),
(140, 205, 255, 'primary'),
(140, 206, 9, 'primary'),
(140, 206, 20, 'primary'),
(140, 206, 30, 'primary'),
(140, 206, 255, 'primary'),
(140, 213, 9, 'primary'),
(140, 213, 19, 'primary'),
(140, 213, 233, 'primary'),
(140, 213, 240, 'primary'),
(140, 213, 241, 'primary'),
(140, 220, 106, 'primary'),
(140, 220, 223, 'primary'),
(140, 220, 224, 'primary'),
(140, 220, 230, 'primary'),
(140, 220, 284, 'primary'),
(140, 227, 211, 'primary'),
(140, 227, 216, 'primary'),
(140, 227, 245, 'primary'),
(140, 227, 246, 'primary'),
(140, 227, 277, 'primary'),
(140, 235, 21, 'primary'),
(140, 235, 26, 'primary'),
(140, 235, 218, 'primary'),
(140, 235, 229, 'primary'),
(140, 235, 235, 'primary'),
(140, 236, 9, 'primary'),
(140, 236, 233, 'primary'),
(140, 236, 241, 'primary'),
(140, 236, 242, 'primary'),
(140, 236, 254, 'primary'),
(140, 238, 218, 'primary'),
(140, 238, 221, 'primary'),
(140, 238, 235, 'primary'),
(140, 238, 238, 'primary'),
(140, 238, 320, 'primary'),
(140, 241, 21, 'primary'),
(140, 241, 53, 'primary'),
(140, 241, 218, 'primary'),
(140, 241, 235, 'primary'),
(140, 241, 238, 'primary'),
(140, 244, 9, 'primary'),
(140, 244, 20, 'primary'),
(140, 244, 30, 'primary'),
(140, 244, 263, 'primary'),
(140, 244, 305, 'primary'),
(140, 246, 34, 'primary'),
(140, 246, 249, 'primary'),
(140, 246, 255, 'primary'),
(140, 246, 263, 'primary'),
(140, 250, 223, 'primary'),
(140, 250, 224, 'primary'),
(140, 250, 226, 'primary'),
(140, 250, 227, 'primary'),
(140, 250, 230, 'primary'),
(140, 270, 4, 'primary'),
(140, 270, 9, 'primary'),
(140, 270, 20, 'primary'),
(140, 270, 52, 'primary'),
(140, 270, 295, 'primary'),
(141, 1, 212, 'primary'),
(141, 1, 253, 'primary'),
(141, 1, 254, 'primary'),
(141, 1, 290, 'primary'),
(141, 1, 309, 'primary'),
(141, 7, 216, 'primary'),
(141, 7, 228, 'primary'),
(141, 7, 233, 'primary'),
(141, 7, 234, 'primary'),
(141, 7, 240, 'primary'),
(141, 18, 7, 'primary'),
(141, 18, 218, 'primary'),
(141, 18, 221, 'primary'),
(141, 18, 235, 'primary'),
(141, 18, 239, 'primary'),
(141, 21, 9, 'primary'),
(141, 21, 246, 'primary'),
(141, 21, 290, 'primary'),
(141, 21, 305, 'primary'),
(141, 21, 309, 'primary'),
(141, 23, 9, 'primary'),
(141, 23, 216, 'primary'),
(141, 23, 234, 'primary'),
(141, 23, 240, 'primary'),
(141, 23, 253, 'primary'),
(141, 25, 243, 'primary'),
(141, 25, 292, 'primary'),
(141, 25, 293, 'primary'),
(141, 25, 305, 'primary'),
(141, 30, 214, 'primary'),
(141, 30, 215, 'primary'),
(141, 30, 216, 'primary'),
(141, 30, 244, 'primary'),
(141, 30, 277, 'primary'),
(141, 36, 215, 'primary'),
(141, 36, 240, 'primary'),
(141, 36, 241, 'primary'),
(141, 36, 249, 'primary'),
(141, 68, 7, 'primary'),
(141, 68, 16, 'primary'),
(141, 68, 218, 'primary'),
(141, 68, 221, 'primary'),
(141, 99, 46, 'primary'),
(141, 99, 222, 'primary'),
(141, 99, 223, 'primary'),
(141, 99, 224, 'primary'),
(141, 99, 230, 'primary'),
(141, 112, 16, 'primary'),
(141, 112, 46, 'primary'),
(141, 112, 226, 'primary'),
(141, 112, 230, 'primary'),
(141, 112, 311, 'primary'),
(141, 169, 19, 'primary'),
(141, 169, 216, 'primary'),
(141, 169, 234, 'primary'),
(141, 169, 254, 'primary'),
(141, 169, 274, 'primary'),
(141, 170, 212, 'primary'),
(141, 170, 226, 'primary'),
(141, 170, 227, 'primary'),
(141, 170, 283, 'primary'),
(141, 181, 245, 'primary'),
(141, 181, 246, 'primary'),
(141, 181, 288, 'primary'),
(141, 181, 292, 'primary'),
(141, 181, 317, 'primary'),
(141, 183, 7, 'primary'),
(141, 183, 21, 'primary'),
(141, 183, 221, 'primary'),
(141, 183, 235, 'primary'),
(141, 183, 239, 'primary'),
(141, 184, 9, 'primary'),
(141, 184, 10, 'primary'),
(141, 184, 20, 'primary'),
(141, 184, 30, 'primary'),
(141, 184, 69, 'primary'),
(141, 190, 6, 'primary'),
(141, 190, 7, 'primary'),
(141, 190, 21, 'primary'),
(141, 190, 220, 'primary'),
(141, 190, 264, 'primary'),
(141, 191, 6, 'primary'),
(141, 191, 8, 'primary'),
(141, 191, 18, 'primary'),
(141, 191, 21, 'primary'),
(141, 191, 108, 'primary'),
(141, 192, 218, 'primary'),
(141, 192, 220, 'primary'),
(141, 192, 235, 'primary'),
(141, 192, 238, 'primary'),
(141, 192, 329, 'primary'),
(141, 195, 46, 'primary'),
(141, 195, 225, 'primary'),
(141, 195, 226, 'primary'),
(141, 195, 227, 'primary'),
(141, 195, 230, 'primary'),
(141, 196, 16, 'primary'),
(141, 196, 46, 'primary'),
(141, 196, 224, 'primary'),
(141, 196, 226, 'primary'),
(141, 196, 227, 'primary');
INSERT INTO `raid_player_wish` (`raid`, `player`, `item`, `attribution`) VALUES
(141, 197, 16, 'primary'),
(141, 197, 46, 'primary'),
(141, 197, 227, 'primary'),
(141, 197, 230, 'primary'),
(141, 197, 311, 'primary'),
(141, 198, 9, 'primary'),
(141, 198, 10, 'primary'),
(141, 198, 37, 'primary'),
(141, 198, 296, 'primary'),
(141, 199, 37, 'primary'),
(141, 199, 228, 'primary'),
(141, 199, 231, 'primary'),
(141, 199, 240, 'primary'),
(141, 200, 9, 'primary'),
(141, 200, 255, 'primary'),
(141, 200, 274, 'primary'),
(141, 200, 283, 'primary'),
(141, 200, 322, 'primary'),
(141, 201, 46, 'primary'),
(141, 201, 222, 'primary'),
(141, 201, 223, 'primary'),
(141, 201, 226, 'primary'),
(141, 201, 230, 'primary'),
(141, 204, 5, 'primary'),
(141, 204, 46, 'primary'),
(141, 204, 227, 'primary'),
(141, 204, 230, 'primary'),
(141, 204, 290, 'primary'),
(141, 207, 3, 'primary'),
(141, 207, 84, 'primary'),
(141, 207, 240, 'primary'),
(141, 207, 255, 'primary'),
(141, 207, 305, 'primary'),
(141, 209, 9, 'primary'),
(141, 209, 69, 'primary'),
(141, 209, 254, 'primary'),
(141, 209, 255, 'primary'),
(141, 209, 263, 'primary'),
(141, 223, 16, 'primary'),
(141, 223, 46, 'primary'),
(141, 223, 227, 'primary'),
(141, 223, 230, 'primary'),
(141, 223, 319, 'primary'),
(141, 224, 46, 'primary'),
(141, 224, 212, 'primary'),
(141, 224, 226, 'primary'),
(141, 224, 230, 'primary'),
(141, 224, 319, 'primary'),
(141, 226, 18, 'primary'),
(141, 226, 25, 'primary'),
(141, 226, 53, 'primary'),
(141, 226, 235, 'primary'),
(141, 239, 7, 'primary'),
(141, 239, 21, 'primary'),
(141, 239, 218, 'primary'),
(141, 239, 229, 'primary'),
(141, 239, 235, 'primary'),
(141, 248, 10, 'primary'),
(141, 248, 12, 'primary'),
(141, 248, 18, 'primary'),
(141, 248, 27, 'primary'),
(141, 248, 231, 'primary'),
(141, 249, 234, 'primary'),
(141, 249, 244, 'primary'),
(141, 249, 253, 'primary'),
(141, 249, 274, 'primary'),
(141, 249, 309, 'primary'),
(141, 269, 16, 'primary'),
(141, 269, 43, 'primary'),
(141, 269, 46, 'primary'),
(141, 269, 227, 'primary'),
(141, 269, 230, 'primary'),
(142, 8, 7, 'primary'),
(142, 8, 218, 'primary'),
(142, 8, 220, 'primary'),
(142, 8, 221, 'primary'),
(142, 8, 235, 'primary'),
(142, 10, 7, 'primary'),
(142, 10, 16, 'primary'),
(142, 10, 218, 'primary'),
(142, 19, 9, 'primary'),
(142, 19, 211, 'primary'),
(142, 19, 216, 'primary'),
(142, 19, 242, 'primary'),
(142, 24, 9, 'primary'),
(142, 24, 243, 'primary'),
(142, 24, 292, 'primary'),
(142, 24, 309, 'primary'),
(142, 50, 222, 'primary'),
(142, 50, 223, 'primary'),
(142, 50, 224, 'primary'),
(142, 50, 227, 'primary'),
(142, 50, 230, 'primary'),
(142, 56, 21, 'primary'),
(142, 56, 218, 'primary'),
(142, 56, 220, 'primary'),
(142, 56, 235, 'primary'),
(142, 56, 264, 'primary'),
(142, 60, 10, 'primary'),
(142, 60, 296, 'primary'),
(142, 60, 318, 'primary'),
(142, 70, 222, 'primary'),
(142, 70, 223, 'primary'),
(142, 70, 224, 'primary'),
(142, 70, 227, 'primary'),
(142, 70, 230, 'primary'),
(142, 118, 21, 'primary'),
(142, 118, 218, 'primary'),
(142, 118, 236, 'primary'),
(142, 118, 238, 'primary'),
(142, 157, 53, 'primary'),
(142, 157, 228, 'primary'),
(142, 157, 231, 'primary'),
(142, 157, 232, 'primary'),
(142, 157, 240, 'primary'),
(142, 158, 37, 'primary'),
(142, 158, 51, 'primary'),
(142, 158, 240, 'primary'),
(142, 158, 318, 'primary'),
(142, 160, 224, 'primary'),
(142, 160, 226, 'primary'),
(142, 160, 227, 'primary'),
(142, 160, 230, 'primary'),
(142, 160, 319, 'primary'),
(142, 163, 222, 'primary'),
(142, 163, 223, 'primary'),
(142, 163, 226, 'primary'),
(142, 163, 227, 'primary'),
(142, 163, 230, 'primary'),
(142, 165, 7, 'primary'),
(142, 165, 26, 'primary'),
(142, 165, 218, 'primary'),
(142, 165, 320, 'primary'),
(142, 166, 215, 'primary'),
(142, 166, 216, 'primary'),
(142, 166, 242, 'primary'),
(142, 166, 244, 'primary'),
(142, 166, 253, 'primary'),
(142, 168, 10, 'primary'),
(142, 168, 216, 'primary'),
(142, 168, 234, 'primary'),
(142, 168, 253, 'primary'),
(142, 168, 254, 'primary'),
(142, 171, 46, 'primary'),
(142, 171, 222, 'primary'),
(142, 171, 223, 'primary'),
(142, 171, 226, 'primary'),
(142, 171, 227, 'primary'),
(142, 173, 46, 'primary'),
(142, 173, 212, 'primary'),
(142, 173, 226, 'primary'),
(142, 173, 227, 'primary'),
(142, 173, 230, 'primary'),
(142, 174, 46, 'primary'),
(142, 174, 226, 'primary'),
(142, 174, 227, 'primary'),
(142, 174, 283, 'primary'),
(142, 174, 328, 'primary'),
(142, 176, 228, 'primary'),
(142, 176, 233, 'primary'),
(142, 176, 255, 'primary'),
(142, 176, 274, 'primary'),
(142, 179, 228, 'primary'),
(142, 179, 274, 'primary'),
(142, 179, 331, 'primary'),
(142, 180, 9, 'primary'),
(142, 180, 216, 'primary'),
(142, 180, 231, 'primary'),
(142, 180, 244, 'primary'),
(142, 180, 332, 'primary'),
(142, 182, 240, 'primary'),
(142, 182, 241, 'primary'),
(142, 182, 249, 'primary'),
(142, 182, 274, 'primary'),
(142, 182, 309, 'primary'),
(142, 185, 26, 'primary'),
(142, 185, 218, 'primary'),
(142, 185, 229, 'primary'),
(142, 185, 235, 'primary'),
(142, 185, 238, 'primary'),
(142, 186, 10, 'primary'),
(142, 186, 231, 'primary'),
(142, 186, 240, 'primary'),
(142, 186, 296, 'primary'),
(142, 186, 318, 'primary'),
(142, 188, 7, 'primary'),
(142, 188, 21, 'primary'),
(142, 188, 235, 'primary'),
(142, 188, 236, 'primary'),
(142, 188, 328, 'primary'),
(142, 193, 218, 'primary'),
(142, 193, 235, 'primary'),
(142, 193, 238, 'primary'),
(142, 206, 9, 'primary'),
(142, 206, 20, 'primary'),
(142, 206, 30, 'primary'),
(142, 206, 255, 'primary'),
(142, 220, 106, 'primary'),
(142, 220, 223, 'primary'),
(142, 220, 224, 'primary'),
(142, 220, 230, 'primary'),
(142, 220, 319, 'primary'),
(142, 227, 211, 'primary'),
(142, 227, 216, 'primary'),
(142, 227, 245, 'primary'),
(142, 227, 246, 'primary'),
(142, 227, 277, 'primary'),
(142, 235, 21, 'primary'),
(142, 235, 26, 'primary'),
(142, 235, 218, 'primary'),
(142, 235, 229, 'primary'),
(142, 235, 235, 'primary'),
(142, 236, 9, 'primary'),
(142, 236, 233, 'primary'),
(142, 236, 241, 'primary'),
(142, 236, 242, 'primary'),
(142, 236, 254, 'primary'),
(142, 241, 21, 'primary'),
(142, 241, 53, 'primary'),
(142, 241, 218, 'primary'),
(142, 241, 235, 'primary'),
(142, 241, 238, 'primary'),
(142, 244, 9, 'primary'),
(142, 244, 20, 'primary'),
(142, 244, 30, 'primary'),
(142, 244, 263, 'primary'),
(142, 244, 305, 'primary'),
(142, 246, 34, 'primary'),
(142, 246, 255, 'primary'),
(142, 246, 263, 'primary'),
(142, 250, 212, 'primary'),
(142, 250, 226, 'primary'),
(142, 250, 283, 'primary'),
(142, 250, 290, 'primary'),
(142, 250, 319, 'primary'),
(142, 270, 4, 'primary'),
(142, 270, 9, 'primary'),
(142, 270, 20, 'primary'),
(142, 270, 52, 'primary'),
(142, 270, 295, 'primary'),
(143, 1, 212, 'primary'),
(143, 1, 253, 'primary'),
(143, 1, 254, 'primary'),
(143, 1, 290, 'primary'),
(143, 1, 309, 'primary'),
(143, 21, 9, 'primary'),
(143, 21, 246, 'primary'),
(143, 21, 290, 'primary'),
(143, 21, 305, 'primary'),
(143, 21, 309, 'primary'),
(143, 23, 9, 'primary'),
(143, 23, 216, 'primary'),
(143, 23, 234, 'primary'),
(143, 23, 240, 'primary'),
(143, 23, 254, 'primary'),
(143, 25, 243, 'primary'),
(143, 25, 292, 'primary'),
(143, 25, 293, 'primary'),
(143, 25, 305, 'primary'),
(143, 30, 214, 'primary'),
(143, 30, 215, 'primary'),
(143, 30, 216, 'primary'),
(143, 30, 244, 'primary'),
(143, 30, 277, 'primary'),
(143, 56, 21, 'primary'),
(143, 56, 218, 'primary'),
(143, 56, 220, 'primary'),
(143, 56, 235, 'primary'),
(143, 56, 264, 'primary'),
(143, 60, 10, 'primary'),
(143, 60, 296, 'primary'),
(143, 60, 318, 'primary'),
(143, 70, 222, 'primary'),
(143, 70, 223, 'primary'),
(143, 70, 224, 'primary'),
(143, 70, 227, 'primary'),
(143, 70, 230, 'primary'),
(143, 112, 16, 'primary'),
(143, 112, 46, 'primary'),
(143, 112, 226, 'primary'),
(143, 112, 230, 'primary'),
(143, 112, 311, 'primary'),
(143, 170, 212, 'primary'),
(143, 170, 226, 'primary'),
(143, 170, 227, 'primary'),
(143, 170, 319, 'primary'),
(143, 171, 46, 'primary'),
(143, 171, 222, 'primary'),
(143, 171, 223, 'primary'),
(143, 171, 226, 'primary'),
(143, 171, 227, 'primary'),
(143, 179, 228, 'primary'),
(143, 179, 274, 'primary'),
(143, 179, 331, 'primary'),
(143, 182, 240, 'primary'),
(143, 182, 241, 'primary'),
(143, 182, 249, 'primary'),
(143, 182, 274, 'primary'),
(143, 182, 309, 'primary'),
(143, 183, 7, 'primary'),
(143, 183, 21, 'primary'),
(143, 183, 221, 'primary'),
(143, 183, 235, 'primary'),
(143, 183, 239, 'primary'),
(143, 187, 9, 'primary'),
(143, 187, 20, 'primary'),
(143, 187, 246, 'primary'),
(143, 187, 290, 'primary'),
(143, 187, 309, 'primary'),
(143, 190, 6, 'primary'),
(143, 190, 7, 'primary'),
(143, 190, 21, 'primary'),
(143, 190, 220, 'primary'),
(143, 190, 264, 'primary'),
(143, 191, 6, 'primary'),
(143, 191, 8, 'primary'),
(143, 191, 18, 'primary'),
(143, 191, 21, 'primary'),
(143, 191, 108, 'primary'),
(143, 195, 46, 'primary'),
(143, 195, 225, 'primary'),
(143, 195, 226, 'primary'),
(143, 195, 227, 'primary'),
(143, 195, 230, 'primary'),
(143, 196, 16, 'primary'),
(143, 196, 46, 'primary'),
(143, 196, 224, 'primary'),
(143, 196, 226, 'primary'),
(143, 196, 227, 'primary'),
(143, 198, 9, 'primary'),
(143, 198, 10, 'primary'),
(143, 198, 37, 'primary'),
(143, 198, 296, 'primary'),
(143, 201, 46, 'primary'),
(143, 201, 222, 'primary'),
(143, 201, 223, 'primary'),
(143, 201, 226, 'primary'),
(143, 201, 230, 'primary'),
(143, 206, 9, 'primary'),
(143, 206, 20, 'primary'),
(143, 206, 30, 'primary'),
(143, 206, 255, 'primary'),
(143, 226, 18, 'primary'),
(143, 226, 25, 'primary'),
(143, 226, 53, 'primary'),
(143, 226, 235, 'primary'),
(143, 227, 211, 'primary'),
(143, 227, 216, 'primary'),
(143, 227, 245, 'primary'),
(143, 227, 246, 'primary'),
(143, 227, 277, 'primary'),
(143, 235, 21, 'primary'),
(143, 235, 26, 'primary'),
(143, 235, 218, 'primary'),
(143, 235, 229, 'primary'),
(143, 235, 235, 'primary'),
(143, 246, 34, 'primary'),
(143, 246, 255, 'primary'),
(143, 246, 263, 'primary'),
(143, 248, 10, 'primary'),
(143, 248, 12, 'primary'),
(143, 248, 18, 'primary'),
(143, 248, 27, 'primary'),
(143, 248, 240, 'primary'),
(143, 269, 16, 'primary'),
(143, 269, 43, 'primary'),
(143, 269, 46, 'primary'),
(143, 269, 227, 'primary'),
(143, 269, 230, 'primary'),
(143, 271, 19, 'primary'),
(143, 271, 36, 'primary'),
(143, 271, 213, 'primary'),
(143, 271, 313, 'primary'),
(143, 271, 335, 'primary'),
(144, 8, 7, 'primary'),
(144, 8, 218, 'primary'),
(144, 8, 220, 'primary'),
(144, 8, 221, 'primary'),
(144, 8, 235, 'primary'),
(144, 10, 7, 'primary'),
(144, 10, 16, 'primary'),
(144, 10, 218, 'primary'),
(144, 19, 9, 'primary'),
(144, 19, 211, 'primary'),
(144, 19, 216, 'primary'),
(144, 19, 242, 'primary'),
(144, 24, 9, 'primary'),
(144, 24, 243, 'primary'),
(144, 24, 292, 'primary'),
(144, 24, 309, 'primary'),
(144, 118, 21, 'primary'),
(144, 118, 218, 'primary'),
(144, 118, 236, 'primary'),
(144, 118, 238, 'primary'),
(144, 157, 53, 'primary'),
(144, 157, 228, 'primary'),
(144, 157, 231, 'primary'),
(144, 157, 232, 'primary'),
(144, 157, 240, 'primary'),
(144, 158, 37, 'primary'),
(144, 158, 51, 'primary'),
(144, 158, 240, 'primary'),
(144, 158, 318, 'primary'),
(144, 160, 224, 'primary'),
(144, 160, 226, 'primary'),
(144, 160, 227, 'primary'),
(144, 160, 230, 'primary'),
(144, 160, 319, 'primary'),
(144, 163, 222, 'primary'),
(144, 163, 223, 'primary'),
(144, 163, 226, 'primary'),
(144, 163, 227, 'primary'),
(144, 163, 230, 'primary'),
(144, 165, 7, 'primary'),
(144, 165, 26, 'primary'),
(144, 165, 218, 'primary'),
(144, 165, 320, 'primary'),
(144, 166, 215, 'primary'),
(144, 166, 216, 'primary'),
(144, 166, 242, 'primary'),
(144, 166, 244, 'primary'),
(144, 166, 253, 'primary'),
(144, 168, 10, 'primary'),
(144, 168, 216, 'primary'),
(144, 168, 234, 'primary'),
(144, 168, 253, 'primary'),
(144, 168, 254, 'primary'),
(144, 173, 46, 'primary'),
(144, 173, 212, 'primary'),
(144, 173, 226, 'primary'),
(144, 173, 227, 'primary'),
(144, 173, 230, 'primary'),
(144, 174, 46, 'primary'),
(144, 174, 226, 'primary'),
(144, 174, 227, 'primary'),
(144, 174, 283, 'primary'),
(144, 174, 328, 'primary'),
(144, 176, 228, 'primary'),
(144, 176, 233, 'primary'),
(144, 176, 255, 'primary'),
(144, 176, 274, 'primary'),
(144, 180, 9, 'primary'),
(144, 180, 216, 'primary'),
(144, 180, 231, 'primary'),
(144, 180, 244, 'primary'),
(144, 180, 332, 'primary'),
(144, 181, 245, 'primary'),
(144, 181, 246, 'primary'),
(144, 181, 288, 'primary'),
(144, 181, 292, 'primary'),
(144, 181, 317, 'primary'),
(144, 184, 9, 'primary'),
(144, 184, 10, 'primary'),
(144, 184, 20, 'primary'),
(144, 184, 30, 'primary'),
(144, 184, 69, 'primary'),
(144, 185, 26, 'primary'),
(144, 185, 218, 'primary'),
(144, 185, 229, 'primary'),
(144, 185, 235, 'primary'),
(144, 185, 238, 'primary'),
(144, 186, 10, 'primary'),
(144, 186, 231, 'primary'),
(144, 186, 240, 'primary'),
(144, 186, 296, 'primary'),
(144, 186, 318, 'primary'),
(144, 188, 7, 'primary'),
(144, 188, 21, 'primary'),
(144, 188, 235, 'primary'),
(144, 188, 236, 'primary'),
(144, 188, 328, 'primary'),
(144, 209, 9, 'primary'),
(144, 209, 69, 'primary'),
(144, 209, 254, 'primary'),
(144, 209, 255, 'primary'),
(144, 209, 263, 'primary'),
(144, 220, 106, 'primary'),
(144, 220, 223, 'primary'),
(144, 220, 224, 'primary'),
(144, 220, 230, 'primary'),
(144, 220, 319, 'primary'),
(144, 223, 16, 'primary'),
(144, 223, 46, 'primary'),
(144, 223, 227, 'primary'),
(144, 223, 230, 'primary'),
(144, 223, 319, 'primary'),
(144, 236, 9, 'primary'),
(144, 236, 233, 'primary'),
(144, 236, 241, 'primary'),
(144, 236, 242, 'primary'),
(144, 236, 309, 'primary'),
(144, 241, 21, 'primary'),
(144, 241, 53, 'primary'),
(144, 241, 218, 'primary'),
(144, 241, 235, 'primary'),
(144, 241, 238, 'primary'),
(144, 244, 9, 'primary'),
(144, 244, 20, 'primary'),
(144, 244, 30, 'primary'),
(144, 244, 263, 'primary'),
(144, 244, 305, 'primary'),
(144, 250, 212, 'primary'),
(144, 250, 226, 'primary'),
(144, 250, 290, 'primary'),
(144, 250, 319, 'primary'),
(144, 253, 242, 'primary'),
(144, 253, 274, 'primary'),
(144, 253, 284, 'primary'),
(144, 253, 322, 'primary'),
(144, 253, 331, 'primary'),
(144, 265, 7, 'primary'),
(144, 265, 21, 'primary'),
(144, 265, 29, 'primary'),
(144, 265, 63, 'primary'),
(144, 265, 108, 'primary'),
(144, 270, 4, 'primary'),
(144, 270, 9, 'primary'),
(144, 270, 20, 'primary'),
(144, 270, 52, 'primary'),
(144, 270, 295, 'primary'),
(145, 8, 7, 'primary'),
(145, 8, 218, 'primary'),
(145, 8, 220, 'primary'),
(145, 8, 221, 'primary'),
(145, 8, 235, 'primary'),
(145, 19, 9, 'primary'),
(145, 19, 211, 'primary'),
(145, 19, 216, 'primary'),
(145, 19, 242, 'primary'),
(145, 118, 21, 'primary'),
(145, 118, 218, 'primary'),
(145, 118, 236, 'primary'),
(145, 118, 238, 'primary'),
(145, 131, 223, 'primary'),
(145, 131, 224, 'primary'),
(145, 131, 230, 'primary'),
(145, 131, 283, 'primary'),
(145, 131, 290, 'primary'),
(145, 157, 53, 'primary'),
(145, 157, 228, 'primary'),
(145, 157, 231, 'primary'),
(145, 157, 232, 'primary'),
(145, 157, 240, 'primary'),
(145, 158, 51, 'primary'),
(145, 158, 240, 'primary'),
(145, 158, 318, 'primary'),
(145, 163, 222, 'primary'),
(145, 163, 223, 'primary'),
(145, 163, 226, 'primary'),
(145, 163, 227, 'primary'),
(145, 163, 230, 'primary'),
(145, 165, 7, 'primary'),
(145, 165, 26, 'primary'),
(145, 165, 218, 'primary'),
(145, 165, 320, 'primary'),
(145, 166, 215, 'primary'),
(145, 166, 216, 'primary'),
(145, 166, 242, 'primary'),
(145, 166, 244, 'primary'),
(145, 166, 253, 'primary'),
(145, 168, 10, 'primary'),
(145, 168, 216, 'primary'),
(145, 168, 234, 'primary'),
(145, 168, 253, 'primary'),
(145, 168, 254, 'primary'),
(145, 169, 19, 'primary'),
(145, 169, 216, 'primary'),
(145, 169, 234, 'primary'),
(145, 169, 254, 'primary'),
(145, 169, 274, 'primary'),
(145, 173, 46, 'primary'),
(145, 173, 212, 'primary'),
(145, 173, 226, 'primary'),
(145, 173, 227, 'primary'),
(145, 173, 230, 'primary'),
(145, 180, 9, 'primary'),
(145, 180, 216, 'primary'),
(145, 180, 231, 'primary'),
(145, 180, 244, 'primary'),
(145, 180, 332, 'primary'),
(145, 181, 245, 'primary'),
(145, 181, 246, 'primary'),
(145, 181, 288, 'primary'),
(145, 181, 292, 'primary'),
(145, 181, 317, 'primary'),
(145, 188, 7, 'primary'),
(145, 188, 21, 'primary'),
(145, 188, 235, 'primary'),
(145, 188, 236, 'primary'),
(145, 188, 328, 'primary'),
(145, 193, 218, 'primary'),
(145, 193, 235, 'primary'),
(145, 193, 238, 'primary'),
(145, 198, 9, 'primary'),
(145, 198, 10, 'primary'),
(145, 198, 37, 'primary'),
(145, 198, 296, 'primary'),
(145, 207, 3, 'primary'),
(145, 207, 84, 'primary'),
(145, 207, 240, 'primary'),
(145, 207, 255, 'primary'),
(145, 207, 305, 'primary'),
(145, 209, 9, 'primary'),
(145, 209, 69, 'primary'),
(145, 209, 254, 'primary'),
(145, 209, 255, 'primary'),
(145, 209, 263, 'primary'),
(145, 223, 16, 'primary'),
(145, 223, 46, 'primary'),
(145, 223, 227, 'primary'),
(145, 223, 230, 'primary'),
(145, 223, 319, 'primary'),
(145, 236, 9, 'primary'),
(145, 236, 233, 'primary'),
(145, 236, 241, 'primary'),
(145, 236, 242, 'primary'),
(145, 236, 309, 'primary'),
(145, 241, 21, 'primary'),
(145, 241, 53, 'primary'),
(145, 241, 218, 'primary'),
(145, 241, 235, 'primary'),
(145, 241, 238, 'primary'),
(145, 244, 9, 'primary'),
(145, 244, 20, 'primary'),
(145, 244, 30, 'primary'),
(145, 244, 263, 'primary'),
(145, 244, 305, 'primary'),
(145, 250, 47, 'primary'),
(145, 250, 212, 'primary'),
(145, 250, 226, 'primary'),
(145, 250, 290, 'primary'),
(145, 250, 319, 'primary'),
(145, 265, 7, 'primary'),
(145, 265, 21, 'primary'),
(145, 265, 29, 'primary'),
(145, 265, 63, 'primary'),
(145, 265, 108, 'primary'),
(145, 270, 4, 'primary'),
(145, 270, 9, 'primary'),
(145, 270, 20, 'primary'),
(145, 270, 52, 'primary'),
(145, 270, 295, 'primary'),
(146, 8, 7, 'primary'),
(146, 8, 218, 'primary'),
(146, 8, 220, 'primary'),
(146, 8, 221, 'primary'),
(146, 8, 235, 'primary'),
(146, 19, 9, 'primary'),
(146, 19, 211, 'primary'),
(146, 19, 216, 'primary'),
(146, 19, 242, 'primary'),
(146, 25, 243, 'primary'),
(146, 25, 292, 'primary'),
(146, 25, 293, 'primary'),
(146, 25, 305, 'primary'),
(146, 131, 223, 'primary'),
(146, 131, 224, 'primary'),
(146, 131, 230, 'primary'),
(146, 131, 283, 'primary'),
(146, 131, 290, 'primary'),
(146, 157, 53, 'primary'),
(146, 157, 228, 'primary'),
(146, 157, 231, 'primary'),
(146, 157, 232, 'primary'),
(146, 157, 240, 'primary'),
(146, 165, 7, 'primary'),
(146, 165, 26, 'primary'),
(146, 165, 218, 'primary'),
(146, 165, 320, 'primary'),
(146, 166, 215, 'primary'),
(146, 166, 216, 'primary'),
(146, 166, 242, 'primary'),
(146, 166, 244, 'primary'),
(146, 166, 253, 'primary'),
(146, 168, 10, 'primary'),
(146, 168, 216, 'primary'),
(146, 168, 234, 'primary'),
(146, 168, 253, 'primary'),
(146, 168, 254, 'primary'),
(146, 169, 19, 'primary'),
(146, 169, 216, 'primary'),
(146, 169, 234, 'primary'),
(146, 169, 254, 'primary'),
(146, 169, 274, 'primary'),
(146, 181, 245, 'primary'),
(146, 181, 246, 'primary'),
(146, 181, 288, 'primary'),
(146, 181, 292, 'primary'),
(146, 181, 317, 'primary'),
(146, 184, 9, 'primary'),
(146, 184, 10, 'primary'),
(146, 184, 20, 'primary'),
(146, 184, 30, 'primary'),
(146, 184, 69, 'primary'),
(146, 188, 7, 'primary'),
(146, 188, 21, 'primary'),
(146, 188, 235, 'primary'),
(146, 188, 236, 'primary'),
(146, 188, 328, 'primary'),
(146, 200, 9, 'primary'),
(146, 200, 255, 'primary'),
(146, 200, 274, 'primary'),
(146, 200, 283, 'primary'),
(146, 200, 322, 'primary'),
(146, 206, 9, 'primary'),
(146, 206, 20, 'primary'),
(146, 206, 30, 'primary'),
(146, 206, 255, 'primary'),
(146, 207, 84, 'primary'),
(146, 207, 240, 'primary'),
(146, 207, 255, 'primary'),
(146, 207, 305, 'primary'),
(146, 209, 9, 'primary'),
(146, 209, 69, 'primary'),
(146, 209, 254, 'primary'),
(146, 209, 255, 'primary'),
(146, 209, 263, 'primary'),
(146, 226, 18, 'primary'),
(146, 226, 53, 'primary'),
(146, 226, 235, 'primary'),
(146, 241, 21, 'primary'),
(146, 241, 53, 'primary'),
(146, 241, 218, 'primary'),
(146, 241, 235, 'primary'),
(146, 241, 238, 'primary'),
(146, 244, 9, 'primary'),
(146, 244, 20, 'primary'),
(146, 244, 30, 'primary'),
(146, 244, 263, 'primary'),
(146, 244, 305, 'primary'),
(146, 265, 7, 'primary'),
(146, 265, 21, 'primary'),
(146, 265, 29, 'primary'),
(146, 265, 63, 'primary'),
(146, 265, 108, 'primary'),
(147, 1, 212, 'primary'),
(147, 7, 216, 'primary'),
(147, 7, 228, 'primary'),
(147, 7, 233, 'primary'),
(147, 7, 234, 'primary'),
(147, 7, 240, 'primary'),
(147, 21, 9, 'primary'),
(147, 21, 246, 'primary'),
(147, 21, 290, 'primary'),
(147, 21, 305, 'primary'),
(147, 23, 9, 'primary'),
(147, 23, 216, 'primary'),
(147, 23, 234, 'primary'),
(147, 23, 240, 'primary'),
(147, 23, 254, 'primary'),
(147, 25, 243, 'primary'),
(147, 25, 292, 'primary'),
(147, 25, 305, 'primary'),
(147, 30, 215, 'primary'),
(147, 30, 216, 'primary'),
(147, 30, 244, 'primary'),
(147, 30, 277, 'primary'),
(147, 99, 46, 'primary'),
(147, 99, 222, 'primary'),
(147, 99, 223, 'primary'),
(147, 99, 224, 'primary'),
(147, 169, 19, 'primary'),
(147, 169, 234, 'primary'),
(147, 169, 254, 'primary'),
(147, 169, 274, 'primary'),
(147, 170, 212, 'primary'),
(147, 170, 226, 'primary'),
(147, 170, 227, 'primary'),
(147, 170, 319, 'primary'),
(147, 172, 224, 'primary'),
(147, 172, 226, 'primary'),
(147, 172, 230, 'primary'),
(147, 172, 328, 'primary'),
(147, 181, 245, 'primary'),
(147, 181, 246, 'primary'),
(147, 181, 288, 'primary'),
(147, 181, 292, 'primary'),
(147, 181, 317, 'primary'),
(147, 183, 7, 'primary'),
(147, 183, 21, 'primary'),
(147, 183, 221, 'primary'),
(147, 183, 235, 'primary'),
(147, 183, 239, 'primary'),
(147, 184, 9, 'primary'),
(147, 184, 10, 'primary'),
(147, 184, 20, 'primary'),
(147, 184, 30, 'primary'),
(147, 184, 69, 'primary'),
(147, 187, 9, 'primary'),
(147, 187, 20, 'primary'),
(147, 187, 246, 'primary'),
(147, 187, 309, 'primary'),
(147, 190, 6, 'primary'),
(147, 190, 7, 'primary'),
(147, 190, 21, 'primary'),
(147, 190, 220, 'primary'),
(147, 190, 264, 'primary'),
(147, 191, 8, 'primary'),
(147, 191, 18, 'primary'),
(147, 191, 21, 'primary'),
(147, 191, 108, 'primary'),
(147, 192, 218, 'primary'),
(147, 192, 220, 'primary'),
(147, 192, 235, 'primary'),
(147, 192, 238, 'primary'),
(147, 192, 329, 'primary'),
(147, 195, 46, 'primary'),
(147, 195, 225, 'primary'),
(147, 195, 226, 'primary'),
(147, 195, 227, 'primary'),
(147, 195, 230, 'primary'),
(147, 196, 16, 'primary'),
(147, 196, 46, 'primary'),
(147, 196, 224, 'primary'),
(147, 196, 226, 'primary'),
(147, 196, 227, 'primary'),
(147, 198, 9, 'primary'),
(147, 198, 10, 'primary'),
(147, 198, 37, 'primary'),
(147, 198, 296, 'primary'),
(147, 199, 37, 'primary'),
(147, 199, 228, 'primary'),
(147, 199, 231, 'primary'),
(147, 199, 240, 'primary'),
(147, 200, 9, 'primary'),
(147, 200, 36, 'primary'),
(147, 200, 255, 'primary'),
(147, 200, 283, 'primary'),
(147, 207, 84, 'primary'),
(147, 207, 240, 'primary'),
(147, 207, 305, 'primary'),
(147, 223, 46, 'primary'),
(147, 223, 227, 'primary'),
(147, 223, 230, 'primary'),
(147, 223, 319, 'primary'),
(147, 224, 46, 'primary'),
(147, 224, 212, 'primary'),
(147, 224, 226, 'primary'),
(147, 224, 230, 'primary'),
(147, 224, 319, 'primary'),
(147, 225, 274, 'primary'),
(147, 225, 322, 'primary'),
(147, 248, 10, 'primary'),
(147, 248, 12, 'primary'),
(147, 248, 18, 'primary'),
(147, 248, 27, 'primary'),
(147, 248, 240, 'primary'),
(147, 249, 234, 'primary'),
(147, 249, 244, 'primary'),
(147, 249, 253, 'primary'),
(147, 249, 274, 'primary'),
(147, 249, 309, 'primary'),
(147, 265, 6, 'primary'),
(147, 265, 7, 'primary'),
(147, 265, 21, 'primary'),
(147, 265, 29, 'primary'),
(147, 265, 108, 'primary'),
(147, 269, 16, 'primary'),
(147, 269, 43, 'primary'),
(147, 269, 46, 'primary'),
(147, 269, 227, 'primary'),
(147, 269, 230, 'primary'),
(148, 1, 212, 'primary'),
(148, 10, 7, 'primary'),
(148, 10, 16, 'primary'),
(148, 10, 218, 'primary'),
(148, 19, 9, 'primary'),
(148, 19, 211, 'primary'),
(148, 19, 216, 'primary'),
(148, 19, 242, 'primary'),
(148, 50, 222, 'primary'),
(148, 50, 223, 'primary'),
(148, 50, 224, 'primary'),
(148, 50, 227, 'primary'),
(148, 50, 230, 'primary'),
(148, 60, 10, 'primary'),
(148, 60, 296, 'primary'),
(148, 60, 318, 'primary'),
(148, 99, 46, 'primary'),
(148, 99, 222, 'primary'),
(148, 99, 223, 'primary'),
(148, 99, 224, 'primary'),
(148, 118, 21, 'primary'),
(148, 118, 218, 'primary'),
(148, 118, 236, 'primary'),
(148, 118, 238, 'primary'),
(148, 157, 53, 'primary'),
(148, 157, 228, 'primary'),
(148, 157, 231, 'primary'),
(148, 157, 232, 'primary'),
(148, 157, 240, 'primary'),
(148, 158, 51, 'primary'),
(148, 158, 240, 'primary'),
(148, 158, 318, 'primary'),
(148, 160, 224, 'primary'),
(148, 160, 226, 'primary'),
(148, 160, 227, 'primary'),
(148, 160, 230, 'primary'),
(148, 160, 319, 'primary'),
(148, 165, 7, 'primary'),
(148, 165, 26, 'primary'),
(148, 165, 218, 'primary'),
(148, 165, 320, 'primary'),
(148, 166, 215, 'primary'),
(148, 166, 216, 'primary'),
(148, 166, 242, 'primary'),
(148, 166, 244, 'primary'),
(148, 166, 253, 'primary'),
(148, 168, 10, 'primary'),
(148, 168, 216, 'primary'),
(148, 168, 234, 'primary'),
(148, 168, 253, 'primary'),
(148, 168, 254, 'primary'),
(148, 170, 212, 'primary'),
(148, 170, 226, 'primary'),
(148, 170, 227, 'primary'),
(148, 170, 319, 'primary'),
(148, 171, 46, 'primary'),
(148, 171, 222, 'primary'),
(148, 171, 223, 'primary'),
(148, 171, 226, 'primary'),
(148, 171, 227, 'primary'),
(148, 174, 46, 'primary'),
(148, 174, 226, 'primary'),
(148, 174, 227, 'primary'),
(148, 174, 283, 'primary'),
(148, 174, 328, 'primary'),
(148, 176, 228, 'primary'),
(148, 176, 233, 'primary'),
(148, 176, 255, 'primary'),
(148, 176, 274, 'primary'),
(148, 177, 9, 'primary'),
(148, 177, 30, 'primary'),
(148, 177, 242, 'primary'),
(148, 177, 254, 'primary'),
(148, 177, 263, 'primary'),
(148, 179, 228, 'primary'),
(148, 179, 274, 'primary'),
(148, 179, 331, 'primary'),
(148, 182, 240, 'primary'),
(148, 182, 241, 'primary'),
(148, 182, 249, 'primary'),
(148, 182, 274, 'primary'),
(148, 182, 309, 'primary'),
(148, 185, 26, 'primary'),
(148, 185, 218, 'primary'),
(148, 185, 229, 'primary'),
(148, 185, 235, 'primary'),
(148, 185, 238, 'primary'),
(148, 186, 10, 'primary'),
(148, 186, 231, 'primary'),
(148, 186, 240, 'primary'),
(148, 186, 296, 'primary'),
(148, 186, 318, 'primary'),
(148, 188, 7, 'primary'),
(148, 188, 21, 'primary'),
(148, 188, 235, 'primary'),
(148, 188, 236, 'primary'),
(148, 188, 328, 'primary'),
(148, 206, 9, 'primary'),
(148, 206, 20, 'primary'),
(148, 206, 30, 'primary'),
(148, 206, 35, 'primary'),
(148, 206, 255, 'primary'),
(148, 220, 106, 'primary'),
(148, 220, 223, 'primary'),
(148, 220, 224, 'primary'),
(148, 220, 230, 'primary'),
(148, 220, 319, 'primary'),
(148, 227, 211, 'primary'),
(148, 227, 216, 'primary'),
(148, 227, 245, 'primary'),
(148, 227, 246, 'primary'),
(148, 227, 277, 'primary'),
(148, 235, 21, 'primary'),
(148, 235, 26, 'primary'),
(148, 235, 218, 'primary'),
(148, 235, 229, 'primary'),
(148, 235, 235, 'primary'),
(148, 236, 9, 'primary'),
(148, 236, 233, 'primary'),
(148, 236, 241, 'primary'),
(148, 236, 242, 'primary'),
(148, 236, 309, 'primary'),
(148, 244, 9, 'primary'),
(148, 244, 211, 'primary'),
(148, 244, 254, 'primary'),
(148, 244, 263, 'primary'),
(148, 244, 305, 'primary'),
(148, 250, 47, 'primary'),
(148, 250, 212, 'primary'),
(148, 250, 226, 'primary'),
(148, 250, 290, 'primary'),
(148, 250, 319, 'primary'),
(148, 270, 4, 'primary'),
(148, 270, 9, 'primary'),
(148, 270, 20, 'primary'),
(148, 270, 30, 'primary'),
(148, 270, 52, 'primary'),
(149, 7, 216, 'primary'),
(149, 7, 228, 'primary'),
(149, 7, 233, 'primary'),
(149, 7, 234, 'primary'),
(149, 7, 240, 'primary'),
(149, 8, 7, 'primary'),
(149, 8, 218, 'primary'),
(149, 8, 220, 'primary'),
(149, 8, 221, 'primary'),
(149, 8, 235, 'primary'),
(149, 23, 9, 'primary'),
(149, 23, 216, 'primary'),
(149, 23, 234, 'primary'),
(149, 23, 240, 'primary'),
(149, 23, 254, 'primary'),
(149, 25, 246, 'primary'),
(149, 25, 274, 'primary'),
(149, 25, 281, 'primary'),
(149, 25, 290, 'primary'),
(149, 25, 292, 'primary'),
(149, 30, 215, 'primary'),
(149, 30, 216, 'primary'),
(149, 30, 244, 'primary'),
(149, 30, 277, 'primary'),
(149, 112, 16, 'primary'),
(149, 112, 46, 'primary'),
(149, 112, 226, 'primary'),
(149, 112, 230, 'primary'),
(149, 112, 311, 'primary'),
(149, 163, 222, 'primary'),
(149, 163, 223, 'primary'),
(149, 163, 226, 'primary'),
(149, 163, 227, 'primary'),
(149, 163, 230, 'primary'),
(149, 169, 10, 'primary'),
(149, 169, 19, 'primary'),
(149, 169, 234, 'primary'),
(149, 169, 254, 'primary'),
(149, 169, 274, 'primary'),
(149, 180, 9, 'primary'),
(149, 180, 216, 'primary'),
(149, 180, 231, 'primary'),
(149, 180, 244, 'primary'),
(149, 180, 332, 'primary'),
(149, 181, 245, 'primary'),
(149, 181, 246, 'primary'),
(149, 181, 288, 'primary'),
(149, 181, 292, 'primary'),
(149, 181, 317, 'primary'),
(149, 183, 7, 'primary'),
(149, 183, 21, 'primary'),
(149, 183, 221, 'primary'),
(149, 183, 235, 'primary'),
(149, 183, 239, 'primary'),
(149, 187, 9, 'primary'),
(149, 187, 20, 'primary'),
(149, 187, 246, 'primary'),
(149, 187, 288, 'primary'),
(149, 187, 309, 'primary'),
(149, 190, 6, 'primary'),
(149, 190, 7, 'primary'),
(149, 190, 21, 'primary'),
(149, 190, 220, 'primary'),
(149, 190, 264, 'primary'),
(149, 191, 8, 'primary'),
(149, 191, 18, 'primary'),
(149, 191, 21, 'primary'),
(149, 191, 108, 'primary'),
(149, 192, 218, 'primary'),
(149, 192, 220, 'primary'),
(149, 192, 235, 'primary'),
(149, 192, 238, 'primary'),
(149, 192, 329, 'primary'),
(149, 193, 218, 'primary'),
(149, 193, 235, 'primary'),
(149, 193, 238, 'primary'),
(149, 195, 46, 'primary'),
(149, 195, 225, 'primary'),
(149, 195, 226, 'primary'),
(149, 195, 227, 'primary'),
(149, 195, 230, 'primary'),
(149, 196, 16, 'primary'),
(149, 196, 46, 'primary'),
(149, 196, 224, 'primary'),
(149, 196, 226, 'primary'),
(149, 196, 227, 'primary'),
(149, 197, 16, 'primary'),
(149, 197, 46, 'primary'),
(149, 197, 227, 'primary'),
(149, 197, 230, 'primary'),
(149, 197, 311, 'primary'),
(149, 198, 9, 'primary'),
(149, 198, 10, 'primary'),
(149, 198, 37, 'primary'),
(149, 198, 296, 'primary'),
(149, 199, 37, 'primary'),
(149, 199, 228, 'primary'),
(149, 199, 231, 'primary'),
(149, 199, 240, 'primary'),
(149, 200, 9, 'primary'),
(149, 200, 36, 'primary'),
(149, 200, 255, 'primary'),
(149, 200, 283, 'primary'),
(149, 201, 46, 'primary'),
(149, 201, 222, 'primary'),
(149, 201, 223, 'primary'),
(149, 201, 226, 'primary'),
(149, 201, 230, 'primary'),
(149, 204, 5, 'primary'),
(149, 204, 46, 'primary'),
(149, 204, 227, 'primary'),
(149, 204, 230, 'primary'),
(149, 204, 290, 'primary'),
(149, 207, 84, 'primary'),
(149, 207, 240, 'primary'),
(149, 207, 305, 'primary'),
(149, 209, 3, 'primary'),
(149, 209, 9, 'primary'),
(149, 209, 254, 'primary'),
(149, 209, 255, 'primary'),
(149, 209, 263, 'primary'),
(149, 223, 46, 'primary'),
(149, 223, 106, 'primary'),
(149, 223, 227, 'primary'),
(149, 223, 230, 'primary'),
(149, 223, 319, 'primary'),
(149, 224, 46, 'primary'),
(149, 224, 212, 'primary'),
(149, 224, 226, 'primary'),
(149, 224, 230, 'primary'),
(149, 224, 319, 'primary'),
(149, 225, 274, 'primary'),
(149, 225, 322, 'primary'),
(149, 226, 18, 'primary'),
(149, 226, 53, 'primary'),
(149, 226, 235, 'primary'),
(149, 239, 7, 'primary'),
(149, 239, 21, 'primary'),
(149, 239, 218, 'primary'),
(149, 239, 229, 'primary'),
(149, 239, 235, 'primary'),
(149, 241, 21, 'primary'),
(149, 241, 53, 'primary'),
(149, 241, 218, 'primary'),
(149, 241, 235, 'primary'),
(149, 241, 238, 'primary'),
(149, 245, 242, 'primary'),
(149, 245, 255, 'primary'),
(149, 245, 295, 'primary'),
(149, 245, 330, 'primary'),
(149, 245, 334, 'primary'),
(149, 248, 10, 'primary'),
(149, 248, 12, 'primary'),
(149, 248, 18, 'primary'),
(149, 248, 27, 'primary'),
(149, 248, 240, 'primary'),
(149, 265, 6, 'primary'),
(149, 265, 7, 'primary'),
(149, 265, 21, 'primary'),
(149, 265, 29, 'primary'),
(149, 265, 108, 'primary'),
(149, 269, 16, 'primary'),
(149, 269, 43, 'primary'),
(149, 269, 46, 'primary'),
(149, 269, 227, 'primary'),
(149, 269, 230, 'primary'),
(149, 284, 16, 'primary'),
(149, 284, 26, 'primary'),
(149, 284, 218, 'primary'),
(149, 284, 221, 'primary'),
(150, 1, 212, 'primary'),
(150, 19, 9, 'primary'),
(150, 19, 211, 'primary'),
(150, 19, 216, 'primary'),
(150, 19, 242, 'primary'),
(150, 50, 222, 'primary'),
(150, 50, 223, 'primary'),
(150, 50, 224, 'primary'),
(150, 50, 227, 'primary'),
(150, 50, 230, 'primary'),
(150, 56, 21, 'primary'),
(150, 56, 218, 'primary'),
(150, 56, 220, 'primary'),
(150, 56, 235, 'primary'),
(150, 56, 264, 'primary'),
(150, 60, 10, 'primary'),
(150, 60, 274, 'primary'),
(150, 60, 318, 'primary'),
(150, 73, 15, 'primary'),
(150, 73, 45, 'primary'),
(150, 73, 46, 'primary'),
(150, 73, 227, 'primary'),
(150, 73, 230, 'primary'),
(150, 99, 46, 'primary'),
(150, 99, 222, 'primary'),
(150, 99, 223, 'primary'),
(150, 118, 21, 'primary'),
(150, 118, 218, 'primary'),
(150, 118, 236, 'primary'),
(150, 157, 53, 'primary'),
(150, 157, 228, 'primary'),
(150, 157, 231, 'primary'),
(150, 157, 232, 'primary'),
(150, 157, 240, 'primary'),
(150, 160, 224, 'primary'),
(150, 160, 226, 'primary'),
(150, 160, 227, 'primary'),
(150, 160, 230, 'primary'),
(150, 160, 319, 'primary'),
(150, 165, 7, 'primary'),
(150, 165, 26, 'primary'),
(150, 165, 83, 'primary'),
(150, 165, 218, 'primary'),
(150, 165, 320, 'primary'),
(150, 166, 215, 'primary'),
(150, 166, 216, 'primary'),
(150, 166, 242, 'primary'),
(150, 166, 244, 'primary'),
(150, 166, 253, 'primary'),
(150, 168, 10, 'primary'),
(150, 168, 215, 'primary'),
(150, 168, 216, 'primary'),
(150, 168, 253, 'primary'),
(150, 168, 254, 'primary'),
(150, 170, 212, 'primary'),
(150, 170, 226, 'primary'),
(150, 170, 227, 'primary'),
(150, 170, 319, 'primary'),
(150, 171, 46, 'primary'),
(150, 171, 222, 'primary'),
(150, 171, 223, 'primary'),
(150, 171, 226, 'primary'),
(150, 171, 227, 'primary'),
(150, 173, 46, 'primary'),
(150, 173, 212, 'primary'),
(150, 173, 226, 'primary'),
(150, 173, 227, 'primary'),
(150, 173, 230, 'primary'),
(150, 174, 46, 'primary'),
(150, 174, 226, 'primary'),
(150, 174, 227, 'primary'),
(150, 174, 328, 'primary'),
(150, 175, 246, 'primary'),
(150, 175, 249, 'primary'),
(150, 175, 251, 'primary'),
(150, 176, 228, 'primary'),
(150, 176, 233, 'primary'),
(150, 176, 255, 'primary'),
(150, 176, 274, 'primary'),
(150, 177, 9, 'primary'),
(150, 177, 30, 'primary'),
(150, 177, 242, 'primary'),
(150, 177, 263, 'primary'),
(150, 179, 228, 'primary'),
(150, 179, 274, 'primary'),
(150, 179, 331, 'primary'),
(150, 182, 240, 'primary'),
(150, 182, 241, 'primary'),
(150, 182, 274, 'primary'),
(150, 182, 309, 'primary'),
(150, 185, 26, 'primary'),
(150, 185, 218, 'primary'),
(150, 185, 229, 'primary'),
(150, 185, 235, 'primary'),
(150, 185, 238, 'primary'),
(150, 188, 7, 'primary'),
(150, 188, 21, 'primary'),
(150, 188, 235, 'primary'),
(150, 188, 236, 'primary'),
(150, 188, 328, 'primary'),
(150, 206, 9, 'primary'),
(150, 206, 20, 'primary'),
(150, 206, 30, 'primary'),
(150, 206, 234, 'primary'),
(150, 206, 255, 'primary'),
(150, 210, 7, 'primary'),
(150, 210, 218, 'primary'),
(150, 210, 221, 'primary'),
(150, 210, 235, 'primary'),
(150, 210, 320, 'primary'),
(150, 220, 106, 'primary'),
(150, 220, 223, 'primary'),
(150, 220, 224, 'primary'),
(150, 220, 230, 'primary'),
(150, 220, 319, 'primary'),
(150, 227, 211, 'primary'),
(150, 227, 216, 'primary'),
(150, 227, 245, 'primary'),
(150, 227, 246, 'primary'),
(150, 227, 277, 'primary'),
(150, 235, 21, 'primary'),
(150, 235, 26, 'primary'),
(150, 235, 218, 'primary'),
(150, 235, 229, 'primary'),
(150, 235, 235, 'primary'),
(150, 236, 3, 'primary'),
(150, 236, 9, 'primary'),
(150, 236, 233, 'primary'),
(150, 236, 241, 'primary'),
(150, 236, 242, 'primary'),
(150, 244, 9, 'primary'),
(150, 244, 211, 'primary'),
(150, 244, 254, 'primary'),
(150, 244, 263, 'primary'),
(150, 244, 305, 'primary'),
(150, 246, 34, 'primary'),
(150, 246, 255, 'primary'),
(150, 246, 263, 'primary'),
(150, 250, 47, 'primary'),
(150, 250, 212, 'primary'),
(150, 250, 226, 'primary'),
(150, 250, 319, 'primary'),
(150, 270, 9, 'primary'),
(150, 270, 20, 'primary'),
(150, 270, 30, 'primary'),
(150, 270, 52, 'primary'),
(150, 270, 255, 'primary'),
(151, 1, 212, 'primary'),
(151, 19, 9, 'primary'),
(151, 19, 211, 'primary'),
(151, 19, 216, 'primary'),
(151, 19, 242, 'primary'),
(151, 56, 21, 'primary'),
(151, 56, 218, 'primary'),
(151, 56, 220, 'primary'),
(151, 56, 235, 'primary'),
(151, 56, 264, 'primary'),
(151, 60, 10, 'primary'),
(151, 60, 274, 'primary'),
(151, 60, 318, 'primary'),
(151, 73, 15, 'primary'),
(151, 73, 45, 'primary'),
(151, 73, 46, 'primary'),
(151, 73, 227, 'primary'),
(151, 73, 230, 'primary'),
(151, 99, 46, 'primary'),
(151, 99, 222, 'primary'),
(151, 99, 223, 'primary'),
(151, 118, 21, 'primary'),
(151, 118, 218, 'primary'),
(151, 157, 53, 'primary'),
(151, 157, 228, 'primary'),
(151, 157, 231, 'primary'),
(151, 157, 232, 'primary'),
(151, 157, 240, 'primary'),
(151, 160, 224, 'primary'),
(151, 160, 226, 'primary'),
(151, 160, 227, 'primary'),
(151, 160, 230, 'primary'),
(151, 160, 319, 'primary'),
(151, 165, 7, 'primary'),
(151, 165, 26, 'primary'),
(151, 165, 83, 'primary'),
(151, 165, 218, 'primary'),
(151, 165, 320, 'primary'),
(151, 166, 215, 'primary'),
(151, 166, 216, 'primary'),
(151, 166, 242, 'primary'),
(151, 166, 244, 'primary'),
(151, 166, 253, 'primary'),
(151, 168, 10, 'primary'),
(151, 168, 215, 'primary'),
(151, 168, 216, 'primary'),
(151, 168, 253, 'primary'),
(151, 168, 254, 'primary'),
(151, 170, 212, 'primary'),
(151, 170, 226, 'primary'),
(151, 170, 227, 'primary'),
(151, 171, 46, 'primary'),
(151, 171, 222, 'primary'),
(151, 171, 223, 'primary'),
(151, 171, 226, 'primary'),
(151, 171, 227, 'primary'),
(151, 173, 46, 'primary'),
(151, 173, 212, 'primary'),
(151, 173, 226, 'primary'),
(151, 173, 227, 'primary'),
(151, 173, 230, 'primary'),
(151, 174, 46, 'primary'),
(151, 174, 226, 'primary'),
(151, 174, 227, 'primary'),
(151, 174, 328, 'primary'),
(151, 175, 246, 'primary'),
(151, 175, 249, 'primary'),
(151, 175, 251, 'primary'),
(151, 176, 233, 'primary'),
(151, 176, 255, 'primary'),
(151, 176, 274, 'primary'),
(151, 177, 9, 'primary'),
(151, 177, 30, 'primary'),
(151, 177, 242, 'primary'),
(151, 177, 263, 'primary'),
(151, 179, 228, 'primary'),
(151, 179, 274, 'primary'),
(151, 179, 331, 'primary'),
(151, 180, 9, 'primary'),
(151, 180, 216, 'primary'),
(151, 180, 231, 'primary'),
(151, 180, 244, 'primary'),
(151, 180, 332, 'primary'),
(151, 185, 26, 'primary'),
(151, 185, 218, 'primary'),
(151, 185, 229, 'primary'),
(151, 185, 235, 'primary'),
(151, 185, 238, 'primary'),
(151, 186, 10, 'primary'),
(151, 186, 231, 'primary'),
(151, 186, 240, 'primary'),
(151, 186, 296, 'primary'),
(151, 186, 318, 'primary'),
(151, 188, 7, 'primary'),
(151, 188, 21, 'primary'),
(151, 188, 235, 'primary'),
(151, 188, 236, 'primary'),
(151, 188, 328, 'primary'),
(151, 206, 9, 'primary'),
(151, 206, 20, 'primary'),
(151, 206, 30, 'primary'),
(151, 206, 234, 'primary'),
(151, 206, 255, 'primary'),
(151, 210, 7, 'primary'),
(151, 210, 218, 'primary'),
(151, 210, 221, 'primary'),
(151, 210, 235, 'primary'),
(151, 210, 320, 'primary'),
(151, 220, 106, 'primary'),
(151, 220, 223, 'primary'),
(151, 220, 224, 'primary'),
(151, 220, 230, 'primary'),
(151, 220, 319, 'primary'),
(151, 227, 211, 'primary'),
(151, 227, 216, 'primary'),
(151, 227, 245, 'primary'),
(151, 227, 246, 'primary'),
(151, 227, 277, 'primary'),
(151, 235, 21, 'primary'),
(151, 235, 26, 'primary'),
(151, 235, 218, 'primary'),
(151, 235, 229, 'primary'),
(151, 235, 235, 'primary'),
(151, 236, 3, 'primary'),
(151, 236, 9, 'primary'),
(151, 236, 233, 'primary'),
(151, 236, 241, 'primary'),
(151, 236, 242, 'primary'),
(151, 244, 9, 'primary'),
(151, 244, 211, 'primary'),
(151, 244, 254, 'primary'),
(151, 244, 263, 'primary'),
(151, 244, 305, 'primary'),
(151, 246, 34, 'primary'),
(151, 246, 255, 'primary'),
(151, 246, 263, 'primary'),
(151, 250, 47, 'primary'),
(151, 250, 212, 'primary'),
(151, 250, 226, 'primary'),
(151, 250, 319, 'primary'),
(151, 270, 9, 'primary'),
(151, 270, 20, 'primary'),
(151, 270, 30, 'primary'),
(151, 270, 52, 'primary'),
(151, 270, 255, 'primary'),
(152, 8, 7, 'primary'),
(152, 8, 218, 'primary'),
(152, 8, 220, 'primary'),
(152, 8, 221, 'primary'),
(152, 8, 235, 'primary'),
(152, 30, 215, 'primary'),
(152, 30, 216, 'primary'),
(152, 30, 244, 'primary'),
(152, 30, 277, 'primary'),
(152, 56, 21, 'primary'),
(152, 56, 218, 'primary'),
(152, 56, 220, 'primary'),
(152, 56, 235, 'primary'),
(152, 56, 264, 'primary'),
(152, 60, 10, 'primary'),
(152, 60, 254, 'primary'),
(152, 60, 274, 'primary'),
(152, 60, 318, 'primary'),
(152, 73, 15, 'primary'),
(152, 73, 46, 'primary'),
(152, 73, 227, 'primary'),
(152, 73, 230, 'primary'),
(152, 112, 16, 'primary'),
(152, 112, 46, 'primary'),
(152, 112, 226, 'primary'),
(152, 112, 230, 'primary'),
(152, 112, 311, 'primary'),
(152, 168, 10, 'primary'),
(152, 168, 215, 'primary'),
(152, 168, 216, 'primary'),
(152, 168, 253, 'primary'),
(152, 168, 254, 'primary'),
(152, 181, 245, 'primary'),
(152, 181, 246, 'primary'),
(152, 181, 288, 'primary'),
(152, 181, 292, 'primary'),
(152, 181, 317, 'primary'),
(152, 182, 215, 'primary'),
(152, 182, 216, 'primary'),
(152, 182, 240, 'primary'),
(152, 182, 241, 'primary'),
(152, 182, 309, 'primary'),
(152, 183, 7, 'primary'),
(152, 183, 21, 'primary'),
(152, 183, 26, 'primary'),
(152, 183, 235, 'primary'),
(152, 183, 239, 'primary'),
(152, 185, 26, 'primary'),
(152, 185, 218, 'primary'),
(152, 185, 229, 'primary'),
(152, 185, 235, 'primary'),
(152, 185, 238, 'primary'),
(152, 196, 16, 'primary'),
(152, 196, 46, 'primary'),
(152, 196, 224, 'primary'),
(152, 196, 226, 'primary'),
(152, 196, 227, 'primary'),
(152, 198, 9, 'primary'),
(152, 198, 10, 'primary'),
(152, 198, 37, 'primary'),
(152, 198, 296, 'primary'),
(152, 200, 9, 'primary'),
(152, 200, 36, 'primary'),
(152, 200, 255, 'primary'),
(152, 207, 84, 'primary'),
(152, 207, 240, 'primary'),
(152, 207, 305, 'primary'),
(152, 224, 46, 'primary'),
(152, 224, 226, 'primary'),
(152, 224, 230, 'primary'),
(152, 224, 319, 'primary'),
(152, 226, 7, 'primary'),
(152, 226, 18, 'primary'),
(152, 226, 53, 'primary'),
(152, 226, 212, 'primary'),
(152, 226, 236, 'primary'),
(152, 236, 3, 'primary'),
(152, 236, 9, 'primary'),
(152, 236, 233, 'primary'),
(152, 236, 241, 'primary'),
(152, 236, 242, 'primary'),
(152, 241, 21, 'primary'),
(152, 241, 53, 'primary'),
(152, 241, 218, 'primary'),
(152, 241, 235, 'primary'),
(152, 241, 238, 'primary'),
(152, 250, 47, 'primary'),
(152, 250, 212, 'primary'),
(152, 250, 226, 'primary'),
(152, 250, 319, 'primary'),
(152, 265, 6, 'primary'),
(152, 265, 7, 'primary'),
(152, 265, 21, 'primary'),
(152, 265, 29, 'primary'),
(152, 265, 108, 'primary'),
(152, 270, 9, 'primary'),
(152, 270, 20, 'primary'),
(152, 270, 30, 'primary'),
(152, 270, 52, 'primary'),
(152, 270, 255, 'primary'),
(152, 271, 36, 'primary'),
(152, 271, 213, 'primary'),
(152, 271, 313, 'primary'),
(152, 271, 335, 'primary'),
(153, 7, 216, 'primary'),
(153, 7, 228, 'primary'),
(153, 7, 233, 'primary'),
(153, 7, 234, 'primary'),
(153, 7, 240, 'primary'),
(153, 8, 7, 'primary'),
(153, 8, 218, 'primary'),
(153, 8, 220, 'primary'),
(153, 8, 221, 'primary'),
(153, 8, 235, 'primary'),
(153, 21, 9, 'primary'),
(153, 21, 246, 'primary'),
(153, 21, 290, 'primary'),
(153, 21, 293, 'primary'),
(153, 21, 317, 'primary'),
(153, 23, 9, 'primary'),
(153, 23, 216, 'primary'),
(153, 23, 234, 'primary'),
(153, 23, 240, 'primary'),
(153, 23, 274, 'primary'),
(153, 30, 215, 'primary'),
(153, 30, 216, 'primary'),
(153, 30, 244, 'primary'),
(153, 30, 277, 'primary'),
(153, 36, 215, 'primary'),
(153, 36, 240, 'primary'),
(153, 36, 241, 'primary'),
(153, 36, 242, 'primary'),
(153, 36, 249, 'primary'),
(153, 112, 16, 'primary'),
(153, 112, 46, 'primary'),
(153, 112, 226, 'primary'),
(153, 112, 230, 'primary'),
(153, 112, 311, 'primary'),
(153, 163, 222, 'primary'),
(153, 163, 223, 'primary'),
(153, 163, 226, 'primary'),
(153, 163, 227, 'primary'),
(153, 163, 230, 'primary'),
(153, 169, 10, 'primary'),
(153, 169, 19, 'primary'),
(153, 169, 234, 'primary'),
(153, 169, 254, 'primary'),
(153, 169, 274, 'primary'),
(153, 172, 224, 'primary'),
(153, 172, 226, 'primary'),
(153, 172, 230, 'primary'),
(153, 172, 319, 'primary'),
(153, 172, 328, 'primary'),
(153, 180, 9, 'primary'),
(153, 180, 216, 'primary'),
(153, 180, 231, 'primary'),
(153, 180, 244, 'primary'),
(153, 180, 332, 'primary'),
(153, 181, 245, 'primary'),
(153, 181, 246, 'primary'),
(153, 181, 288, 'primary'),
(153, 181, 292, 'primary'),
(153, 181, 317, 'primary'),
(153, 183, 7, 'primary'),
(153, 183, 21, 'primary'),
(153, 183, 26, 'primary'),
(153, 183, 235, 'primary'),
(153, 183, 239, 'primary'),
(153, 184, 9, 'primary'),
(153, 184, 10, 'primary'),
(153, 184, 20, 'primary'),
(153, 184, 30, 'primary'),
(153, 184, 69, 'primary'),
(153, 187, 9, 'primary'),
(153, 187, 20, 'primary'),
(153, 187, 246, 'primary'),
(153, 187, 288, 'primary'),
(153, 187, 309, 'primary'),
(153, 190, 6, 'primary'),
(153, 190, 7, 'primary'),
(153, 190, 21, 'primary'),
(153, 190, 220, 'primary'),
(153, 190, 264, 'primary'),
(153, 191, 8, 'primary'),
(153, 191, 18, 'primary'),
(153, 191, 21, 'primary'),
(153, 191, 108, 'primary'),
(153, 192, 218, 'primary'),
(153, 192, 220, 'primary'),
(153, 192, 235, 'primary'),
(153, 192, 238, 'primary'),
(153, 192, 329, 'primary'),
(153, 193, 218, 'primary'),
(153, 193, 235, 'primary'),
(153, 193, 238, 'primary'),
(153, 195, 46, 'primary'),
(153, 195, 225, 'primary'),
(153, 195, 226, 'primary'),
(153, 195, 227, 'primary'),
(153, 195, 230, 'primary'),
(153, 196, 16, 'primary'),
(153, 196, 46, 'primary'),
(153, 196, 224, 'primary'),
(153, 196, 226, 'primary'),
(153, 196, 227, 'primary'),
(153, 197, 16, 'primary'),
(153, 197, 46, 'primary'),
(153, 197, 227, 'primary'),
(153, 197, 230, 'primary'),
(153, 197, 311, 'primary'),
(153, 198, 9, 'primary'),
(153, 198, 10, 'primary'),
(153, 198, 37, 'primary'),
(153, 198, 296, 'primary'),
(153, 199, 37, 'primary'),
(153, 199, 228, 'primary'),
(153, 199, 240, 'primary'),
(153, 200, 9, 'primary'),
(153, 200, 36, 'primary'),
(153, 200, 255, 'primary'),
(153, 201, 46, 'primary'),
(153, 201, 212, 'primary'),
(153, 201, 222, 'primary'),
(153, 201, 226, 'primary'),
(153, 201, 230, 'primary'),
(153, 204, 5, 'primary'),
(153, 204, 46, 'primary'),
(153, 204, 227, 'primary'),
(153, 204, 230, 'primary'),
(153, 204, 290, 'primary'),
(153, 207, 84, 'primary'),
(153, 207, 240, 'primary'),
(153, 207, 305, 'primary'),
(153, 209, 3, 'primary'),
(153, 209, 9, 'primary'),
(153, 209, 254, 'primary'),
(153, 209, 255, 'primary'),
(153, 209, 263, 'primary'),
(153, 224, 46, 'primary'),
(153, 224, 226, 'primary'),
(153, 224, 230, 'primary'),
(153, 224, 319, 'primary'),
(153, 225, 274, 'primary'),
(153, 225, 322, 'primary'),
(153, 226, 7, 'primary'),
(153, 226, 18, 'primary'),
(153, 226, 53, 'primary'),
(153, 226, 212, 'primary'),
(153, 226, 236, 'primary'),
(153, 239, 7, 'primary'),
(153, 239, 21, 'primary'),
(153, 239, 218, 'primary'),
(153, 239, 229, 'primary'),
(153, 239, 235, 'primary'),
(153, 241, 21, 'primary'),
(153, 241, 53, 'primary'),
(153, 241, 218, 'primary'),
(153, 241, 235, 'primary'),
(153, 241, 238, 'primary'),
(153, 245, 3, 'primary'),
(153, 245, 35, 'primary'),
(153, 245, 49, 'primary'),
(153, 245, 242, 'primary'),
(153, 245, 255, 'primary'),
(153, 248, 10, 'primary'),
(153, 248, 12, 'primary'),
(153, 248, 18, 'primary'),
(153, 248, 27, 'primary'),
(153, 248, 240, 'primary'),
(153, 265, 6, 'primary'),
(153, 265, 7, 'primary'),
(153, 265, 21, 'primary'),
(153, 265, 29, 'primary'),
(153, 265, 108, 'primary'),
(153, 269, 16, 'primary'),
(153, 269, 43, 'primary'),
(153, 269, 46, 'primary'),
(153, 269, 227, 'primary'),
(153, 269, 230, 'primary'),
(153, 271, 36, 'primary'),
(153, 271, 213, 'primary'),
(153, 271, 313, 'primary'),
(153, 271, 335, 'primary'),
(153, 284, 16, 'primary'),
(153, 284, 26, 'primary'),
(153, 284, 218, 'primary'),
(153, 284, 221, 'primary'),
(154, 8, 7, 'primary'),
(154, 8, 218, 'primary'),
(154, 8, 220, 'primary'),
(154, 8, 221, 'primary'),
(154, 8, 235, 'primary'),
(154, 21, 9, 'primary'),
(154, 21, 246, 'primary'),
(154, 21, 290, 'primary'),
(154, 21, 293, 'primary'),
(154, 21, 317, 'primary'),
(154, 23, 9, 'primary'),
(154, 23, 216, 'primary'),
(154, 23, 234, 'primary'),
(154, 23, 240, 'primary'),
(154, 30, 215, 'primary'),
(154, 30, 216, 'primary'),
(154, 30, 244, 'primary'),
(154, 30, 277, 'primary'),
(154, 36, 215, 'primary'),
(154, 36, 240, 'primary'),
(154, 36, 241, 'primary'),
(154, 36, 242, 'primary'),
(154, 36, 249, 'primary'),
(154, 112, 16, 'primary'),
(154, 112, 46, 'primary'),
(154, 112, 226, 'primary'),
(154, 112, 230, 'primary'),
(154, 163, 222, 'primary'),
(154, 163, 223, 'primary'),
(154, 163, 226, 'primary'),
(154, 163, 227, 'primary'),
(154, 163, 230, 'primary'),
(154, 169, 10, 'primary'),
(154, 169, 19, 'primary'),
(154, 169, 234, 'primary'),
(154, 169, 254, 'primary'),
(154, 169, 274, 'primary'),
(154, 172, 224, 'primary'),
(154, 172, 226, 'primary'),
(154, 172, 230, 'primary'),
(154, 172, 319, 'primary'),
(154, 172, 328, 'primary'),
(154, 181, 245, 'primary'),
(154, 181, 246, 'primary'),
(154, 181, 288, 'primary'),
(154, 181, 292, 'primary'),
(154, 181, 317, 'primary'),
(154, 183, 7, 'primary'),
(154, 183, 21, 'primary'),
(154, 183, 26, 'primary'),
(154, 183, 235, 'primary'),
(154, 183, 239, 'primary'),
(154, 184, 9, 'primary'),
(154, 184, 10, 'primary'),
(154, 184, 20, 'primary'),
(154, 184, 30, 'primary'),
(154, 184, 69, 'primary'),
(154, 187, 9, 'primary'),
(154, 187, 20, 'primary'),
(154, 187, 246, 'primary'),
(154, 187, 288, 'primary'),
(154, 190, 6, 'primary'),
(154, 190, 7, 'primary'),
(154, 190, 21, 'primary'),
(154, 190, 220, 'primary'),
(154, 190, 264, 'primary'),
(154, 191, 8, 'primary'),
(154, 191, 18, 'primary'),
(154, 191, 21, 'primary'),
(154, 191, 108, 'primary'),
(154, 195, 46, 'primary'),
(154, 195, 225, 'primary'),
(154, 195, 226, 'primary'),
(154, 195, 227, 'primary'),
(154, 195, 230, 'primary'),
(154, 196, 16, 'primary'),
(154, 196, 46, 'primary'),
(154, 196, 224, 'primary'),
(154, 196, 226, 'primary'),
(154, 196, 227, 'primary'),
(154, 197, 16, 'primary'),
(154, 197, 46, 'primary'),
(154, 197, 227, 'primary'),
(154, 197, 311, 'primary'),
(154, 198, 9, 'primary'),
(154, 198, 10, 'primary'),
(154, 198, 37, 'primary'),
(154, 198, 296, 'primary'),
(154, 199, 37, 'primary'),
(154, 199, 228, 'primary'),
(154, 199, 240, 'primary'),
(154, 201, 46, 'primary'),
(154, 201, 212, 'primary'),
(154, 201, 222, 'primary'),
(154, 201, 226, 'primary'),
(154, 201, 230, 'primary'),
(154, 204, 5, 'primary'),
(154, 204, 46, 'primary'),
(154, 204, 227, 'primary'),
(154, 204, 230, 'primary'),
(154, 204, 290, 'primary'),
(154, 207, 84, 'primary'),
(154, 207, 240, 'primary'),
(154, 207, 305, 'primary'),
(154, 209, 3, 'primary'),
(154, 209, 9, 'primary'),
(154, 209, 254, 'primary'),
(154, 209, 255, 'primary'),
(154, 209, 263, 'primary'),
(154, 224, 46, 'primary'),
(154, 224, 226, 'primary'),
(154, 224, 230, 'primary'),
(154, 224, 319, 'primary'),
(154, 225, 274, 'primary'),
(154, 225, 322, 'primary'),
(154, 226, 7, 'primary'),
(154, 226, 18, 'primary'),
(154, 226, 53, 'primary'),
(154, 226, 212, 'primary'),
(154, 241, 21, 'primary'),
(154, 241, 53, 'primary'),
(154, 241, 218, 'primary'),
(154, 241, 235, 'primary'),
(154, 241, 238, 'primary'),
(154, 245, 3, 'primary'),
(154, 245, 35, 'primary'),
(154, 245, 49, 'primary'),
(154, 245, 242, 'primary'),
(154, 245, 255, 'primary'),
(154, 248, 10, 'primary'),
(154, 248, 12, 'primary'),
(154, 248, 18, 'primary'),
(154, 248, 27, 'primary'),
(154, 248, 240, 'primary'),
(154, 265, 6, 'primary'),
(154, 265, 7, 'primary'),
(154, 265, 21, 'primary'),
(154, 265, 29, 'primary'),
(154, 265, 108, 'primary'),
(154, 269, 16, 'primary'),
(154, 269, 43, 'primary'),
(154, 269, 46, 'primary'),
(154, 269, 227, 'primary'),
(154, 269, 230, 'primary'),
(154, 271, 36, 'primary'),
(154, 271, 213, 'primary'),
(154, 271, 313, 'primary'),
(154, 271, 335, 'primary'),
(154, 284, 16, 'primary'),
(154, 284, 26, 'primary'),
(154, 284, 218, 'primary'),
(154, 284, 221, 'primary'),
(155, 1, 212, 'primary'),
(155, 8, 7, 'primary'),
(155, 8, 218, 'primary'),
(155, 8, 220, 'primary'),
(155, 8, 221, 'primary'),
(155, 8, 235, 'primary'),
(155, 19, 9, 'primary'),
(155, 19, 211, 'primary'),
(155, 19, 216, 'primary'),
(155, 19, 242, 'primary'),
(155, 30, 215, 'primary'),
(155, 30, 216, 'primary'),
(155, 30, 244, 'primary'),
(155, 30, 277, 'primary'),
(155, 45, 229, 'primary'),
(155, 45, 235, 'primary'),
(155, 45, 236, 'primary'),
(155, 45, 238, 'primary'),
(155, 45, 239, 'primary'),
(155, 50, 222, 'primary'),
(155, 50, 223, 'primary'),
(155, 50, 224, 'primary'),
(155, 50, 227, 'primary'),
(155, 50, 230, 'primary'),
(155, 52, 222, 'primary'),
(155, 52, 223, 'primary'),
(155, 52, 224, 'primary'),
(155, 52, 226, 'primary'),
(155, 56, 21, 'primary'),
(155, 56, 218, 'primary'),
(155, 56, 220, 'primary'),
(155, 56, 235, 'primary'),
(155, 56, 264, 'primary'),
(155, 60, 10, 'primary'),
(155, 60, 254, 'primary'),
(155, 60, 274, 'primary'),
(155, 60, 318, 'primary'),
(155, 73, 15, 'primary'),
(155, 73, 46, 'primary'),
(155, 73, 227, 'primary'),
(155, 73, 230, 'primary'),
(155, 99, 46, 'primary'),
(155, 99, 222, 'primary'),
(155, 99, 223, 'primary'),
(155, 157, 53, 'primary'),
(155, 157, 228, 'primary'),
(155, 157, 231, 'primary'),
(155, 157, 232, 'primary'),
(155, 157, 240, 'primary'),
(155, 160, 224, 'primary'),
(155, 160, 226, 'primary'),
(155, 160, 227, 'primary'),
(155, 160, 230, 'primary'),
(155, 160, 319, 'primary'),
(155, 163, 222, 'primary'),
(155, 163, 223, 'primary'),
(155, 163, 226, 'primary'),
(155, 163, 227, 'primary'),
(155, 163, 230, 'primary'),
(155, 165, 7, 'primary'),
(155, 165, 26, 'primary'),
(155, 165, 83, 'primary'),
(155, 165, 218, 'primary'),
(155, 165, 320, 'primary'),
(155, 166, 215, 'primary');
INSERT INTO `raid_player_wish` (`raid`, `player`, `item`, `attribution`) VALUES
(155, 166, 216, 'primary'),
(155, 166, 242, 'primary'),
(155, 166, 244, 'primary'),
(155, 166, 253, 'primary'),
(155, 168, 10, 'primary'),
(155, 168, 215, 'primary'),
(155, 168, 216, 'primary'),
(155, 168, 253, 'primary'),
(155, 168, 254, 'primary'),
(155, 171, 46, 'primary'),
(155, 171, 222, 'primary'),
(155, 171, 223, 'primary'),
(155, 171, 226, 'primary'),
(155, 171, 227, 'primary'),
(155, 174, 46, 'primary'),
(155, 174, 226, 'primary'),
(155, 174, 227, 'primary'),
(155, 174, 328, 'primary'),
(155, 176, 233, 'primary'),
(155, 176, 255, 'primary'),
(155, 176, 274, 'primary'),
(155, 179, 228, 'primary'),
(155, 179, 274, 'primary'),
(155, 179, 331, 'primary'),
(155, 180, 9, 'primary'),
(155, 180, 231, 'primary'),
(155, 180, 244, 'primary'),
(155, 180, 332, 'primary'),
(155, 182, 215, 'primary'),
(155, 182, 216, 'primary'),
(155, 182, 240, 'primary'),
(155, 182, 241, 'primary'),
(155, 182, 309, 'primary'),
(155, 185, 26, 'primary'),
(155, 185, 218, 'primary'),
(155, 185, 229, 'primary'),
(155, 185, 235, 'primary'),
(155, 185, 238, 'primary'),
(155, 186, 231, 'primary'),
(155, 186, 240, 'primary'),
(155, 186, 296, 'primary'),
(155, 186, 318, 'primary'),
(155, 188, 6, 'primary'),
(155, 188, 7, 'primary'),
(155, 188, 21, 'primary'),
(155, 188, 235, 'primary'),
(155, 188, 328, 'primary'),
(155, 205, 20, 'primary'),
(155, 205, 30, 'primary'),
(155, 205, 255, 'primary'),
(155, 206, 9, 'primary'),
(155, 206, 20, 'primary'),
(155, 206, 30, 'primary'),
(155, 206, 234, 'primary'),
(155, 206, 255, 'primary'),
(155, 210, 7, 'primary'),
(155, 210, 218, 'primary'),
(155, 210, 221, 'primary'),
(155, 210, 235, 'primary'),
(155, 210, 320, 'primary'),
(155, 217, 9, 'primary'),
(155, 217, 10, 'primary'),
(155, 217, 37, 'primary'),
(155, 217, 51, 'primary'),
(155, 217, 318, 'primary'),
(155, 220, 106, 'primary'),
(155, 220, 223, 'primary'),
(155, 220, 224, 'primary'),
(155, 220, 230, 'primary'),
(155, 220, 319, 'primary'),
(155, 235, 26, 'primary'),
(155, 235, 218, 'primary'),
(155, 235, 229, 'primary'),
(155, 235, 235, 'primary'),
(155, 236, 3, 'primary'),
(155, 236, 9, 'primary'),
(155, 236, 233, 'primary'),
(155, 236, 241, 'primary'),
(155, 236, 242, 'primary'),
(155, 244, 9, 'primary'),
(155, 244, 211, 'primary'),
(155, 244, 254, 'primary'),
(155, 244, 263, 'primary'),
(155, 244, 305, 'primary'),
(155, 250, 47, 'primary'),
(155, 250, 212, 'primary'),
(155, 250, 226, 'primary'),
(155, 250, 230, 'primary'),
(155, 250, 319, 'primary'),
(155, 270, 9, 'primary'),
(155, 270, 20, 'primary'),
(155, 270, 30, 'primary'),
(155, 270, 52, 'primary'),
(155, 270, 255, 'primary'),
(156, 7, 216, 'primary'),
(156, 7, 228, 'primary'),
(156, 7, 234, 'primary'),
(156, 7, 240, 'primary'),
(156, 7, 254, 'primary'),
(156, 21, 9, 'primary'),
(156, 21, 246, 'primary'),
(156, 21, 290, 'primary'),
(156, 21, 293, 'primary'),
(156, 21, 317, 'primary'),
(156, 23, 9, 'primary'),
(156, 23, 216, 'primary'),
(156, 23, 234, 'primary'),
(156, 23, 240, 'primary'),
(156, 23, 298, 'primary'),
(156, 36, 215, 'primary'),
(156, 36, 240, 'primary'),
(156, 36, 241, 'primary'),
(156, 36, 242, 'primary'),
(156, 36, 249, 'primary'),
(156, 112, 16, 'primary'),
(156, 112, 223, 'primary'),
(156, 112, 224, 'primary'),
(156, 112, 226, 'primary'),
(156, 112, 230, 'primary'),
(156, 169, 10, 'primary'),
(156, 169, 19, 'primary'),
(156, 169, 234, 'primary'),
(156, 169, 254, 'primary'),
(156, 169, 274, 'primary'),
(156, 170, 212, 'primary'),
(156, 170, 222, 'primary'),
(156, 170, 226, 'primary'),
(156, 170, 227, 'primary'),
(156, 170, 230, 'primary'),
(156, 175, 246, 'primary'),
(156, 175, 249, 'primary'),
(156, 175, 251, 'primary'),
(156, 181, 3, 'primary'),
(156, 181, 11, 'primary'),
(156, 181, 240, 'primary'),
(156, 181, 255, 'primary'),
(156, 181, 263, 'primary'),
(156, 183, 7, 'primary'),
(156, 183, 21, 'primary'),
(156, 183, 26, 'primary'),
(156, 183, 235, 'primary'),
(156, 183, 239, 'primary'),
(156, 184, 9, 'primary'),
(156, 184, 10, 'primary'),
(156, 184, 20, 'primary'),
(156, 184, 30, 'primary'),
(156, 184, 69, 'primary'),
(156, 187, 9, 'primary'),
(156, 187, 20, 'primary'),
(156, 187, 246, 'primary'),
(156, 187, 254, 'primary'),
(156, 187, 288, 'primary'),
(156, 190, 6, 'primary'),
(156, 190, 7, 'primary'),
(156, 190, 21, 'primary'),
(156, 190, 220, 'primary'),
(156, 190, 264, 'primary'),
(156, 191, 8, 'primary'),
(156, 191, 18, 'primary'),
(156, 191, 21, 'primary'),
(156, 191, 108, 'primary'),
(156, 192, 218, 'primary'),
(156, 192, 220, 'primary'),
(156, 192, 235, 'primary'),
(156, 192, 238, 'primary'),
(156, 192, 329, 'primary'),
(156, 193, 218, 'primary'),
(156, 193, 235, 'primary'),
(156, 193, 238, 'primary'),
(156, 195, 46, 'primary'),
(156, 195, 225, 'primary'),
(156, 195, 226, 'primary'),
(156, 195, 227, 'primary'),
(156, 195, 230, 'primary'),
(156, 197, 16, 'primary'),
(156, 197, 46, 'primary'),
(156, 197, 227, 'primary'),
(156, 197, 311, 'primary'),
(156, 198, 9, 'primary'),
(156, 198, 10, 'primary'),
(156, 198, 37, 'primary'),
(156, 198, 296, 'primary'),
(156, 199, 37, 'primary'),
(156, 199, 228, 'primary'),
(156, 199, 240, 'primary'),
(156, 200, 9, 'primary'),
(156, 200, 36, 'primary'),
(156, 200, 255, 'primary'),
(156, 201, 46, 'primary'),
(156, 201, 212, 'primary'),
(156, 201, 222, 'primary'),
(156, 201, 226, 'primary'),
(156, 201, 230, 'primary'),
(156, 204, 45, 'primary'),
(156, 204, 46, 'primary'),
(156, 204, 227, 'primary'),
(156, 204, 230, 'primary'),
(156, 204, 290, 'primary'),
(156, 207, 84, 'primary'),
(156, 207, 233, 'primary'),
(156, 207, 240, 'primary'),
(156, 207, 287, 'primary'),
(156, 207, 305, 'primary'),
(156, 224, 46, 'primary'),
(156, 224, 226, 'primary'),
(156, 224, 230, 'primary'),
(156, 224, 319, 'primary'),
(156, 225, 274, 'primary'),
(156, 225, 322, 'primary'),
(156, 226, 7, 'primary'),
(156, 226, 18, 'primary'),
(156, 226, 53, 'primary'),
(156, 226, 212, 'primary'),
(156, 227, 211, 'primary'),
(156, 227, 216, 'primary'),
(156, 227, 245, 'primary'),
(156, 227, 246, 'primary'),
(156, 227, 277, 'primary'),
(156, 239, 7, 'primary'),
(156, 239, 21, 'primary'),
(156, 239, 218, 'primary'),
(156, 239, 229, 'primary'),
(156, 239, 235, 'primary'),
(156, 241, 21, 'primary'),
(156, 241, 53, 'primary'),
(156, 241, 218, 'primary'),
(156, 241, 235, 'primary'),
(156, 241, 238, 'primary'),
(156, 248, 10, 'primary'),
(156, 248, 12, 'primary'),
(156, 248, 228, 'primary'),
(156, 248, 240, 'primary'),
(156, 248, 318, 'primary'),
(156, 253, 242, 'primary'),
(156, 253, 274, 'primary'),
(156, 253, 284, 'primary'),
(156, 253, 322, 'primary'),
(156, 253, 331, 'primary'),
(156, 265, 6, 'primary'),
(156, 265, 7, 'primary'),
(156, 265, 21, 'primary'),
(156, 265, 29, 'primary'),
(156, 265, 108, 'primary'),
(156, 269, 16, 'primary'),
(156, 269, 43, 'primary'),
(156, 269, 46, 'primary'),
(156, 269, 227, 'primary'),
(156, 269, 230, 'primary'),
(156, 271, 36, 'primary'),
(156, 271, 213, 'primary'),
(156, 271, 313, 'primary'),
(156, 271, 335, 'primary'),
(156, 284, 16, 'primary'),
(156, 284, 26, 'primary'),
(156, 284, 218, 'primary'),
(156, 284, 221, 'primary'),
(158, 1, 212, 'primary'),
(158, 8, 7, 'primary'),
(158, 8, 218, 'primary'),
(158, 8, 220, 'primary'),
(158, 8, 221, 'primary'),
(158, 8, 235, 'primary'),
(158, 10, 7, 'primary'),
(158, 10, 16, 'primary'),
(158, 10, 218, 'primary'),
(158, 19, 9, 'primary'),
(158, 19, 211, 'primary'),
(158, 19, 216, 'primary'),
(158, 19, 242, 'primary'),
(158, 30, 215, 'primary'),
(158, 30, 216, 'primary'),
(158, 30, 244, 'primary'),
(158, 45, 229, 'primary'),
(158, 45, 235, 'primary'),
(158, 45, 236, 'primary'),
(158, 45, 238, 'primary'),
(158, 45, 239, 'primary'),
(158, 50, 222, 'primary'),
(158, 50, 223, 'primary'),
(158, 50, 224, 'primary'),
(158, 50, 227, 'primary'),
(158, 50, 230, 'primary'),
(158, 52, 222, 'primary'),
(158, 52, 223, 'primary'),
(158, 52, 226, 'primary'),
(158, 52, 319, 'primary'),
(158, 56, 21, 'primary'),
(158, 56, 218, 'primary'),
(158, 56, 220, 'primary'),
(158, 56, 235, 'primary'),
(158, 56, 264, 'primary'),
(158, 60, 10, 'primary'),
(158, 60, 254, 'primary'),
(158, 60, 274, 'primary'),
(158, 60, 318, 'primary'),
(158, 73, 15, 'primary'),
(158, 73, 46, 'primary'),
(158, 73, 227, 'primary'),
(158, 73, 230, 'primary'),
(158, 99, 46, 'primary'),
(158, 99, 222, 'primary'),
(158, 99, 223, 'primary'),
(158, 118, 21, 'primary'),
(158, 118, 218, 'primary'),
(158, 157, 53, 'primary'),
(158, 157, 228, 'primary'),
(158, 157, 231, 'primary'),
(158, 157, 232, 'primary'),
(158, 157, 240, 'primary'),
(158, 160, 224, 'primary'),
(158, 160, 226, 'primary'),
(158, 160, 227, 'primary'),
(158, 160, 230, 'primary'),
(158, 160, 319, 'primary'),
(158, 163, 222, 'primary'),
(158, 163, 223, 'primary'),
(158, 163, 226, 'primary'),
(158, 163, 227, 'primary'),
(158, 163, 230, 'primary'),
(158, 165, 7, 'primary'),
(158, 165, 26, 'primary'),
(158, 165, 83, 'primary'),
(158, 165, 218, 'primary'),
(158, 165, 320, 'primary'),
(158, 168, 10, 'primary'),
(158, 168, 215, 'primary'),
(158, 168, 216, 'primary'),
(158, 168, 233, 'primary'),
(158, 168, 253, 'primary'),
(158, 171, 46, 'primary'),
(158, 171, 222, 'primary'),
(158, 171, 223, 'primary'),
(158, 171, 226, 'primary'),
(158, 171, 227, 'primary'),
(158, 173, 46, 'primary'),
(158, 173, 212, 'primary'),
(158, 173, 226, 'primary'),
(158, 173, 227, 'primary'),
(158, 173, 230, 'primary'),
(158, 174, 46, 'primary'),
(158, 174, 226, 'primary'),
(158, 174, 227, 'primary'),
(158, 174, 328, 'primary'),
(158, 176, 233, 'primary'),
(158, 176, 255, 'primary'),
(158, 176, 274, 'primary'),
(158, 179, 228, 'primary'),
(158, 179, 274, 'primary'),
(158, 179, 331, 'primary'),
(158, 180, 9, 'primary'),
(158, 180, 231, 'primary'),
(158, 180, 244, 'primary'),
(158, 180, 332, 'primary'),
(158, 182, 216, 'primary'),
(158, 182, 240, 'primary'),
(158, 182, 241, 'primary'),
(158, 182, 309, 'primary'),
(158, 185, 26, 'primary'),
(158, 185, 218, 'primary'),
(158, 185, 229, 'primary'),
(158, 185, 235, 'primary'),
(158, 185, 238, 'primary'),
(158, 186, 231, 'primary'),
(158, 186, 240, 'primary'),
(158, 186, 296, 'primary'),
(158, 186, 318, 'primary'),
(158, 188, 6, 'primary'),
(158, 188, 7, 'primary'),
(158, 188, 21, 'primary'),
(158, 188, 235, 'primary'),
(158, 188, 328, 'primary'),
(158, 206, 9, 'primary'),
(158, 206, 20, 'primary'),
(158, 206, 30, 'primary'),
(158, 206, 234, 'primary'),
(158, 206, 255, 'primary'),
(158, 210, 7, 'primary'),
(158, 210, 218, 'primary'),
(158, 210, 221, 'primary'),
(158, 210, 235, 'primary'),
(158, 210, 320, 'primary'),
(158, 217, 9, 'primary'),
(158, 217, 10, 'primary'),
(158, 217, 37, 'primary'),
(158, 217, 51, 'primary'),
(158, 217, 318, 'primary'),
(158, 220, 223, 'primary'),
(158, 220, 224, 'primary'),
(158, 220, 227, 'primary'),
(158, 220, 230, 'primary'),
(158, 220, 319, 'primary'),
(158, 236, 3, 'primary'),
(158, 236, 9, 'primary'),
(158, 236, 233, 'primary'),
(158, 236, 241, 'primary'),
(158, 236, 242, 'primary'),
(158, 244, 9, 'primary'),
(158, 244, 211, 'primary'),
(158, 244, 254, 'primary'),
(158, 244, 263, 'primary'),
(158, 244, 305, 'primary'),
(158, 270, 9, 'primary'),
(158, 270, 20, 'primary'),
(158, 270, 30, 'primary'),
(158, 270, 52, 'primary'),
(158, 270, 255, 'primary'),
(159, 1, 212, 'primary'),
(159, 8, 7, 'primary'),
(159, 8, 218, 'primary'),
(159, 8, 220, 'primary'),
(159, 8, 221, 'primary'),
(159, 8, 235, 'primary'),
(159, 10, 7, 'primary'),
(159, 10, 16, 'primary'),
(159, 10, 218, 'primary'),
(159, 19, 9, 'primary'),
(159, 19, 211, 'primary'),
(159, 19, 216, 'primary'),
(159, 19, 242, 'primary'),
(159, 30, 215, 'primary'),
(159, 30, 216, 'primary'),
(159, 30, 244, 'primary'),
(159, 45, 229, 'primary'),
(159, 45, 235, 'primary'),
(159, 45, 238, 'primary'),
(159, 45, 239, 'primary'),
(159, 52, 222, 'primary'),
(159, 52, 223, 'primary'),
(159, 52, 226, 'primary'),
(159, 52, 227, 'primary'),
(159, 52, 319, 'primary'),
(159, 56, 21, 'primary'),
(159, 56, 218, 'primary'),
(159, 56, 220, 'primary'),
(159, 56, 235, 'primary'),
(159, 56, 264, 'primary'),
(159, 60, 10, 'primary'),
(159, 60, 254, 'primary'),
(159, 60, 274, 'primary'),
(159, 60, 318, 'primary'),
(159, 73, 15, 'primary'),
(159, 73, 46, 'primary'),
(159, 73, 227, 'primary'),
(159, 73, 230, 'primary'),
(159, 99, 46, 'primary'),
(159, 99, 222, 'primary'),
(159, 99, 223, 'primary'),
(159, 118, 21, 'primary'),
(159, 118, 218, 'primary'),
(159, 157, 53, 'primary'),
(159, 157, 228, 'primary'),
(159, 157, 231, 'primary'),
(159, 157, 232, 'primary'),
(159, 160, 224, 'primary'),
(159, 160, 226, 'primary'),
(159, 160, 227, 'primary'),
(159, 160, 230, 'primary'),
(159, 160, 319, 'primary'),
(159, 163, 222, 'primary'),
(159, 163, 223, 'primary'),
(159, 163, 226, 'primary'),
(159, 163, 227, 'primary'),
(159, 163, 230, 'primary'),
(159, 165, 7, 'primary'),
(159, 165, 26, 'primary'),
(159, 165, 83, 'primary'),
(159, 165, 218, 'primary'),
(159, 165, 320, 'primary'),
(159, 168, 10, 'primary'),
(159, 168, 215, 'primary'),
(159, 168, 216, 'primary'),
(159, 168, 233, 'primary'),
(159, 168, 253, 'primary'),
(159, 171, 46, 'primary'),
(159, 171, 222, 'primary'),
(159, 171, 223, 'primary'),
(159, 171, 226, 'primary'),
(159, 173, 46, 'primary'),
(159, 173, 212, 'primary'),
(159, 173, 226, 'primary'),
(159, 173, 227, 'primary'),
(159, 174, 46, 'primary'),
(159, 174, 226, 'primary'),
(159, 174, 227, 'primary'),
(159, 174, 328, 'primary'),
(159, 176, 233, 'primary'),
(159, 176, 255, 'primary'),
(159, 176, 274, 'primary'),
(159, 179, 228, 'primary'),
(159, 179, 331, 'primary'),
(159, 180, 9, 'primary'),
(159, 180, 231, 'primary'),
(159, 180, 244, 'primary'),
(159, 180, 332, 'primary'),
(159, 185, 26, 'primary'),
(159, 185, 218, 'primary'),
(159, 185, 229, 'primary'),
(159, 185, 235, 'primary'),
(159, 185, 238, 'primary'),
(159, 186, 231, 'primary'),
(159, 186, 240, 'primary'),
(159, 186, 296, 'primary'),
(159, 186, 318, 'primary'),
(159, 188, 6, 'primary'),
(159, 188, 7, 'primary'),
(159, 188, 21, 'primary'),
(159, 188, 235, 'primary'),
(159, 188, 328, 'primary'),
(159, 206, 9, 'primary'),
(159, 206, 20, 'primary'),
(159, 206, 30, 'primary'),
(159, 206, 234, 'primary'),
(159, 206, 255, 'primary'),
(159, 210, 7, 'primary'),
(159, 210, 218, 'primary'),
(159, 210, 221, 'primary'),
(159, 210, 235, 'primary'),
(159, 210, 320, 'primary'),
(159, 217, 9, 'primary'),
(159, 217, 10, 'primary'),
(159, 217, 37, 'primary'),
(159, 217, 51, 'primary'),
(159, 217, 318, 'primary'),
(159, 220, 223, 'primary'),
(159, 220, 224, 'primary'),
(159, 220, 227, 'primary'),
(159, 220, 230, 'primary'),
(159, 220, 319, 'primary'),
(159, 236, 3, 'primary'),
(159, 236, 9, 'primary'),
(159, 236, 233, 'primary'),
(159, 236, 241, 'primary'),
(159, 236, 242, 'primary'),
(159, 244, 9, 'primary'),
(159, 244, 211, 'primary'),
(159, 244, 263, 'primary'),
(159, 244, 305, 'primary'),
(159, 246, 34, 'primary'),
(159, 246, 255, 'primary'),
(159, 246, 263, 'primary'),
(159, 270, 9, 'primary'),
(159, 270, 20, 'primary'),
(159, 270, 30, 'primary'),
(159, 270, 52, 'primary'),
(159, 270, 255, 'primary'),
(160, 7, 216, 'primary'),
(160, 7, 228, 'primary'),
(160, 7, 234, 'primary'),
(160, 7, 240, 'primary'),
(160, 23, 9, 'primary'),
(160, 23, 10, 'primary'),
(160, 23, 216, 'primary'),
(160, 23, 234, 'primary'),
(160, 23, 240, 'primary'),
(160, 36, 215, 'primary'),
(160, 36, 240, 'primary'),
(160, 36, 242, 'primary'),
(160, 36, 249, 'primary'),
(160, 112, 16, 'primary'),
(160, 112, 223, 'primary'),
(160, 112, 224, 'primary'),
(160, 112, 226, 'primary'),
(160, 112, 230, 'primary'),
(160, 169, 10, 'primary'),
(160, 169, 19, 'primary'),
(160, 169, 234, 'primary'),
(160, 169, 253, 'primary'),
(160, 169, 274, 'primary'),
(160, 170, 212, 'primary'),
(160, 170, 222, 'primary'),
(160, 170, 226, 'primary'),
(160, 170, 227, 'primary'),
(160, 170, 230, 'primary'),
(160, 178, 10, 'primary'),
(160, 178, 12, 'primary'),
(160, 178, 228, 'primary'),
(160, 178, 296, 'primary'),
(160, 178, 298, 'primary'),
(160, 181, 3, 'primary'),
(160, 181, 11, 'primary'),
(160, 181, 240, 'primary'),
(160, 181, 255, 'primary'),
(160, 181, 263, 'primary'),
(160, 182, 216, 'primary'),
(160, 182, 240, 'primary'),
(160, 182, 241, 'primary'),
(160, 183, 7, 'primary'),
(160, 183, 21, 'primary'),
(160, 183, 26, 'primary'),
(160, 183, 218, 'primary'),
(160, 183, 235, 'primary'),
(160, 184, 9, 'primary'),
(160, 184, 10, 'primary'),
(160, 184, 20, 'primary'),
(160, 184, 30, 'primary'),
(160, 184, 36, 'primary'),
(160, 187, 9, 'primary'),
(160, 187, 20, 'primary'),
(160, 187, 246, 'primary'),
(160, 187, 254, 'primary'),
(160, 187, 288, 'primary'),
(160, 190, 6, 'primary'),
(160, 190, 7, 'primary'),
(160, 190, 21, 'primary'),
(160, 190, 220, 'primary'),
(160, 190, 264, 'primary'),
(160, 191, 8, 'primary'),
(160, 191, 18, 'primary'),
(160, 191, 21, 'primary'),
(160, 191, 108, 'primary'),
(160, 192, 218, 'primary'),
(160, 192, 220, 'primary'),
(160, 192, 221, 'primary'),
(160, 192, 238, 'primary'),
(160, 192, 329, 'primary'),
(160, 195, 46, 'primary'),
(160, 195, 225, 'primary'),
(160, 195, 226, 'primary'),
(160, 195, 227, 'primary'),
(160, 195, 230, 'primary'),
(160, 197, 16, 'primary'),
(160, 197, 46, 'primary'),
(160, 197, 227, 'primary'),
(160, 198, 9, 'primary'),
(160, 198, 10, 'primary'),
(160, 198, 37, 'primary'),
(160, 198, 296, 'primary'),
(160, 201, 46, 'primary'),
(160, 201, 212, 'primary'),
(160, 201, 222, 'primary'),
(160, 201, 226, 'primary'),
(160, 204, 14, 'primary'),
(160, 204, 45, 'primary'),
(160, 204, 46, 'primary'),
(160, 204, 227, 'primary'),
(160, 204, 230, 'primary'),
(160, 207, 84, 'primary'),
(160, 207, 233, 'primary'),
(160, 207, 240, 'primary'),
(160, 207, 287, 'primary'),
(160, 207, 305, 'primary'),
(160, 224, 46, 'primary'),
(160, 224, 224, 'primary'),
(160, 224, 226, 'primary'),
(160, 224, 230, 'primary'),
(160, 224, 319, 'primary'),
(160, 225, 322, 'primary'),
(160, 226, 7, 'primary'),
(160, 226, 18, 'primary'),
(160, 226, 53, 'primary'),
(160, 226, 212, 'primary'),
(160, 227, 211, 'primary'),
(160, 227, 216, 'primary'),
(160, 227, 245, 'primary'),
(160, 227, 246, 'primary'),
(160, 227, 277, 'primary'),
(160, 239, 7, 'primary'),
(160, 239, 21, 'primary'),
(160, 239, 218, 'primary'),
(160, 239, 235, 'primary'),
(160, 239, 239, 'primary'),
(160, 241, 21, 'primary'),
(160, 241, 53, 'primary'),
(160, 241, 218, 'primary'),
(160, 241, 238, 'primary'),
(160, 248, 10, 'primary'),
(160, 248, 12, 'primary'),
(160, 248, 228, 'primary'),
(160, 248, 240, 'primary'),
(160, 248, 318, 'primary'),
(160, 253, 242, 'primary'),
(160, 253, 274, 'primary'),
(160, 253, 322, 'primary'),
(160, 253, 331, 'primary'),
(160, 265, 6, 'primary'),
(160, 265, 7, 'primary'),
(160, 265, 21, 'primary'),
(160, 265, 29, 'primary'),
(160, 265, 108, 'primary'),
(160, 269, 43, 'primary'),
(160, 269, 46, 'primary'),
(160, 269, 226, 'primary'),
(160, 269, 227, 'primary'),
(160, 269, 230, 'primary'),
(160, 271, 36, 'primary'),
(160, 271, 213, 'primary'),
(160, 271, 313, 'primary'),
(160, 271, 335, 'primary'),
(160, 284, 16, 'primary'),
(160, 284, 26, 'primary'),
(160, 284, 218, 'primary'),
(160, 284, 221, 'primary'),
(160, 284, 238, 'primary'),
(160, 293, 16, 'primary'),
(160, 293, 46, 'primary'),
(160, 293, 227, 'primary'),
(160, 293, 230, 'primary'),
(160, 293, 311, 'primary'),
(161, 7, 216, 'primary'),
(161, 7, 228, 'primary'),
(161, 7, 234, 'primary'),
(161, 7, 240, 'primary'),
(161, 7, 254, 'primary'),
(161, 23, 9, 'primary'),
(161, 23, 10, 'primary'),
(161, 23, 216, 'primary'),
(161, 23, 234, 'primary'),
(161, 23, 240, 'primary'),
(161, 36, 215, 'primary'),
(161, 36, 240, 'primary'),
(161, 36, 242, 'primary'),
(161, 36, 249, 'primary'),
(161, 112, 16, 'primary'),
(161, 112, 223, 'primary'),
(161, 112, 224, 'primary'),
(161, 112, 226, 'primary'),
(161, 112, 230, 'primary'),
(161, 169, 10, 'primary'),
(161, 169, 19, 'primary'),
(161, 169, 234, 'primary'),
(161, 169, 253, 'primary'),
(161, 169, 274, 'primary'),
(161, 170, 212, 'primary'),
(161, 170, 222, 'primary'),
(161, 170, 226, 'primary'),
(161, 170, 227, 'primary'),
(161, 170, 230, 'primary'),
(161, 178, 10, 'primary'),
(161, 178, 12, 'primary'),
(161, 178, 228, 'primary'),
(161, 178, 296, 'primary'),
(161, 178, 298, 'primary'),
(161, 181, 3, 'primary'),
(161, 181, 11, 'primary'),
(161, 181, 240, 'primary'),
(161, 181, 255, 'primary'),
(161, 181, 263, 'primary'),
(161, 183, 7, 'primary'),
(161, 183, 21, 'primary'),
(161, 183, 26, 'primary'),
(161, 183, 218, 'primary'),
(161, 183, 235, 'primary'),
(161, 184, 9, 'primary'),
(161, 184, 10, 'primary'),
(161, 184, 20, 'primary'),
(161, 184, 30, 'primary'),
(161, 184, 36, 'primary'),
(161, 187, 9, 'primary'),
(161, 187, 20, 'primary'),
(161, 187, 246, 'primary'),
(161, 187, 254, 'primary'),
(161, 187, 288, 'primary'),
(161, 190, 6, 'primary'),
(161, 190, 7, 'primary'),
(161, 190, 21, 'primary'),
(161, 190, 220, 'primary'),
(161, 190, 264, 'primary'),
(161, 191, 8, 'primary'),
(161, 191, 18, 'primary'),
(161, 191, 21, 'primary'),
(161, 191, 108, 'primary'),
(161, 192, 218, 'primary'),
(161, 192, 220, 'primary'),
(161, 192, 221, 'primary'),
(161, 192, 238, 'primary'),
(161, 192, 329, 'primary'),
(161, 193, 218, 'primary'),
(161, 193, 235, 'primary'),
(161, 193, 238, 'primary'),
(161, 195, 46, 'primary'),
(161, 195, 225, 'primary'),
(161, 195, 226, 'primary'),
(161, 195, 227, 'primary'),
(161, 195, 230, 'primary'),
(161, 197, 16, 'primary'),
(161, 197, 46, 'primary'),
(161, 197, 227, 'primary'),
(161, 198, 9, 'primary'),
(161, 198, 10, 'primary'),
(161, 198, 37, 'primary'),
(161, 198, 296, 'primary'),
(161, 200, 9, 'primary'),
(161, 200, 36, 'primary'),
(161, 200, 255, 'primary'),
(161, 200, 283, 'primary'),
(161, 201, 46, 'primary'),
(161, 201, 212, 'primary'),
(161, 201, 222, 'primary'),
(161, 201, 226, 'primary'),
(161, 204, 14, 'primary'),
(161, 204, 45, 'primary'),
(161, 204, 46, 'primary'),
(161, 204, 227, 'primary'),
(161, 204, 230, 'primary'),
(161, 207, 84, 'primary'),
(161, 207, 233, 'primary'),
(161, 207, 240, 'primary'),
(161, 207, 287, 'primary'),
(161, 207, 305, 'primary'),
(161, 224, 46, 'primary'),
(161, 224, 224, 'primary'),
(161, 224, 226, 'primary'),
(161, 224, 230, 'primary'),
(161, 224, 319, 'primary'),
(161, 225, 322, 'primary'),
(161, 226, 7, 'primary'),
(161, 226, 18, 'primary'),
(161, 226, 53, 'primary'),
(161, 226, 212, 'primary'),
(161, 227, 211, 'primary'),
(161, 227, 216, 'primary'),
(161, 227, 245, 'primary'),
(161, 227, 246, 'primary'),
(161, 227, 277, 'primary'),
(161, 239, 7, 'primary'),
(161, 239, 21, 'primary'),
(161, 239, 218, 'primary'),
(161, 239, 235, 'primary'),
(161, 239, 239, 'primary'),
(161, 241, 21, 'primary'),
(161, 241, 53, 'primary'),
(161, 241, 218, 'primary'),
(161, 241, 238, 'primary'),
(161, 248, 10, 'primary'),
(161, 248, 12, 'primary'),
(161, 248, 228, 'primary'),
(161, 248, 240, 'primary'),
(161, 248, 318, 'primary'),
(161, 253, 242, 'primary'),
(161, 253, 274, 'primary'),
(161, 253, 322, 'primary'),
(161, 253, 331, 'primary'),
(161, 265, 6, 'primary'),
(161, 265, 7, 'primary'),
(161, 265, 21, 'primary'),
(161, 265, 29, 'primary'),
(161, 265, 108, 'primary'),
(161, 269, 43, 'primary'),
(161, 269, 46, 'primary'),
(161, 269, 226, 'primary'),
(161, 269, 227, 'primary'),
(161, 269, 230, 'primary'),
(161, 271, 36, 'primary'),
(161, 271, 213, 'primary'),
(161, 271, 313, 'primary'),
(161, 271, 335, 'primary'),
(161, 284, 16, 'primary'),
(161, 284, 26, 'primary'),
(161, 284, 218, 'primary'),
(161, 284, 221, 'primary'),
(161, 284, 238, 'primary'),
(161, 293, 16, 'primary'),
(161, 293, 46, 'primary'),
(161, 293, 227, 'primary'),
(161, 293, 230, 'primary'),
(161, 293, 311, 'primary'),
(162, 1, 212, 'primary'),
(162, 8, 218, 'primary'),
(162, 8, 220, 'primary'),
(162, 8, 221, 'primary'),
(162, 8, 235, 'primary'),
(162, 19, 9, 'primary'),
(162, 19, 211, 'primary'),
(162, 19, 216, 'primary'),
(162, 19, 242, 'primary'),
(162, 45, 7, 'primary'),
(162, 45, 229, 'primary'),
(162, 45, 235, 'primary'),
(162, 45, 238, 'primary'),
(162, 45, 239, 'primary'),
(162, 50, 222, 'primary'),
(162, 50, 223, 'primary'),
(162, 50, 224, 'primary'),
(162, 50, 227, 'primary'),
(162, 50, 230, 'primary'),
(162, 52, 222, 'primary'),
(162, 52, 223, 'primary'),
(162, 52, 226, 'primary'),
(162, 52, 227, 'primary'),
(162, 52, 319, 'primary'),
(162, 56, 21, 'primary'),
(162, 56, 218, 'primary'),
(162, 56, 220, 'primary'),
(162, 56, 235, 'primary'),
(162, 56, 264, 'primary'),
(162, 60, 10, 'primary'),
(162, 60, 254, 'primary'),
(162, 60, 274, 'primary'),
(162, 60, 318, 'primary'),
(162, 73, 15, 'primary'),
(162, 73, 46, 'primary'),
(162, 73, 227, 'primary'),
(162, 73, 230, 'primary'),
(162, 99, 46, 'primary'),
(162, 99, 222, 'primary'),
(162, 99, 223, 'primary'),
(162, 118, 21, 'primary'),
(162, 118, 218, 'primary'),
(162, 118, 236, 'primary'),
(162, 118, 328, 'primary'),
(162, 157, 36, 'primary'),
(162, 157, 228, 'primary'),
(162, 157, 231, 'primary'),
(162, 157, 232, 'primary'),
(162, 160, 224, 'primary'),
(162, 160, 226, 'primary'),
(162, 160, 227, 'primary'),
(162, 160, 230, 'primary'),
(162, 160, 319, 'primary'),
(162, 163, 222, 'primary'),
(162, 163, 223, 'primary'),
(162, 163, 226, 'primary'),
(162, 163, 227, 'primary'),
(162, 163, 230, 'primary'),
(162, 165, 7, 'primary'),
(162, 165, 26, 'primary'),
(162, 165, 83, 'primary'),
(162, 165, 218, 'primary'),
(162, 165, 320, 'primary'),
(162, 166, 215, 'primary'),
(162, 166, 216, 'primary'),
(162, 166, 242, 'primary'),
(162, 166, 253, 'primary'),
(162, 166, 330, 'primary'),
(162, 168, 215, 'primary'),
(162, 168, 216, 'primary'),
(162, 168, 233, 'primary'),
(162, 168, 240, 'primary'),
(162, 168, 253, 'primary'),
(162, 173, 46, 'primary'),
(162, 173, 212, 'primary'),
(162, 173, 226, 'primary'),
(162, 173, 227, 'primary'),
(162, 174, 46, 'primary'),
(162, 174, 226, 'primary'),
(162, 174, 227, 'primary'),
(162, 174, 328, 'primary'),
(162, 175, 249, 'primary'),
(162, 175, 251, 'primary'),
(162, 176, 233, 'primary'),
(162, 176, 255, 'primary'),
(162, 176, 274, 'primary'),
(162, 177, 9, 'primary'),
(162, 177, 30, 'primary'),
(162, 177, 242, 'primary'),
(162, 177, 263, 'primary'),
(162, 179, 228, 'primary'),
(162, 179, 331, 'primary'),
(162, 180, 9, 'primary'),
(162, 180, 231, 'primary'),
(162, 180, 244, 'primary'),
(162, 180, 332, 'primary'),
(162, 182, 216, 'primary'),
(162, 182, 240, 'primary'),
(162, 182, 241, 'primary'),
(162, 185, 26, 'primary'),
(162, 185, 218, 'primary'),
(162, 185, 229, 'primary'),
(162, 185, 235, 'primary'),
(162, 185, 238, 'primary'),
(162, 186, 231, 'primary'),
(162, 186, 240, 'primary'),
(162, 186, 296, 'primary'),
(162, 186, 318, 'primary'),
(162, 205, 20, 'primary'),
(162, 205, 30, 'primary'),
(162, 205, 255, 'primary'),
(162, 206, 9, 'primary'),
(162, 206, 20, 'primary'),
(162, 206, 30, 'primary'),
(162, 206, 234, 'primary'),
(162, 206, 255, 'primary'),
(162, 210, 7, 'primary'),
(162, 210, 218, 'primary'),
(162, 210, 221, 'primary'),
(162, 210, 235, 'primary'),
(162, 210, 320, 'primary'),
(162, 217, 9, 'primary'),
(162, 217, 10, 'primary'),
(162, 217, 318, 'primary'),
(162, 235, 26, 'primary'),
(162, 235, 218, 'primary'),
(162, 235, 229, 'primary'),
(162, 235, 235, 'primary'),
(162, 236, 3, 'primary'),
(162, 236, 9, 'primary'),
(162, 236, 233, 'primary'),
(162, 236, 241, 'primary'),
(162, 236, 242, 'primary'),
(162, 244, 9, 'primary'),
(162, 244, 211, 'primary'),
(162, 244, 255, 'primary'),
(162, 244, 263, 'primary'),
(162, 244, 305, 'primary'),
(162, 250, 47, 'primary'),
(162, 250, 212, 'primary'),
(162, 250, 226, 'primary'),
(162, 250, 230, 'primary'),
(162, 250, 319, 'primary'),
(162, 270, 9, 'primary'),
(162, 270, 20, 'primary'),
(162, 270, 30, 'primary'),
(162, 270, 52, 'primary'),
(162, 270, 255, 'primary'),
(163, 7, 216, 'primary'),
(163, 7, 228, 'primary'),
(163, 7, 234, 'primary'),
(163, 7, 240, 'primary'),
(163, 7, 274, 'primary'),
(163, 21, 9, 'primary'),
(163, 21, 211, 'primary'),
(163, 21, 246, 'primary'),
(163, 21, 290, 'primary'),
(163, 21, 317, 'primary'),
(163, 23, 9, 'primary'),
(163, 23, 10, 'primary'),
(163, 23, 216, 'primary'),
(163, 23, 234, 'primary'),
(163, 23, 240, 'primary'),
(163, 36, 215, 'primary'),
(163, 36, 240, 'primary'),
(163, 36, 242, 'primary'),
(163, 36, 249, 'primary'),
(163, 112, 16, 'primary'),
(163, 112, 223, 'primary'),
(163, 112, 224, 'primary'),
(163, 112, 226, 'primary'),
(163, 112, 230, 'primary'),
(163, 169, 10, 'primary'),
(163, 169, 19, 'primary'),
(163, 169, 234, 'primary'),
(163, 169, 253, 'primary'),
(163, 169, 274, 'primary'),
(163, 170, 222, 'primary'),
(163, 170, 223, 'primary'),
(163, 170, 226, 'primary'),
(163, 170, 227, 'primary'),
(163, 170, 230, 'primary'),
(163, 171, 46, 'primary'),
(163, 171, 222, 'primary'),
(163, 171, 223, 'primary'),
(163, 171, 226, 'primary'),
(163, 171, 328, 'primary'),
(163, 172, 224, 'primary'),
(163, 172, 226, 'primary'),
(163, 172, 230, 'primary'),
(163, 172, 319, 'primary'),
(163, 172, 328, 'primary'),
(163, 178, 10, 'primary'),
(163, 178, 12, 'primary'),
(163, 178, 228, 'primary'),
(163, 178, 296, 'primary'),
(163, 178, 298, 'primary'),
(163, 181, 3, 'primary'),
(163, 181, 11, 'primary'),
(163, 181, 240, 'primary'),
(163, 181, 255, 'primary'),
(163, 181, 263, 'primary'),
(163, 183, 7, 'primary'),
(163, 183, 21, 'primary'),
(163, 183, 26, 'primary'),
(163, 183, 218, 'primary'),
(163, 183, 235, 'primary'),
(163, 187, 9, 'primary'),
(163, 187, 20, 'primary'),
(163, 187, 246, 'primary'),
(163, 187, 254, 'primary'),
(163, 187, 288, 'primary'),
(163, 190, 6, 'primary'),
(163, 190, 7, 'primary'),
(163, 190, 21, 'primary'),
(163, 190, 220, 'primary'),
(163, 190, 264, 'primary'),
(163, 191, 8, 'primary'),
(163, 191, 18, 'primary'),
(163, 191, 21, 'primary'),
(163, 191, 108, 'primary'),
(163, 192, 218, 'primary'),
(163, 192, 220, 'primary'),
(163, 192, 221, 'primary'),
(163, 192, 238, 'primary'),
(163, 192, 329, 'primary'),
(163, 193, 218, 'primary'),
(163, 193, 235, 'primary'),
(163, 193, 238, 'primary'),
(163, 195, 46, 'primary'),
(163, 195, 225, 'primary'),
(163, 195, 226, 'primary'),
(163, 195, 227, 'primary'),
(163, 195, 230, 'primary'),
(163, 197, 46, 'primary'),
(163, 197, 227, 'primary'),
(163, 198, 9, 'primary'),
(163, 198, 10, 'primary'),
(163, 198, 37, 'primary'),
(163, 198, 296, 'primary'),
(163, 199, 37, 'primary'),
(163, 199, 228, 'primary'),
(163, 200, 9, 'primary'),
(163, 200, 36, 'primary'),
(163, 200, 255, 'primary'),
(163, 200, 283, 'primary'),
(163, 201, 46, 'primary'),
(163, 201, 212, 'primary'),
(163, 201, 222, 'primary'),
(163, 201, 226, 'primary'),
(163, 201, 227, 'primary'),
(163, 204, 14, 'primary'),
(163, 204, 45, 'primary'),
(163, 204, 46, 'primary'),
(163, 204, 227, 'primary'),
(163, 204, 230, 'primary'),
(163, 207, 84, 'primary'),
(163, 207, 233, 'primary'),
(163, 207, 240, 'primary'),
(163, 207, 287, 'primary'),
(163, 207, 305, 'primary'),
(163, 209, 3, 'primary'),
(163, 209, 9, 'primary'),
(163, 209, 254, 'primary'),
(163, 209, 255, 'primary'),
(163, 209, 263, 'primary'),
(163, 220, 223, 'primary'),
(163, 220, 224, 'primary'),
(163, 220, 227, 'primary'),
(163, 220, 230, 'primary'),
(163, 220, 319, 'primary'),
(163, 224, 46, 'primary'),
(163, 224, 224, 'primary'),
(163, 224, 226, 'primary'),
(163, 224, 230, 'primary'),
(163, 224, 319, 'primary'),
(163, 225, 322, 'primary'),
(163, 226, 7, 'primary'),
(163, 226, 18, 'primary'),
(163, 226, 53, 'primary'),
(163, 226, 212, 'primary'),
(163, 227, 211, 'primary'),
(163, 227, 216, 'primary'),
(163, 227, 245, 'primary'),
(163, 227, 246, 'primary'),
(163, 227, 277, 'primary'),
(163, 239, 21, 'primary'),
(163, 239, 218, 'primary'),
(163, 239, 235, 'primary'),
(163, 239, 239, 'primary'),
(163, 239, 264, 'primary'),
(163, 241, 21, 'primary'),
(163, 241, 218, 'primary'),
(163, 241, 238, 'primary'),
(163, 245, 3, 'primary'),
(163, 245, 35, 'primary'),
(163, 245, 49, 'primary'),
(163, 245, 242, 'primary'),
(163, 245, 255, 'primary'),
(163, 248, 10, 'primary'),
(163, 248, 12, 'primary'),
(163, 248, 228, 'primary'),
(163, 248, 240, 'primary'),
(163, 248, 318, 'primary'),
(163, 265, 6, 'primary'),
(163, 265, 7, 'primary'),
(163, 265, 21, 'primary'),
(163, 265, 108, 'primary'),
(163, 269, 43, 'primary'),
(163, 269, 46, 'primary'),
(163, 269, 226, 'primary'),
(163, 269, 227, 'primary'),
(163, 269, 230, 'primary'),
(163, 271, 36, 'primary'),
(163, 271, 213, 'primary'),
(163, 271, 313, 'primary'),
(163, 271, 335, 'primary'),
(163, 272, 46, 'primary'),
(163, 272, 226, 'primary'),
(163, 272, 227, 'primary'),
(163, 272, 230, 'primary'),
(163, 272, 290, 'primary'),
(163, 284, 16, 'primary'),
(163, 284, 26, 'primary'),
(163, 284, 218, 'primary'),
(163, 284, 221, 'primary'),
(163, 284, 238, 'primary'),
(163, 293, 16, 'primary'),
(163, 293, 46, 'primary'),
(163, 293, 227, 'primary'),
(163, 293, 230, 'primary'),
(163, 293, 311, 'primary'),
(164, 1, 212, 'primary'),
(164, 8, 218, 'primary'),
(164, 8, 220, 'primary'),
(164, 8, 235, 'primary'),
(164, 19, 9, 'primary'),
(164, 19, 211, 'primary'),
(164, 19, 216, 'primary'),
(164, 19, 242, 'primary'),
(164, 45, 7, 'primary'),
(164, 45, 229, 'primary'),
(164, 45, 235, 'primary'),
(164, 45, 238, 'primary'),
(164, 45, 239, 'primary'),
(164, 50, 222, 'primary'),
(164, 50, 223, 'primary'),
(164, 50, 224, 'primary'),
(164, 50, 227, 'primary'),
(164, 50, 230, 'primary'),
(164, 52, 222, 'primary'),
(164, 52, 223, 'primary'),
(164, 52, 226, 'primary'),
(164, 52, 227, 'primary'),
(164, 52, 319, 'primary'),
(164, 56, 21, 'primary'),
(164, 56, 218, 'primary'),
(164, 56, 220, 'primary'),
(164, 56, 235, 'primary'),
(164, 60, 10, 'primary'),
(164, 60, 274, 'primary'),
(164, 60, 318, 'primary'),
(164, 73, 15, 'primary'),
(164, 73, 46, 'primary'),
(164, 73, 227, 'primary'),
(164, 73, 230, 'primary'),
(164, 99, 46, 'primary'),
(164, 99, 222, 'primary'),
(164, 99, 223, 'primary'),
(164, 118, 21, 'primary'),
(164, 118, 218, 'primary'),
(164, 118, 236, 'primary'),
(164, 118, 328, 'primary'),
(164, 157, 36, 'primary'),
(164, 157, 228, 'primary'),
(164, 157, 231, 'primary'),
(164, 157, 232, 'primary'),
(164, 160, 226, 'primary'),
(164, 160, 227, 'primary'),
(164, 163, 222, 'primary'),
(164, 163, 223, 'primary'),
(164, 163, 227, 'primary'),
(164, 163, 230, 'primary'),
(164, 165, 7, 'primary'),
(164, 165, 26, 'primary'),
(164, 165, 83, 'primary'),
(164, 165, 218, 'primary'),
(164, 165, 320, 'primary'),
(164, 166, 215, 'primary'),
(164, 166, 216, 'primary'),
(164, 166, 242, 'primary'),
(164, 166, 253, 'primary'),
(164, 166, 330, 'primary'),
(164, 168, 215, 'primary'),
(164, 168, 216, 'primary'),
(164, 168, 233, 'primary'),
(164, 168, 240, 'primary'),
(164, 168, 253, 'primary'),
(164, 174, 46, 'primary'),
(164, 174, 226, 'primary'),
(164, 174, 227, 'primary'),
(164, 174, 328, 'primary'),
(164, 175, 249, 'primary'),
(164, 175, 251, 'primary'),
(164, 176, 233, 'primary'),
(164, 176, 255, 'primary'),
(164, 177, 9, 'primary'),
(164, 177, 30, 'primary'),
(164, 177, 242, 'primary'),
(164, 177, 263, 'primary'),
(164, 179, 228, 'primary'),
(164, 179, 331, 'primary'),
(164, 180, 9, 'primary'),
(164, 180, 231, 'primary'),
(164, 180, 244, 'primary'),
(164, 180, 332, 'primary'),
(164, 182, 216, 'primary'),
(164, 182, 240, 'primary'),
(164, 182, 241, 'primary'),
(164, 185, 26, 'primary'),
(164, 185, 218, 'primary'),
(164, 185, 229, 'primary'),
(164, 185, 235, 'primary'),
(164, 185, 238, 'primary'),
(164, 186, 231, 'primary'),
(164, 186, 240, 'primary'),
(164, 186, 296, 'primary'),
(164, 186, 318, 'primary'),
(164, 205, 20, 'primary'),
(164, 205, 30, 'primary'),
(164, 206, 9, 'primary'),
(164, 206, 20, 'primary'),
(164, 206, 30, 'primary'),
(164, 206, 234, 'primary'),
(164, 206, 255, 'primary'),
(164, 210, 7, 'primary'),
(164, 210, 218, 'primary'),
(164, 210, 221, 'primary'),
(164, 210, 235, 'primary'),
(164, 210, 320, 'primary'),
(164, 217, 9, 'primary'),
(164, 217, 10, 'primary'),
(164, 217, 318, 'primary'),
(164, 235, 26, 'primary'),
(164, 235, 218, 'primary'),
(164, 235, 229, 'primary'),
(164, 235, 235, 'primary'),
(164, 236, 3, 'primary'),
(164, 236, 9, 'primary'),
(164, 236, 233, 'primary'),
(164, 236, 241, 'primary'),
(164, 236, 242, 'primary'),
(164, 244, 9, 'primary'),
(164, 244, 211, 'primary'),
(164, 244, 255, 'primary'),
(164, 244, 263, 'primary'),
(164, 244, 305, 'primary'),
(164, 270, 9, 'primary'),
(164, 270, 20, 'primary'),
(164, 270, 30, 'primary'),
(164, 270, 52, 'primary'),
(164, 270, 255, 'primary'),
(165, 8, 218, 'primary'),
(165, 8, 220, 'primary'),
(165, 8, 235, 'primary'),
(165, 19, 9, 'primary'),
(165, 19, 211, 'primary'),
(165, 19, 216, 'primary'),
(165, 19, 242, 'primary'),
(165, 45, 7, 'primary'),
(165, 45, 229, 'primary'),
(165, 45, 235, 'primary'),
(165, 45, 238, 'primary'),
(165, 45, 239, 'primary'),
(165, 52, 222, 'primary'),
(165, 52, 223, 'primary'),
(165, 52, 226, 'primary'),
(165, 52, 227, 'primary'),
(165, 52, 319, 'primary'),
(165, 56, 21, 'primary'),
(165, 56, 218, 'primary'),
(165, 56, 220, 'primary'),
(165, 56, 235, 'primary'),
(165, 60, 10, 'primary'),
(165, 60, 274, 'primary'),
(165, 60, 318, 'primary'),
(165, 73, 15, 'primary'),
(165, 73, 46, 'primary'),
(165, 73, 227, 'primary'),
(165, 73, 230, 'primary'),
(165, 99, 46, 'primary'),
(165, 99, 222, 'primary'),
(165, 99, 223, 'primary'),
(165, 118, 21, 'primary'),
(165, 118, 218, 'primary'),
(165, 118, 236, 'primary'),
(165, 118, 328, 'primary'),
(165, 160, 226, 'primary'),
(165, 160, 227, 'primary'),
(165, 163, 222, 'primary'),
(165, 163, 223, 'primary'),
(165, 163, 227, 'primary'),
(165, 163, 230, 'primary'),
(165, 165, 7, 'primary'),
(165, 165, 26, 'primary'),
(165, 165, 83, 'primary'),
(165, 165, 218, 'primary'),
(165, 165, 320, 'primary'),
(165, 166, 215, 'primary'),
(165, 166, 216, 'primary'),
(165, 166, 242, 'primary'),
(165, 166, 330, 'primary'),
(165, 168, 215, 'primary'),
(165, 168, 216, 'primary'),
(165, 168, 233, 'primary'),
(165, 168, 240, 'primary'),
(165, 168, 253, 'primary'),
(165, 174, 46, 'primary'),
(165, 174, 226, 'primary'),
(165, 174, 227, 'primary'),
(165, 174, 328, 'primary'),
(165, 176, 233, 'primary'),
(165, 176, 255, 'primary'),
(165, 177, 9, 'primary'),
(165, 177, 30, 'primary'),
(165, 177, 242, 'primary'),
(165, 177, 263, 'primary'),
(165, 179, 228, 'primary'),
(165, 179, 331, 'primary'),
(165, 180, 9, 'primary'),
(165, 180, 231, 'primary'),
(165, 180, 244, 'primary'),
(165, 180, 332, 'primary'),
(165, 185, 26, 'primary'),
(165, 185, 218, 'primary'),
(165, 185, 229, 'primary'),
(165, 185, 235, 'primary'),
(165, 185, 238, 'primary'),
(165, 186, 231, 'primary'),
(165, 186, 240, 'primary'),
(165, 186, 296, 'primary'),
(165, 186, 318, 'primary'),
(165, 205, 20, 'primary'),
(165, 205, 30, 'primary'),
(165, 206, 9, 'primary'),
(165, 206, 20, 'primary'),
(165, 206, 30, 'primary'),
(165, 206, 234, 'primary'),
(165, 206, 255, 'primary'),
(165, 210, 7, 'primary'),
(165, 210, 218, 'primary'),
(165, 210, 221, 'primary'),
(165, 210, 235, 'primary'),
(165, 210, 320, 'primary'),
(165, 217, 9, 'primary'),
(165, 217, 10, 'primary'),
(165, 217, 318, 'primary'),
(165, 235, 26, 'primary'),
(165, 235, 218, 'primary'),
(165, 235, 229, 'primary'),
(165, 235, 235, 'primary'),
(165, 236, 3, 'primary'),
(165, 236, 9, 'primary'),
(165, 236, 233, 'primary'),
(165, 236, 241, 'primary'),
(165, 236, 242, 'primary'),
(165, 244, 9, 'primary'),
(165, 244, 211, 'primary'),
(165, 244, 255, 'primary'),
(165, 244, 263, 'primary'),
(165, 244, 305, 'primary'),
(165, 270, 9, 'primary'),
(165, 270, 20, 'primary'),
(165, 270, 30, 'primary'),
(165, 270, 52, 'primary'),
(165, 270, 255, 'primary'),
(165, 293, 16, 'primary'),
(165, 293, 46, 'primary'),
(165, 293, 227, 'primary'),
(165, 293, 230, 'primary'),
(165, 293, 311, 'primary'),
(166, 157, 36, 'primary'),
(166, 157, 228, 'primary'),
(166, 157, 231, 'primary'),
(166, 157, 232, 'primary'),
(166, 173, 46, 'primary'),
(166, 173, 212, 'primary'),
(166, 173, 226, 'primary'),
(166, 173, 227, 'primary'),
(166, 175, 249, 'primary'),
(166, 175, 251, 'primary'),
(166, 176, 233, 'primary'),
(166, 176, 255, 'primary'),
(166, 177, 9, 'primary'),
(166, 177, 30, 'primary'),
(166, 177, 242, 'primary'),
(166, 177, 263, 'primary'),
(166, 181, 3, 'primary'),
(166, 181, 11, 'primary'),
(166, 181, 240, 'primary'),
(166, 181, 255, 'primary'),
(166, 181, 263, 'primary'),
(166, 183, 7, 'primary'),
(166, 183, 21, 'primary'),
(166, 183, 26, 'primary'),
(166, 183, 218, 'primary'),
(166, 183, 235, 'primary'),
(166, 184, 9, 'primary'),
(166, 184, 20, 'primary'),
(166, 184, 30, 'primary'),
(166, 184, 36, 'primary'),
(166, 184, 231, 'primary'),
(166, 185, 26, 'primary'),
(166, 185, 218, 'primary'),
(166, 185, 229, 'primary'),
(166, 185, 235, 'primary'),
(166, 185, 238, 'primary'),
(166, 198, 9, 'primary'),
(166, 198, 10, 'primary'),
(166, 198, 37, 'primary'),
(166, 198, 228, 'primary'),
(166, 198, 232, 'primary'),
(166, 201, 46, 'primary'),
(166, 201, 212, 'primary'),
(166, 201, 222, 'primary'),
(166, 201, 226, 'primary'),
(166, 201, 227, 'primary'),
(166, 204, 14, 'primary'),
(166, 204, 45, 'primary'),
(166, 204, 46, 'primary'),
(166, 204, 227, 'primary'),
(166, 204, 230, 'primary'),
(166, 226, 7, 'primary'),
(166, 226, 18, 'primary'),
(166, 226, 53, 'primary'),
(166, 226, 212, 'primary'),
(166, 241, 21, 'primary'),
(166, 241, 218, 'primary'),
(166, 241, 238, 'primary'),
(166, 250, 47, 'primary'),
(166, 250, 212, 'primary'),
(166, 250, 226, 'primary'),
(166, 250, 230, 'primary'),
(166, 250, 319, 'primary'),
(166, 272, 46, 'primary'),
(166, 272, 226, 'primary'),
(166, 272, 227, 'primary'),
(166, 272, 230, 'primary'),
(167, 7, 216, 'primary'),
(167, 7, 228, 'primary'),
(167, 7, 234, 'primary'),
(167, 7, 240, 'primary'),
(167, 7, 274, 'primary'),
(167, 21, 9, 'primary'),
(167, 21, 211, 'primary'),
(167, 21, 246, 'primary'),
(167, 21, 290, 'primary'),
(167, 21, 317, 'primary'),
(167, 23, 9, 'primary'),
(167, 23, 10, 'primary'),
(167, 23, 216, 'primary'),
(167, 23, 234, 'primary'),
(167, 23, 240, 'primary'),
(167, 30, 215, 'primary'),
(167, 30, 216, 'primary'),
(167, 30, 244, 'primary'),
(167, 36, 10, 'primary'),
(167, 36, 215, 'primary'),
(167, 36, 240, 'primary'),
(167, 36, 242, 'primary'),
(167, 36, 249, 'primary'),
(167, 169, 10, 'primary'),
(167, 169, 19, 'primary'),
(167, 169, 234, 'primary'),
(167, 169, 274, 'primary'),
(167, 170, 222, 'primary'),
(167, 170, 223, 'primary'),
(167, 170, 226, 'primary'),
(167, 170, 227, 'primary'),
(167, 170, 230, 'primary'),
(167, 171, 46, 'primary'),
(167, 171, 222, 'primary'),
(167, 171, 223, 'primary'),
(167, 171, 226, 'primary'),
(167, 171, 328, 'primary'),
(167, 172, 224, 'primary'),
(167, 172, 226, 'primary'),
(167, 172, 230, 'primary'),
(167, 172, 319, 'primary'),
(167, 172, 328, 'primary'),
(167, 178, 10, 'primary'),
(167, 178, 12, 'primary'),
(167, 178, 228, 'primary'),
(167, 178, 296, 'primary'),
(167, 178, 308, 'primary'),
(167, 181, 3, 'primary'),
(167, 181, 11, 'primary'),
(167, 181, 240, 'primary'),
(167, 181, 255, 'primary'),
(167, 181, 263, 'primary'),
(167, 183, 7, 'primary'),
(167, 183, 21, 'primary'),
(167, 183, 26, 'primary'),
(167, 183, 218, 'primary'),
(167, 183, 235, 'primary'),
(167, 184, 9, 'primary'),
(167, 184, 20, 'primary'),
(167, 184, 30, 'primary'),
(167, 184, 36, 'primary'),
(167, 184, 231, 'primary'),
(167, 187, 9, 'primary'),
(167, 187, 20, 'primary'),
(167, 187, 246, 'primary'),
(167, 187, 254, 'primary'),
(167, 187, 288, 'primary'),
(167, 190, 6, 'primary'),
(167, 190, 7, 'primary'),
(167, 190, 21, 'primary'),
(167, 190, 220, 'primary'),
(167, 190, 264, 'primary'),
(167, 191, 8, 'primary'),
(167, 191, 18, 'primary'),
(167, 191, 21, 'primary'),
(167, 191, 108, 'primary'),
(167, 192, 218, 'primary'),
(167, 192, 220, 'primary'),
(167, 192, 221, 'primary'),
(167, 192, 238, 'primary'),
(167, 192, 329, 'primary'),
(167, 195, 46, 'primary'),
(167, 195, 225, 'primary'),
(167, 195, 226, 'primary'),
(167, 195, 227, 'primary'),
(167, 195, 230, 'primary'),
(167, 197, 46, 'primary'),
(167, 197, 227, 'primary'),
(167, 198, 9, 'primary'),
(167, 198, 10, 'primary'),
(167, 198, 37, 'primary'),
(167, 198, 228, 'primary'),
(167, 198, 232, 'primary'),
(167, 200, 9, 'primary'),
(167, 200, 36, 'primary'),
(167, 200, 255, 'primary'),
(167, 201, 46, 'primary'),
(167, 201, 212, 'primary'),
(167, 201, 222, 'primary'),
(167, 201, 226, 'primary'),
(167, 201, 227, 'primary'),
(167, 204, 14, 'primary'),
(167, 204, 45, 'primary'),
(167, 204, 46, 'primary'),
(167, 204, 227, 'primary'),
(167, 204, 230, 'primary'),
(167, 207, 84, 'primary'),
(167, 207, 233, 'primary'),
(167, 207, 240, 'primary'),
(167, 207, 287, 'primary'),
(167, 207, 305, 'primary'),
(167, 220, 212, 'primary'),
(167, 220, 223, 'primary'),
(167, 220, 224, 'primary'),
(167, 220, 227, 'primary'),
(167, 220, 230, 'primary'),
(167, 225, 322, 'primary'),
(167, 226, 7, 'primary'),
(167, 226, 18, 'primary'),
(167, 226, 53, 'primary'),
(167, 226, 212, 'primary'),
(167, 227, 211, 'primary'),
(167, 227, 216, 'primary'),
(167, 227, 245, 'primary'),
(167, 227, 246, 'primary'),
(167, 227, 277, 'primary'),
(167, 239, 21, 'primary'),
(167, 239, 218, 'primary'),
(167, 239, 235, 'primary'),
(167, 239, 239, 'primary'),
(167, 239, 264, 'primary'),
(167, 241, 21, 'primary'),
(167, 241, 218, 'primary'),
(167, 241, 238, 'primary'),
(167, 248, 10, 'primary'),
(167, 248, 12, 'primary'),
(167, 248, 228, 'primary'),
(167, 248, 240, 'primary'),
(167, 248, 318, 'primary'),
(167, 268, 21, 'primary'),
(167, 268, 212, 'primary'),
(167, 268, 229, 'primary'),
(167, 268, 235, 'primary'),
(167, 269, 43, 'primary'),
(167, 269, 46, 'primary'),
(167, 269, 226, 'primary'),
(167, 269, 227, 'primary'),
(167, 269, 230, 'primary'),
(167, 271, 36, 'primary'),
(167, 271, 213, 'primary'),
(167, 271, 313, 'primary'),
(167, 271, 335, 'primary'),
(167, 272, 46, 'primary'),
(167, 272, 226, 'primary'),
(167, 272, 227, 'primary'),
(167, 272, 230, 'primary'),
(167, 284, 16, 'primary'),
(167, 284, 26, 'primary'),
(167, 284, 218, 'primary'),
(167, 284, 221, 'primary'),
(167, 284, 238, 'primary'),
(168, 21, 9, 'primary'),
(168, 21, 211, 'primary'),
(168, 21, 246, 'primary'),
(168, 21, 317, 'primary'),
(168, 23, 9, 'primary'),
(168, 23, 10, 'primary'),
(168, 23, 216, 'primary'),
(168, 23, 234, 'primary'),
(168, 23, 240, 'primary'),
(168, 30, 215, 'primary'),
(168, 30, 216, 'primary'),
(168, 36, 10, 'primary'),
(168, 36, 215, 'primary'),
(168, 36, 240, 'primary'),
(168, 36, 242, 'primary'),
(168, 36, 249, 'primary'),
(168, 169, 9, 'primary'),
(168, 169, 10, 'primary'),
(168, 169, 19, 'primary'),
(168, 169, 234, 'primary'),
(168, 170, 222, 'primary'),
(168, 170, 223, 'primary'),
(168, 170, 226, 'primary'),
(168, 170, 230, 'primary'),
(168, 171, 46, 'primary'),
(168, 171, 222, 'primary'),
(168, 171, 223, 'primary'),
(168, 171, 226, 'primary'),
(168, 171, 328, 'primary'),
(168, 178, 10, 'primary'),
(168, 178, 12, 'primary'),
(168, 178, 228, 'primary'),
(168, 178, 274, 'primary'),
(168, 178, 296, 'primary'),
(168, 181, 3, 'primary'),
(168, 181, 11, 'primary'),
(168, 181, 240, 'primary'),
(168, 181, 255, 'primary'),
(168, 181, 263, 'primary'),
(168, 182, 240, 'primary'),
(168, 182, 241, 'primary'),
(168, 183, 7, 'primary'),
(168, 183, 21, 'primary'),
(168, 183, 26, 'primary'),
(168, 183, 218, 'primary'),
(168, 183, 235, 'primary'),
(168, 184, 9, 'primary'),
(168, 184, 20, 'primary'),
(168, 184, 36, 'primary'),
(168, 184, 231, 'primary'),
(168, 187, 9, 'primary'),
(168, 187, 20, 'primary'),
(168, 187, 246, 'primary'),
(168, 187, 288, 'primary'),
(168, 190, 6, 'primary'),
(168, 190, 7, 'primary'),
(168, 190, 21, 'primary'),
(168, 190, 220, 'primary'),
(168, 191, 8, 'primary'),
(168, 191, 18, 'primary'),
(168, 191, 21, 'primary'),
(168, 191, 108, 'primary'),
(168, 192, 218, 'primary'),
(168, 192, 220, 'primary'),
(168, 192, 221, 'primary'),
(168, 192, 238, 'primary'),
(168, 195, 46, 'primary'),
(168, 195, 225, 'primary'),
(168, 195, 226, 'primary'),
(168, 195, 227, 'primary'),
(168, 197, 46, 'primary'),
(168, 197, 227, 'primary'),
(168, 198, 9, 'primary'),
(168, 198, 10, 'primary'),
(168, 198, 37, 'primary'),
(168, 198, 228, 'primary'),
(168, 198, 232, 'primary'),
(168, 201, 46, 'primary'),
(168, 201, 212, 'primary'),
(168, 201, 222, 'primary'),
(168, 201, 226, 'primary'),
(168, 201, 227, 'primary'),
(168, 204, 14, 'primary'),
(168, 204, 45, 'primary'),
(168, 204, 46, 'primary'),
(168, 204, 227, 'primary'),
(168, 204, 230, 'primary'),
(168, 207, 84, 'primary'),
(168, 207, 233, 'primary'),
(168, 207, 240, 'primary'),
(168, 207, 287, 'primary'),
(168, 207, 305, 'primary'),
(168, 220, 212, 'primary'),
(168, 220, 223, 'primary'),
(168, 220, 224, 'primary'),
(168, 220, 227, 'primary'),
(168, 220, 230, 'primary'),
(168, 225, 125, 'primary'),
(168, 225, 322, 'primary'),
(168, 226, 7, 'primary'),
(168, 226, 18, 'primary'),
(168, 226, 53, 'primary'),
(168, 227, 211, 'primary'),
(168, 227, 216, 'primary'),
(168, 227, 245, 'primary'),
(168, 227, 277, 'primary'),
(168, 239, 218, 'primary'),
(168, 239, 235, 'primary'),
(168, 239, 239, 'primary'),
(168, 239, 264, 'primary'),
(168, 241, 21, 'primary'),
(168, 241, 218, 'primary'),
(168, 241, 238, 'primary'),
(168, 248, 10, 'primary'),
(168, 248, 12, 'primary'),
(168, 248, 228, 'primary'),
(168, 248, 240, 'primary'),
(168, 248, 318, 'primary'),
(168, 268, 21, 'primary'),
(168, 268, 212, 'primary'),
(168, 268, 229, 'primary'),
(168, 268, 235, 'primary'),
(168, 269, 46, 'primary'),
(168, 269, 222, 'primary'),
(168, 269, 226, 'primary'),
(168, 269, 227, 'primary'),
(168, 269, 319, 'primary'),
(168, 271, 36, 'primary'),
(168, 271, 213, 'primary'),
(168, 271, 313, 'primary'),
(168, 271, 335, 'primary'),
(168, 272, 46, 'primary'),
(168, 272, 226, 'primary'),
(168, 272, 227, 'primary'),
(168, 272, 230, 'primary'),
(168, 284, 26, 'primary'),
(168, 284, 218, 'primary'),
(168, 284, 221, 'primary'),
(168, 284, 238, 'primary'),
(169, 1, 212, 'primary'),
(169, 7, 216, 'primary'),
(169, 7, 228, 'primary'),
(169, 7, 234, 'primary'),
(169, 7, 240, 'primary'),
(169, 7, 274, 'primary'),
(169, 8, 218, 'primary'),
(169, 8, 220, 'primary'),
(169, 8, 235, 'primary'),
(169, 19, 9, 'primary'),
(169, 19, 211, 'primary'),
(169, 19, 216, 'primary'),
(169, 19, 242, 'primary'),
(169, 23, 9, 'primary'),
(169, 23, 10, 'primary'),
(169, 23, 216, 'primary'),
(169, 23, 234, 'primary'),
(169, 23, 240, 'primary'),
(169, 45, 7, 'primary'),
(169, 45, 229, 'primary'),
(169, 45, 235, 'primary'),
(169, 45, 238, 'primary'),
(169, 45, 239, 'primary'),
(169, 50, 222, 'primary'),
(169, 50, 223, 'primary'),
(169, 50, 224, 'primary'),
(169, 50, 227, 'primary'),
(169, 50, 230, 'primary'),
(169, 52, 222, 'primary'),
(169, 52, 223, 'primary'),
(169, 52, 226, 'primary'),
(169, 52, 227, 'primary'),
(169, 52, 319, 'primary'),
(169, 56, 21, 'primary'),
(169, 56, 218, 'primary'),
(169, 56, 220, 'primary'),
(169, 56, 235, 'primary'),
(169, 60, 10, 'primary'),
(169, 60, 274, 'primary'),
(169, 60, 318, 'primary'),
(169, 73, 15, 'primary'),
(169, 73, 46, 'primary'),
(169, 73, 227, 'primary'),
(169, 73, 230, 'primary'),
(169, 99, 46, 'primary'),
(169, 99, 222, 'primary'),
(169, 99, 223, 'primary'),
(169, 157, 36, 'primary'),
(169, 157, 228, 'primary'),
(169, 157, 231, 'primary'),
(169, 157, 232, 'primary'),
(169, 160, 226, 'primary'),
(169, 160, 227, 'primary'),
(169, 163, 227, 'primary'),
(169, 163, 230, 'primary'),
(169, 165, 7, 'primary'),
(169, 165, 26, 'primary'),
(169, 165, 83, 'primary'),
(169, 165, 218, 'primary'),
(169, 165, 320, 'primary'),
(169, 168, 215, 'primary'),
(169, 168, 216, 'primary'),
(169, 168, 233, 'primary'),
(169, 168, 240, 'primary'),
(169, 168, 253, 'primary'),
(169, 171, 46, 'primary'),
(169, 171, 222, 'primary'),
(169, 171, 223, 'primary'),
(169, 171, 226, 'primary'),
(169, 171, 328, 'primary'),
(169, 173, 46, 'primary'),
(169, 173, 212, 'primary'),
(169, 173, 226, 'primary'),
(169, 173, 227, 'primary'),
(169, 174, 46, 'primary'),
(169, 174, 226, 'primary'),
(169, 174, 227, 'primary'),
(169, 174, 328, 'primary'),
(169, 175, 249, 'primary'),
(169, 175, 251, 'primary'),
(169, 176, 233, 'primary'),
(169, 176, 255, 'primary'),
(169, 177, 9, 'primary'),
(169, 177, 30, 'primary'),
(169, 177, 242, 'primary'),
(169, 177, 263, 'primary'),
(169, 180, 9, 'primary'),
(169, 180, 231, 'primary'),
(169, 180, 244, 'primary'),
(169, 180, 332, 'primary'),
(169, 185, 26, 'primary'),
(169, 185, 218, 'primary'),
(169, 185, 229, 'primary'),
(169, 185, 235, 'primary'),
(169, 185, 238, 'primary'),
(169, 186, 231, 'primary'),
(169, 186, 240, 'primary'),
(169, 186, 296, 'primary'),
(169, 186, 318, 'primary'),
(169, 193, 218, 'primary'),
(169, 193, 235, 'primary'),
(169, 193, 238, 'primary'),
(169, 205, 20, 'primary'),
(169, 205, 30, 'primary'),
(169, 206, 9, 'primary'),
(169, 206, 20, 'primary'),
(169, 206, 30, 'primary'),
(169, 206, 234, 'primary'),
(169, 206, 255, 'primary'),
(169, 210, 7, 'primary'),
(169, 210, 218, 'primary'),
(169, 210, 221, 'primary'),
(169, 210, 235, 'primary'),
(169, 210, 320, 'primary'),
(169, 217, 9, 'primary'),
(169, 217, 10, 'primary'),
(169, 217, 318, 'primary'),
(169, 220, 212, 'primary'),
(169, 220, 223, 'primary'),
(169, 220, 224, 'primary'),
(169, 220, 227, 'primary'),
(169, 220, 230, 'primary'),
(169, 235, 26, 'primary'),
(169, 235, 218, 'primary'),
(169, 235, 229, 'primary'),
(169, 235, 235, 'primary'),
(169, 236, 3, 'primary'),
(169, 236, 9, 'primary'),
(169, 236, 233, 'primary'),
(169, 236, 241, 'primary'),
(169, 236, 242, 'primary'),
(169, 244, 9, 'primary'),
(169, 244, 211, 'primary'),
(169, 244, 255, 'primary'),
(169, 244, 263, 'primary'),
(169, 244, 305, 'primary'),
(169, 250, 47, 'primary'),
(169, 250, 212, 'primary'),
(169, 250, 226, 'primary'),
(169, 250, 230, 'primary'),
(169, 250, 319, 'primary'),
(169, 270, 9, 'primary'),
(169, 270, 20, 'primary'),
(169, 270, 30, 'primary'),
(169, 270, 52, 'primary'),
(169, 270, 255, 'primary'),
(170, 21, 9, 'primary'),
(170, 21, 211, 'primary'),
(170, 21, 246, 'primary'),
(170, 21, 290, 'primary'),
(170, 21, 317, 'primary'),
(170, 30, 215, 'primary'),
(170, 30, 216, 'primary'),
(170, 30, 244, 'primary'),
(170, 36, 10, 'primary'),
(170, 36, 215, 'primary'),
(170, 36, 240, 'primary'),
(170, 36, 242, 'primary'),
(170, 36, 249, 'primary'),
(170, 112, 16, 'primary'),
(170, 112, 223, 'primary'),
(170, 112, 224, 'primary');
INSERT INTO `raid_player_wish` (`raid`, `player`, `item`, `attribution`) VALUES
(170, 112, 226, 'primary'),
(170, 112, 230, 'primary'),
(170, 166, 215, 'primary'),
(170, 166, 216, 'primary'),
(170, 166, 233, 'primary'),
(170, 166, 242, 'primary'),
(170, 166, 330, 'primary'),
(170, 169, 9, 'primary'),
(170, 169, 10, 'primary'),
(170, 169, 19, 'primary'),
(170, 169, 234, 'primary'),
(170, 169, 274, 'primary'),
(170, 170, 222, 'primary'),
(170, 170, 223, 'primary'),
(170, 170, 226, 'primary'),
(170, 170, 230, 'primary'),
(170, 178, 10, 'primary'),
(170, 178, 12, 'primary'),
(170, 178, 228, 'primary'),
(170, 178, 296, 'primary'),
(170, 179, 228, 'primary'),
(170, 179, 331, 'primary'),
(170, 181, 3, 'primary'),
(170, 181, 11, 'primary'),
(170, 181, 240, 'primary'),
(170, 181, 255, 'primary'),
(170, 181, 263, 'primary'),
(170, 182, 216, 'primary'),
(170, 182, 240, 'primary'),
(170, 182, 241, 'primary'),
(170, 183, 7, 'primary'),
(170, 183, 21, 'primary'),
(170, 183, 26, 'primary'),
(170, 183, 218, 'primary'),
(170, 183, 235, 'primary'),
(170, 184, 9, 'primary'),
(170, 184, 20, 'primary'),
(170, 184, 36, 'primary'),
(170, 184, 231, 'primary'),
(170, 187, 9, 'primary'),
(170, 187, 20, 'primary'),
(170, 187, 246, 'primary'),
(170, 187, 254, 'primary'),
(170, 187, 288, 'primary'),
(170, 190, 6, 'primary'),
(170, 190, 7, 'primary'),
(170, 190, 21, 'primary'),
(170, 190, 220, 'primary'),
(170, 190, 264, 'primary'),
(170, 192, 218, 'primary'),
(170, 192, 220, 'primary'),
(170, 192, 221, 'primary'),
(170, 192, 238, 'primary'),
(170, 192, 329, 'primary'),
(170, 195, 46, 'primary'),
(170, 195, 225, 'primary'),
(170, 195, 226, 'primary'),
(170, 195, 227, 'primary'),
(170, 195, 230, 'primary'),
(170, 197, 46, 'primary'),
(170, 197, 227, 'primary'),
(170, 198, 9, 'primary'),
(170, 198, 10, 'primary'),
(170, 198, 37, 'primary'),
(170, 198, 228, 'primary'),
(170, 198, 232, 'primary'),
(170, 200, 9, 'primary'),
(170, 200, 36, 'primary'),
(170, 200, 255, 'primary'),
(170, 201, 46, 'primary'),
(170, 201, 212, 'primary'),
(170, 201, 222, 'primary'),
(170, 201, 226, 'primary'),
(170, 201, 227, 'primary'),
(170, 204, 14, 'primary'),
(170, 204, 45, 'primary'),
(170, 204, 46, 'primary'),
(170, 204, 227, 'primary'),
(170, 204, 230, 'primary'),
(170, 207, 84, 'primary'),
(170, 207, 233, 'primary'),
(170, 207, 240, 'primary'),
(170, 207, 287, 'primary'),
(170, 207, 305, 'primary'),
(170, 224, 46, 'primary'),
(170, 224, 224, 'primary'),
(170, 224, 226, 'primary'),
(170, 224, 230, 'primary'),
(170, 224, 319, 'primary'),
(170, 225, 125, 'primary'),
(170, 225, 322, 'primary'),
(170, 226, 7, 'primary'),
(170, 226, 18, 'primary'),
(170, 226, 53, 'primary'),
(170, 226, 212, 'primary'),
(170, 227, 211, 'primary'),
(170, 227, 216, 'primary'),
(170, 227, 245, 'primary'),
(170, 227, 246, 'primary'),
(170, 227, 277, 'primary'),
(170, 239, 218, 'primary'),
(170, 239, 235, 'primary'),
(170, 239, 239, 'primary'),
(170, 239, 264, 'primary'),
(170, 241, 21, 'primary'),
(170, 241, 218, 'primary'),
(170, 241, 238, 'primary'),
(170, 245, 3, 'primary'),
(170, 245, 35, 'primary'),
(170, 245, 49, 'primary'),
(170, 245, 242, 'primary'),
(170, 245, 255, 'primary'),
(170, 248, 10, 'primary'),
(170, 248, 12, 'primary'),
(170, 248, 228, 'primary'),
(170, 248, 240, 'primary'),
(170, 248, 318, 'primary'),
(170, 268, 21, 'primary'),
(170, 268, 212, 'primary'),
(170, 268, 229, 'primary'),
(170, 268, 235, 'primary'),
(170, 269, 46, 'primary'),
(170, 269, 222, 'primary'),
(170, 269, 226, 'primary'),
(170, 269, 227, 'primary'),
(170, 269, 319, 'primary'),
(170, 271, 36, 'primary'),
(170, 271, 213, 'primary'),
(170, 271, 313, 'primary'),
(170, 271, 335, 'primary'),
(170, 284, 26, 'primary'),
(170, 284, 218, 'primary'),
(170, 284, 221, 'primary'),
(170, 284, 238, 'primary'),
(170, 293, 46, 'primary'),
(170, 293, 227, 'primary'),
(170, 293, 230, 'primary'),
(170, 293, 311, 'primary'),
(171, 1, 212, 'primary'),
(171, 8, 218, 'primary'),
(171, 8, 220, 'primary'),
(171, 8, 235, 'primary'),
(171, 19, 9, 'primary'),
(171, 19, 216, 'primary'),
(171, 19, 242, 'primary'),
(171, 23, 9, 'primary'),
(171, 23, 10, 'primary'),
(171, 23, 216, 'primary'),
(171, 23, 234, 'primary'),
(171, 23, 240, 'primary'),
(171, 45, 7, 'primary'),
(171, 45, 229, 'primary'),
(171, 45, 235, 'primary'),
(171, 45, 238, 'primary'),
(171, 45, 239, 'primary'),
(171, 50, 222, 'primary'),
(171, 50, 223, 'primary'),
(171, 50, 224, 'primary'),
(171, 50, 227, 'primary'),
(171, 50, 230, 'primary'),
(171, 52, 222, 'primary'),
(171, 52, 223, 'primary'),
(171, 52, 226, 'primary'),
(171, 52, 227, 'primary'),
(171, 52, 319, 'primary'),
(171, 56, 21, 'primary'),
(171, 56, 218, 'primary'),
(171, 56, 220, 'primary'),
(171, 56, 235, 'primary'),
(171, 60, 10, 'primary'),
(171, 60, 318, 'primary'),
(171, 73, 15, 'primary'),
(171, 73, 46, 'primary'),
(171, 73, 227, 'primary'),
(171, 73, 230, 'primary'),
(171, 99, 46, 'primary'),
(171, 99, 222, 'primary'),
(171, 99, 223, 'primary'),
(171, 99, 226, 'primary'),
(171, 99, 227, 'primary'),
(171, 157, 36, 'primary'),
(171, 157, 228, 'primary'),
(171, 157, 231, 'primary'),
(171, 160, 226, 'primary'),
(171, 160, 227, 'primary'),
(171, 165, 7, 'primary'),
(171, 165, 26, 'primary'),
(171, 165, 83, 'primary'),
(171, 165, 218, 'primary'),
(171, 165, 320, 'primary'),
(171, 168, 215, 'primary'),
(171, 168, 216, 'primary'),
(171, 168, 233, 'primary'),
(171, 168, 240, 'primary'),
(171, 168, 242, 'primary'),
(171, 173, 46, 'primary'),
(171, 173, 212, 'primary'),
(171, 173, 226, 'primary'),
(171, 173, 227, 'primary'),
(171, 174, 46, 'primary'),
(171, 174, 226, 'primary'),
(171, 174, 227, 'primary'),
(171, 174, 328, 'primary'),
(171, 175, 249, 'primary'),
(171, 175, 251, 'primary'),
(171, 176, 233, 'primary'),
(171, 176, 255, 'primary'),
(171, 177, 9, 'primary'),
(171, 177, 30, 'primary'),
(171, 177, 242, 'primary'),
(171, 177, 263, 'primary'),
(171, 180, 9, 'primary'),
(171, 180, 231, 'primary'),
(171, 180, 244, 'primary'),
(171, 185, 26, 'primary'),
(171, 185, 218, 'primary'),
(171, 185, 229, 'primary'),
(171, 185, 235, 'primary'),
(171, 185, 238, 'primary'),
(171, 186, 231, 'primary'),
(171, 186, 240, 'primary'),
(171, 186, 318, 'primary'),
(171, 193, 218, 'primary'),
(171, 193, 235, 'primary'),
(171, 193, 238, 'primary'),
(171, 206, 9, 'primary'),
(171, 206, 20, 'primary'),
(171, 206, 30, 'primary'),
(171, 206, 234, 'primary'),
(171, 206, 255, 'primary'),
(171, 210, 7, 'primary'),
(171, 210, 218, 'primary'),
(171, 210, 221, 'primary'),
(171, 210, 235, 'primary'),
(171, 210, 320, 'primary'),
(171, 217, 9, 'primary'),
(171, 217, 10, 'primary'),
(171, 220, 212, 'primary'),
(171, 220, 223, 'primary'),
(171, 220, 224, 'primary'),
(171, 220, 227, 'primary'),
(171, 220, 230, 'primary'),
(171, 227, 211, 'primary'),
(171, 227, 216, 'primary'),
(171, 227, 245, 'primary'),
(171, 227, 277, 'primary'),
(171, 235, 26, 'primary'),
(171, 235, 218, 'primary'),
(171, 235, 229, 'primary'),
(171, 235, 235, 'primary'),
(171, 236, 3, 'primary'),
(171, 236, 9, 'primary'),
(171, 236, 233, 'primary'),
(171, 236, 241, 'primary'),
(171, 236, 242, 'primary'),
(171, 244, 9, 'primary'),
(171, 244, 255, 'primary'),
(171, 244, 263, 'primary'),
(171, 244, 305, 'primary'),
(171, 250, 47, 'primary'),
(171, 250, 212, 'primary'),
(171, 250, 226, 'primary'),
(171, 250, 230, 'primary'),
(171, 250, 319, 'primary'),
(171, 270, 9, 'primary'),
(171, 270, 20, 'primary'),
(171, 270, 30, 'primary'),
(171, 270, 52, 'primary'),
(171, 270, 255, 'primary'),
(172, 1, 212, 'primary'),
(172, 8, 218, 'primary'),
(172, 8, 220, 'primary'),
(172, 8, 235, 'primary'),
(172, 19, 9, 'primary'),
(172, 19, 216, 'primary'),
(172, 19, 242, 'primary'),
(172, 23, 9, 'primary'),
(172, 23, 10, 'primary'),
(172, 23, 216, 'primary'),
(172, 23, 234, 'primary'),
(172, 23, 240, 'primary'),
(172, 45, 7, 'primary'),
(172, 45, 229, 'primary'),
(172, 45, 235, 'primary'),
(172, 45, 238, 'primary'),
(172, 45, 239, 'primary'),
(172, 52, 222, 'primary'),
(172, 52, 223, 'primary'),
(172, 52, 226, 'primary'),
(172, 52, 227, 'primary'),
(172, 52, 319, 'primary'),
(172, 56, 21, 'primary'),
(172, 56, 218, 'primary'),
(172, 56, 220, 'primary'),
(172, 56, 235, 'primary'),
(172, 60, 10, 'primary'),
(172, 60, 318, 'primary'),
(172, 73, 15, 'primary'),
(172, 73, 46, 'primary'),
(172, 73, 227, 'primary'),
(172, 73, 230, 'primary'),
(172, 99, 46, 'primary'),
(172, 99, 222, 'primary'),
(172, 99, 223, 'primary'),
(172, 99, 226, 'primary'),
(172, 99, 227, 'primary'),
(172, 157, 36, 'primary'),
(172, 157, 228, 'primary'),
(172, 157, 231, 'primary'),
(172, 160, 226, 'primary'),
(172, 160, 227, 'primary'),
(172, 163, 227, 'primary'),
(172, 165, 7, 'primary'),
(172, 165, 26, 'primary'),
(172, 165, 83, 'primary'),
(172, 165, 218, 'primary'),
(172, 165, 320, 'primary'),
(172, 168, 215, 'primary'),
(172, 168, 216, 'primary'),
(172, 168, 233, 'primary'),
(172, 168, 240, 'primary'),
(172, 168, 242, 'primary'),
(172, 171, 46, 'primary'),
(172, 171, 222, 'primary'),
(172, 171, 223, 'primary'),
(172, 171, 226, 'primary'),
(172, 171, 328, 'primary'),
(172, 173, 46, 'primary'),
(172, 173, 212, 'primary'),
(172, 173, 226, 'primary'),
(172, 173, 227, 'primary'),
(172, 174, 46, 'primary'),
(172, 174, 226, 'primary'),
(172, 174, 227, 'primary'),
(172, 174, 328, 'primary'),
(172, 175, 249, 'primary'),
(172, 175, 251, 'primary'),
(172, 176, 233, 'primary'),
(172, 176, 255, 'primary'),
(172, 177, 9, 'primary'),
(172, 177, 30, 'primary'),
(172, 177, 242, 'primary'),
(172, 177, 263, 'primary'),
(172, 180, 9, 'primary'),
(172, 180, 231, 'primary'),
(172, 180, 244, 'primary'),
(172, 185, 26, 'primary'),
(172, 185, 218, 'primary'),
(172, 185, 229, 'primary'),
(172, 185, 235, 'primary'),
(172, 185, 238, 'primary'),
(172, 186, 231, 'primary'),
(172, 186, 240, 'primary'),
(172, 186, 318, 'primary'),
(172, 193, 218, 'primary'),
(172, 193, 235, 'primary'),
(172, 193, 238, 'primary'),
(172, 206, 9, 'primary'),
(172, 206, 20, 'primary'),
(172, 206, 30, 'primary'),
(172, 206, 234, 'primary'),
(172, 206, 255, 'primary'),
(172, 210, 7, 'primary'),
(172, 210, 218, 'primary'),
(172, 210, 221, 'primary'),
(172, 210, 235, 'primary'),
(172, 210, 320, 'primary'),
(172, 217, 9, 'primary'),
(172, 217, 10, 'primary'),
(172, 220, 212, 'primary'),
(172, 220, 223, 'primary'),
(172, 220, 224, 'primary'),
(172, 220, 227, 'primary'),
(172, 220, 230, 'primary'),
(172, 235, 26, 'primary'),
(172, 235, 218, 'primary'),
(172, 235, 229, 'primary'),
(172, 235, 235, 'primary'),
(172, 236, 3, 'primary'),
(172, 236, 9, 'primary'),
(172, 236, 233, 'primary'),
(172, 236, 241, 'primary'),
(172, 236, 242, 'primary'),
(172, 244, 9, 'primary'),
(172, 244, 255, 'primary'),
(172, 244, 263, 'primary'),
(172, 244, 305, 'primary'),
(172, 250, 47, 'primary'),
(172, 250, 212, 'primary'),
(172, 250, 226, 'primary'),
(172, 250, 230, 'primary'),
(172, 250, 319, 'primary'),
(172, 270, 9, 'primary'),
(172, 270, 20, 'primary'),
(172, 270, 30, 'primary'),
(172, 270, 52, 'primary'),
(172, 270, 255, 'primary'),
(173, 21, 9, 'primary'),
(173, 21, 211, 'primary'),
(173, 21, 246, 'primary'),
(173, 21, 317, 'primary'),
(173, 30, 215, 'primary'),
(173, 30, 216, 'primary'),
(173, 112, 16, 'primary'),
(173, 112, 223, 'primary'),
(173, 112, 224, 'primary'),
(173, 112, 226, 'primary'),
(173, 112, 230, 'primary'),
(173, 169, 9, 'primary'),
(173, 169, 10, 'primary'),
(173, 169, 19, 'primary'),
(173, 169, 234, 'primary'),
(173, 169, 240, 'primary'),
(173, 170, 222, 'primary'),
(173, 170, 223, 'primary'),
(173, 170, 226, 'primary'),
(173, 170, 230, 'primary'),
(173, 178, 10, 'primary'),
(173, 178, 12, 'primary'),
(173, 178, 228, 'primary'),
(173, 178, 274, 'primary'),
(173, 178, 296, 'primary'),
(173, 179, 228, 'primary'),
(173, 179, 331, 'primary'),
(173, 181, 3, 'primary'),
(173, 181, 11, 'primary'),
(173, 181, 240, 'primary'),
(173, 181, 255, 'primary'),
(173, 181, 263, 'primary'),
(173, 182, 240, 'primary'),
(173, 182, 241, 'primary'),
(173, 183, 7, 'primary'),
(173, 183, 21, 'primary'),
(173, 183, 26, 'primary'),
(173, 183, 218, 'primary'),
(173, 183, 235, 'primary'),
(173, 184, 9, 'primary'),
(173, 184, 20, 'primary'),
(173, 184, 36, 'primary'),
(173, 184, 231, 'primary'),
(173, 187, 9, 'primary'),
(173, 187, 20, 'primary'),
(173, 187, 246, 'primary'),
(173, 187, 288, 'primary'),
(173, 190, 6, 'primary'),
(173, 190, 7, 'primary'),
(173, 190, 21, 'primary'),
(173, 190, 220, 'primary'),
(173, 190, 221, 'primary'),
(173, 191, 8, 'primary'),
(173, 191, 18, 'primary'),
(173, 191, 21, 'primary'),
(173, 191, 108, 'primary'),
(173, 192, 218, 'primary'),
(173, 192, 220, 'primary'),
(173, 192, 221, 'primary'),
(173, 192, 238, 'primary'),
(173, 195, 46, 'primary'),
(173, 195, 225, 'primary'),
(173, 195, 226, 'primary'),
(173, 195, 227, 'primary'),
(173, 197, 46, 'primary'),
(173, 197, 227, 'primary'),
(173, 198, 9, 'primary'),
(173, 198, 10, 'primary'),
(173, 198, 37, 'primary'),
(173, 198, 228, 'primary'),
(173, 198, 232, 'primary'),
(173, 201, 46, 'primary'),
(173, 201, 212, 'primary'),
(173, 201, 222, 'primary'),
(173, 201, 226, 'primary'),
(173, 201, 227, 'primary'),
(173, 204, 14, 'primary'),
(173, 204, 45, 'primary'),
(173, 204, 46, 'primary'),
(173, 204, 227, 'primary'),
(173, 204, 230, 'primary'),
(173, 224, 46, 'primary'),
(173, 224, 224, 'primary'),
(173, 224, 226, 'primary'),
(173, 224, 230, 'primary'),
(173, 224, 319, 'primary'),
(173, 225, 125, 'primary'),
(173, 225, 322, 'primary'),
(173, 226, 7, 'primary'),
(173, 226, 18, 'primary'),
(173, 226, 53, 'primary'),
(173, 227, 211, 'primary'),
(173, 227, 216, 'primary'),
(173, 227, 245, 'primary'),
(173, 227, 277, 'primary'),
(173, 239, 218, 'primary'),
(173, 239, 235, 'primary'),
(173, 239, 239, 'primary'),
(173, 239, 264, 'primary'),
(173, 241, 21, 'primary'),
(173, 241, 218, 'primary'),
(173, 241, 238, 'primary'),
(173, 248, 10, 'primary'),
(173, 248, 12, 'primary'),
(173, 248, 228, 'primary'),
(173, 248, 240, 'primary'),
(173, 248, 318, 'primary'),
(173, 268, 21, 'primary'),
(173, 268, 212, 'primary'),
(173, 268, 229, 'primary'),
(173, 268, 235, 'primary'),
(173, 269, 46, 'primary'),
(173, 269, 222, 'primary'),
(173, 269, 226, 'primary'),
(173, 269, 227, 'primary'),
(173, 269, 319, 'primary'),
(173, 271, 36, 'primary'),
(173, 271, 213, 'primary'),
(173, 271, 214, 'primary'),
(173, 271, 215, 'primary'),
(173, 271, 245, 'primary'),
(173, 272, 46, 'primary'),
(173, 272, 226, 'primary'),
(173, 272, 227, 'primary'),
(173, 272, 230, 'primary'),
(173, 284, 26, 'primary'),
(173, 284, 218, 'primary'),
(173, 284, 221, 'primary'),
(173, 284, 238, 'primary'),
(174, 21, 9, 'primary'),
(174, 21, 211, 'primary'),
(174, 21, 246, 'primary'),
(174, 21, 317, 'primary'),
(174, 112, 223, 'primary'),
(174, 112, 224, 'primary'),
(174, 112, 226, 'primary'),
(174, 112, 230, 'primary'),
(174, 157, 36, 'primary'),
(174, 157, 228, 'primary'),
(174, 157, 231, 'primary'),
(174, 169, 9, 'primary'),
(174, 169, 10, 'primary'),
(174, 169, 234, 'primary'),
(174, 169, 240, 'primary'),
(174, 178, 10, 'primary'),
(174, 178, 12, 'primary'),
(174, 178, 228, 'primary'),
(174, 178, 274, 'primary'),
(174, 178, 296, 'primary'),
(174, 179, 228, 'primary'),
(174, 179, 331, 'primary'),
(174, 181, 3, 'primary'),
(174, 181, 11, 'primary'),
(174, 181, 240, 'primary'),
(174, 181, 255, 'primary'),
(174, 181, 263, 'primary'),
(174, 182, 240, 'primary'),
(174, 182, 241, 'primary'),
(174, 184, 9, 'primary'),
(174, 184, 20, 'primary'),
(174, 184, 36, 'primary'),
(174, 184, 231, 'primary'),
(174, 191, 8, 'primary'),
(174, 191, 18, 'primary'),
(174, 191, 21, 'primary'),
(174, 191, 108, 'primary'),
(174, 192, 218, 'primary'),
(174, 192, 220, 'primary'),
(174, 192, 221, 'primary'),
(174, 192, 238, 'primary'),
(174, 195, 46, 'primary'),
(174, 195, 225, 'primary'),
(174, 195, 226, 'primary'),
(174, 195, 227, 'primary'),
(174, 198, 9, 'primary'),
(174, 198, 10, 'primary'),
(174, 198, 37, 'primary'),
(174, 198, 228, 'primary'),
(174, 198, 232, 'primary'),
(174, 204, 14, 'primary'),
(174, 204, 45, 'primary'),
(174, 204, 46, 'primary'),
(174, 204, 227, 'primary'),
(174, 204, 230, 'primary'),
(174, 224, 46, 'primary'),
(174, 224, 224, 'primary'),
(174, 224, 226, 'primary'),
(174, 224, 230, 'primary'),
(174, 224, 319, 'primary'),
(174, 225, 125, 'primary'),
(174, 225, 322, 'primary'),
(174, 226, 7, 'primary'),
(174, 226, 18, 'primary'),
(174, 226, 53, 'primary'),
(174, 227, 211, 'primary'),
(174, 227, 216, 'primary'),
(174, 227, 245, 'primary'),
(174, 227, 277, 'primary'),
(174, 241, 21, 'primary'),
(174, 241, 218, 'primary'),
(174, 241, 238, 'primary'),
(174, 250, 47, 'primary'),
(174, 250, 212, 'primary'),
(174, 250, 226, 'primary'),
(174, 250, 230, 'primary'),
(174, 250, 319, 'primary'),
(174, 268, 21, 'primary'),
(174, 268, 212, 'primary'),
(174, 268, 229, 'primary'),
(174, 268, 235, 'primary'),
(174, 269, 46, 'primary'),
(174, 269, 222, 'primary'),
(174, 269, 226, 'primary'),
(174, 269, 227, 'primary'),
(174, 269, 319, 'primary'),
(174, 271, 36, 'primary'),
(174, 271, 213, 'primary'),
(174, 271, 214, 'primary'),
(174, 271, 215, 'primary'),
(174, 271, 245, 'primary'),
(174, 272, 46, 'primary'),
(174, 272, 226, 'primary'),
(174, 272, 227, 'primary'),
(174, 272, 230, 'primary'),
(175, 1, 212, 'primary'),
(175, 8, 218, 'primary'),
(175, 8, 220, 'primary'),
(175, 8, 235, 'primary'),
(175, 19, 9, 'primary'),
(175, 19, 216, 'primary'),
(175, 19, 242, 'primary'),
(175, 45, 7, 'primary'),
(175, 45, 229, 'primary'),
(175, 45, 235, 'primary'),
(175, 45, 238, 'primary'),
(175, 45, 239, 'primary'),
(175, 50, 222, 'primary'),
(175, 50, 223, 'primary'),
(175, 50, 224, 'primary'),
(175, 50, 227, 'primary'),
(175, 50, 230, 'primary'),
(175, 56, 7, 'primary'),
(175, 56, 218, 'primary'),
(175, 56, 220, 'primary'),
(175, 56, 221, 'primary'),
(175, 56, 235, 'primary'),
(175, 60, 10, 'primary'),
(175, 60, 318, 'primary'),
(175, 73, 46, 'primary'),
(175, 75, 9, 'primary'),
(175, 75, 10, 'primary'),
(175, 75, 11, 'primary'),
(175, 99, 46, 'primary'),
(175, 99, 222, 'primary'),
(175, 99, 223, 'primary'),
(175, 99, 226, 'primary'),
(175, 99, 227, 'primary'),
(175, 157, 36, 'primary'),
(175, 157, 228, 'primary'),
(175, 157, 231, 'primary'),
(175, 160, 226, 'primary'),
(175, 160, 227, 'primary'),
(175, 163, 227, 'primary'),
(175, 165, 7, 'primary'),
(175, 165, 26, 'primary'),
(175, 165, 83, 'primary'),
(175, 165, 218, 'primary'),
(175, 165, 320, 'primary'),
(175, 166, 215, 'primary'),
(175, 166, 216, 'primary'),
(175, 166, 233, 'primary'),
(175, 166, 240, 'primary'),
(175, 166, 242, 'primary'),
(175, 168, 215, 'primary'),
(175, 168, 216, 'primary'),
(175, 168, 233, 'primary'),
(175, 168, 240, 'primary'),
(175, 168, 242, 'primary'),
(175, 171, 46, 'primary'),
(175, 171, 222, 'primary'),
(175, 171, 223, 'primary'),
(175, 171, 226, 'primary'),
(175, 171, 328, 'primary'),
(175, 173, 46, 'primary'),
(175, 173, 212, 'primary'),
(175, 173, 226, 'primary'),
(175, 173, 227, 'primary'),
(175, 175, 249, 'primary'),
(175, 175, 251, 'primary'),
(175, 176, 233, 'primary'),
(175, 176, 255, 'primary'),
(175, 177, 9, 'primary'),
(175, 177, 242, 'primary'),
(175, 177, 263, 'primary'),
(175, 180, 9, 'primary'),
(175, 180, 231, 'primary'),
(175, 180, 244, 'primary'),
(175, 182, 240, 'primary'),
(175, 182, 241, 'primary'),
(175, 185, 26, 'primary'),
(175, 185, 218, 'primary'),
(175, 185, 229, 'primary'),
(175, 185, 235, 'primary'),
(175, 185, 238, 'primary'),
(175, 186, 231, 'primary'),
(175, 186, 240, 'primary'),
(175, 186, 318, 'primary'),
(175, 193, 212, 'primary'),
(175, 193, 224, 'primary'),
(175, 193, 225, 'primary'),
(175, 193, 303, 'primary'),
(175, 193, 321, 'primary'),
(175, 206, 9, 'primary'),
(175, 206, 20, 'primary'),
(175, 206, 30, 'primary'),
(175, 206, 234, 'primary'),
(175, 206, 255, 'primary'),
(175, 217, 9, 'primary'),
(175, 217, 10, 'primary'),
(175, 220, 212, 'primary'),
(175, 220, 223, 'primary'),
(175, 220, 224, 'primary'),
(175, 220, 227, 'primary'),
(175, 220, 230, 'primary'),
(175, 235, 26, 'primary'),
(175, 235, 218, 'primary'),
(175, 235, 229, 'primary'),
(175, 235, 235, 'primary'),
(175, 236, 9, 'primary'),
(175, 236, 233, 'primary'),
(175, 236, 241, 'primary'),
(175, 236, 242, 'primary'),
(175, 236, 334, 'primary'),
(175, 270, 9, 'primary'),
(175, 270, 20, 'primary'),
(175, 270, 30, 'primary'),
(175, 270, 251, 'primary'),
(175, 270, 255, 'primary'),
(176, 21, 9, 'primary'),
(176, 21, 211, 'primary'),
(176, 21, 246, 'primary'),
(176, 21, 317, 'primary'),
(176, 23, 9, 'primary'),
(176, 23, 10, 'primary'),
(176, 23, 216, 'primary'),
(176, 23, 234, 'primary'),
(176, 23, 240, 'primary'),
(176, 30, 215, 'primary'),
(176, 30, 216, 'primary'),
(176, 36, 10, 'primary'),
(176, 36, 215, 'primary'),
(176, 36, 240, 'primary'),
(176, 36, 242, 'primary'),
(176, 36, 249, 'primary'),
(176, 112, 224, 'primary'),
(176, 112, 226, 'primary'),
(176, 112, 227, 'primary'),
(176, 112, 230, 'primary'),
(176, 112, 319, 'primary'),
(176, 169, 9, 'primary'),
(176, 169, 10, 'primary'),
(176, 169, 234, 'primary'),
(176, 169, 240, 'primary'),
(176, 170, 222, 'primary'),
(176, 170, 223, 'primary'),
(176, 170, 226, 'primary'),
(176, 170, 230, 'primary'),
(176, 172, 224, 'primary'),
(176, 172, 226, 'primary'),
(176, 172, 230, 'primary'),
(176, 172, 319, 'primary'),
(176, 172, 328, 'primary'),
(176, 178, 10, 'primary'),
(176, 178, 12, 'primary'),
(176, 178, 228, 'primary'),
(176, 178, 274, 'primary'),
(176, 178, 296, 'primary'),
(176, 179, 228, 'primary'),
(176, 179, 331, 'primary'),
(176, 181, 3, 'primary'),
(176, 181, 11, 'primary'),
(176, 181, 240, 'primary'),
(176, 181, 255, 'primary'),
(176, 181, 263, 'primary'),
(176, 183, 7, 'primary'),
(176, 183, 21, 'primary'),
(176, 183, 26, 'primary'),
(176, 183, 218, 'primary'),
(176, 183, 235, 'primary'),
(176, 184, 9, 'primary'),
(176, 184, 20, 'primary'),
(176, 184, 36, 'primary'),
(176, 184, 231, 'primary'),
(176, 187, 9, 'primary'),
(176, 187, 20, 'primary'),
(176, 187, 246, 'primary'),
(176, 187, 288, 'primary'),
(176, 190, 6, 'primary'),
(176, 190, 7, 'primary'),
(176, 190, 21, 'primary'),
(176, 190, 220, 'primary'),
(176, 190, 221, 'primary'),
(176, 191, 8, 'primary'),
(176, 191, 18, 'primary'),
(176, 191, 21, 'primary'),
(176, 191, 108, 'primary'),
(176, 192, 218, 'primary'),
(176, 192, 220, 'primary'),
(176, 192, 221, 'primary'),
(176, 192, 238, 'primary'),
(176, 195, 46, 'primary'),
(176, 195, 225, 'primary'),
(176, 195, 226, 'primary'),
(176, 195, 227, 'primary'),
(176, 197, 46, 'primary'),
(176, 197, 227, 'primary'),
(176, 198, 9, 'primary'),
(176, 198, 10, 'primary'),
(176, 198, 37, 'primary'),
(176, 198, 228, 'primary'),
(176, 198, 232, 'primary'),
(176, 201, 46, 'primary'),
(176, 201, 212, 'primary'),
(176, 201, 222, 'primary'),
(176, 201, 226, 'primary'),
(176, 201, 227, 'primary'),
(176, 204, 14, 'primary'),
(176, 204, 45, 'primary'),
(176, 204, 46, 'primary'),
(176, 204, 227, 'primary'),
(176, 204, 230, 'primary'),
(176, 207, 84, 'primary'),
(176, 207, 233, 'primary'),
(176, 207, 240, 'primary'),
(176, 207, 287, 'primary'),
(176, 207, 305, 'primary'),
(176, 225, 125, 'primary'),
(176, 225, 322, 'primary'),
(176, 239, 218, 'primary'),
(176, 239, 235, 'primary'),
(176, 239, 239, 'primary'),
(176, 239, 264, 'primary'),
(176, 241, 21, 'primary'),
(176, 241, 218, 'primary'),
(176, 241, 238, 'primary'),
(176, 245, 3, 'primary'),
(176, 245, 35, 'primary'),
(176, 245, 49, 'primary'),
(176, 245, 242, 'primary'),
(176, 245, 255, 'primary'),
(176, 248, 10, 'primary'),
(176, 248, 12, 'primary'),
(176, 248, 228, 'primary'),
(176, 248, 240, 'primary'),
(176, 248, 318, 'primary'),
(176, 250, 47, 'primary'),
(176, 250, 212, 'primary'),
(176, 250, 226, 'primary'),
(176, 250, 230, 'primary'),
(176, 250, 319, 'primary'),
(176, 268, 21, 'primary'),
(176, 268, 212, 'primary'),
(176, 268, 229, 'primary'),
(176, 268, 235, 'primary'),
(176, 269, 46, 'primary'),
(176, 269, 222, 'primary'),
(176, 269, 226, 'primary'),
(176, 269, 227, 'primary'),
(176, 269, 319, 'primary'),
(176, 271, 36, 'primary'),
(176, 271, 213, 'primary'),
(176, 271, 214, 'primary'),
(176, 271, 215, 'primary'),
(176, 271, 245, 'primary'),
(176, 284, 26, 'primary'),
(176, 284, 218, 'primary'),
(176, 284, 221, 'primary'),
(176, 284, 238, 'primary'),
(177, 1, 212, 'primary'),
(177, 8, 218, 'primary'),
(177, 8, 235, 'primary'),
(177, 19, 9, 'primary'),
(177, 19, 216, 'primary'),
(177, 19, 228, 'primary'),
(177, 19, 242, 'primary'),
(177, 45, 7, 'primary'),
(177, 45, 229, 'primary'),
(177, 45, 235, 'primary'),
(177, 45, 238, 'primary'),
(177, 45, 239, 'primary'),
(177, 52, 222, 'primary'),
(177, 52, 223, 'primary'),
(177, 52, 226, 'primary'),
(177, 52, 227, 'primary'),
(177, 52, 319, 'primary'),
(177, 56, 7, 'primary'),
(177, 56, 218, 'primary'),
(177, 56, 220, 'primary'),
(177, 56, 235, 'primary'),
(177, 60, 10, 'primary'),
(177, 60, 318, 'primary'),
(177, 73, 46, 'primary'),
(177, 75, 9, 'primary'),
(177, 75, 10, 'primary'),
(177, 75, 11, 'primary'),
(177, 99, 46, 'primary'),
(177, 99, 222, 'primary'),
(177, 99, 223, 'primary'),
(177, 99, 226, 'primary'),
(177, 99, 227, 'primary'),
(177, 157, 36, 'primary'),
(177, 157, 228, 'primary'),
(177, 157, 231, 'primary'),
(177, 160, 226, 'primary'),
(177, 160, 227, 'primary'),
(177, 163, 227, 'primary'),
(177, 165, 7, 'primary'),
(177, 165, 26, 'primary'),
(177, 165, 83, 'primary'),
(177, 165, 220, 'primary'),
(177, 165, 221, 'primary'),
(177, 168, 215, 'primary'),
(177, 168, 216, 'primary'),
(177, 168, 233, 'primary'),
(177, 168, 240, 'primary'),
(177, 168, 242, 'primary'),
(177, 171, 46, 'primary'),
(177, 171, 222, 'primary'),
(177, 171, 223, 'primary'),
(177, 171, 226, 'primary'),
(177, 171, 328, 'primary'),
(177, 174, 46, 'primary'),
(177, 174, 226, 'primary'),
(177, 174, 227, 'primary'),
(177, 174, 328, 'primary'),
(177, 175, 251, 'primary'),
(177, 176, 233, 'primary'),
(177, 176, 255, 'primary'),
(177, 177, 9, 'primary'),
(177, 177, 19, 'primary'),
(177, 177, 20, 'primary'),
(177, 177, 242, 'primary'),
(177, 177, 263, 'primary'),
(177, 185, 26, 'primary'),
(177, 185, 218, 'primary'),
(177, 185, 229, 'primary'),
(177, 185, 236, 'primary'),
(177, 185, 238, 'primary'),
(177, 186, 231, 'primary'),
(177, 186, 240, 'primary'),
(177, 186, 318, 'primary'),
(177, 190, 6, 'primary'),
(177, 190, 7, 'primary'),
(177, 190, 21, 'primary'),
(177, 190, 220, 'primary'),
(177, 190, 221, 'primary'),
(177, 193, 212, 'primary'),
(177, 193, 224, 'primary'),
(177, 193, 225, 'primary'),
(177, 193, 303, 'primary'),
(177, 210, 7, 'primary'),
(177, 210, 218, 'primary'),
(177, 210, 221, 'primary'),
(177, 210, 235, 'primary'),
(177, 210, 320, 'primary'),
(177, 217, 9, 'primary'),
(177, 217, 10, 'primary'),
(177, 235, 26, 'primary'),
(177, 235, 218, 'primary'),
(177, 235, 229, 'primary'),
(177, 235, 235, 'primary'),
(177, 236, 9, 'primary'),
(177, 236, 233, 'primary'),
(177, 236, 241, 'primary'),
(177, 236, 242, 'primary'),
(177, 236, 334, 'primary'),
(177, 250, 47, 'primary'),
(177, 250, 212, 'primary'),
(177, 250, 226, 'primary'),
(177, 250, 230, 'primary'),
(177, 270, 9, 'primary'),
(177, 270, 20, 'primary'),
(177, 270, 30, 'primary'),
(177, 270, 251, 'primary'),
(177, 270, 255, 'primary'),
(178, 1, 212, 'primary'),
(178, 19, 9, 'primary'),
(178, 19, 216, 'primary'),
(178, 19, 228, 'primary'),
(178, 19, 242, 'primary'),
(178, 45, 7, 'primary'),
(178, 45, 229, 'primary'),
(178, 45, 235, 'primary'),
(178, 45, 238, 'primary'),
(178, 45, 239, 'primary'),
(178, 56, 7, 'primary'),
(178, 56, 218, 'primary'),
(178, 56, 220, 'primary'),
(178, 56, 235, 'primary'),
(178, 99, 46, 'primary'),
(178, 99, 222, 'primary'),
(178, 99, 223, 'primary'),
(178, 99, 226, 'primary'),
(178, 99, 227, 'primary'),
(178, 160, 226, 'primary'),
(178, 160, 227, 'primary'),
(178, 163, 227, 'primary'),
(178, 165, 7, 'primary'),
(178, 165, 26, 'primary'),
(178, 165, 83, 'primary'),
(178, 165, 220, 'primary'),
(178, 165, 221, 'primary'),
(178, 168, 215, 'primary'),
(178, 168, 216, 'primary'),
(178, 168, 233, 'primary'),
(178, 168, 240, 'primary'),
(178, 168, 242, 'primary'),
(178, 171, 46, 'primary'),
(178, 171, 222, 'primary'),
(178, 171, 223, 'primary'),
(178, 171, 226, 'primary'),
(178, 171, 328, 'primary'),
(178, 174, 46, 'primary'),
(178, 174, 226, 'primary'),
(178, 174, 227, 'primary'),
(178, 174, 328, 'primary'),
(178, 175, 251, 'primary'),
(178, 176, 233, 'primary'),
(178, 176, 255, 'primary'),
(178, 177, 19, 'primary'),
(178, 177, 20, 'primary'),
(178, 177, 242, 'primary'),
(178, 177, 263, 'primary'),
(178, 182, 240, 'primary'),
(178, 182, 241, 'primary'),
(178, 185, 26, 'primary'),
(178, 185, 218, 'primary'),
(178, 185, 229, 'primary'),
(178, 185, 236, 'primary'),
(178, 185, 238, 'primary'),
(178, 186, 231, 'primary'),
(178, 186, 240, 'primary'),
(178, 186, 318, 'primary'),
(178, 187, 9, 'primary'),
(178, 187, 20, 'primary'),
(178, 187, 246, 'primary'),
(178, 187, 288, 'primary'),
(178, 190, 6, 'primary'),
(178, 190, 7, 'primary'),
(178, 190, 21, 'primary'),
(178, 190, 220, 'primary'),
(178, 190, 221, 'primary'),
(178, 193, 212, 'primary'),
(178, 193, 224, 'primary'),
(178, 193, 225, 'primary'),
(178, 193, 303, 'primary'),
(178, 210, 7, 'primary'),
(178, 210, 218, 'primary'),
(178, 210, 221, 'primary'),
(178, 210, 235, 'primary'),
(178, 210, 320, 'primary'),
(178, 217, 9, 'primary'),
(178, 217, 10, 'primary'),
(178, 235, 26, 'primary'),
(178, 235, 218, 'primary'),
(178, 235, 229, 'primary'),
(178, 235, 235, 'primary'),
(178, 236, 9, 'primary'),
(178, 236, 233, 'primary'),
(178, 236, 241, 'primary'),
(178, 236, 242, 'primary'),
(178, 236, 334, 'primary'),
(178, 270, 9, 'primary'),
(178, 270, 20, 'primary'),
(178, 270, 30, 'primary'),
(178, 270, 251, 'primary'),
(178, 270, 255, 'primary'),
(179, 21, 9, 'primary'),
(179, 21, 211, 'primary'),
(179, 21, 317, 'primary'),
(179, 23, 9, 'primary'),
(179, 23, 10, 'primary'),
(179, 23, 216, 'primary'),
(179, 23, 234, 'primary'),
(179, 23, 240, 'primary'),
(179, 30, 215, 'primary'),
(179, 30, 216, 'primary'),
(179, 36, 10, 'primary'),
(179, 36, 215, 'primary'),
(179, 36, 240, 'primary'),
(179, 36, 242, 'primary'),
(179, 36, 249, 'primary'),
(179, 112, 224, 'primary'),
(179, 112, 226, 'primary'),
(179, 112, 227, 'primary'),
(179, 112, 230, 'primary'),
(179, 112, 319, 'primary'),
(179, 169, 9, 'primary'),
(179, 169, 10, 'primary'),
(179, 169, 234, 'primary'),
(179, 169, 240, 'primary'),
(179, 170, 222, 'primary'),
(179, 170, 223, 'primary'),
(179, 170, 226, 'primary'),
(179, 170, 230, 'primary'),
(179, 178, 10, 'primary'),
(179, 178, 12, 'primary'),
(179, 178, 228, 'primary'),
(179, 178, 296, 'primary'),
(179, 179, 228, 'primary'),
(179, 179, 255, 'primary'),
(179, 182, 240, 'primary'),
(179, 182, 241, 'primary'),
(179, 183, 7, 'primary'),
(179, 183, 21, 'primary'),
(179, 183, 218, 'primary'),
(179, 183, 220, 'primary'),
(179, 183, 235, 'primary'),
(179, 184, 9, 'primary'),
(179, 184, 20, 'primary'),
(179, 184, 36, 'primary'),
(179, 184, 231, 'primary'),
(179, 187, 9, 'primary'),
(179, 187, 20, 'primary'),
(179, 187, 246, 'primary'),
(179, 187, 288, 'primary'),
(179, 191, 8, 'primary'),
(179, 191, 18, 'primary'),
(179, 191, 21, 'primary'),
(179, 191, 220, 'primary'),
(179, 191, 235, 'primary'),
(179, 192, 218, 'primary'),
(179, 192, 220, 'primary'),
(179, 192, 221, 'primary'),
(179, 192, 238, 'primary'),
(179, 195, 46, 'primary'),
(179, 195, 225, 'primary'),
(179, 195, 226, 'primary'),
(179, 195, 227, 'primary'),
(179, 197, 46, 'primary'),
(179, 197, 227, 'primary'),
(179, 198, 9, 'primary'),
(179, 198, 10, 'primary'),
(179, 198, 37, 'primary'),
(179, 198, 232, 'primary'),
(179, 201, 46, 'primary'),
(179, 201, 212, 'primary'),
(179, 201, 222, 'primary'),
(179, 201, 226, 'primary'),
(179, 201, 227, 'primary'),
(179, 204, 14, 'primary'),
(179, 204, 45, 'primary'),
(179, 204, 46, 'primary'),
(179, 204, 227, 'primary'),
(179, 204, 230, 'primary'),
(179, 227, 211, 'primary'),
(179, 227, 216, 'primary'),
(179, 227, 245, 'primary'),
(179, 227, 277, 'primary'),
(179, 239, 218, 'primary'),
(179, 239, 235, 'primary'),
(179, 239, 264, 'primary'),
(179, 241, 21, 'primary'),
(179, 241, 218, 'primary'),
(179, 241, 238, 'primary'),
(179, 245, 3, 'primary'),
(179, 245, 35, 'primary'),
(179, 245, 49, 'primary'),
(179, 245, 255, 'primary'),
(179, 248, 10, 'primary'),
(179, 248, 12, 'primary'),
(179, 248, 228, 'primary'),
(179, 248, 318, 'primary'),
(179, 268, 21, 'primary'),
(179, 268, 212, 'primary'),
(179, 268, 229, 'primary'),
(179, 268, 235, 'primary'),
(179, 269, 46, 'primary'),
(179, 269, 222, 'primary'),
(179, 269, 226, 'primary'),
(179, 269, 227, 'primary'),
(179, 269, 319, 'primary'),
(179, 284, 26, 'primary'),
(179, 284, 218, 'primary'),
(179, 284, 221, 'primary'),
(179, 284, 238, 'primary'),
(180, 1, 361, 'primary'),
(180, 1, 393, 'primary'),
(180, 1, 415, 'primary'),
(180, 1, 424, 'primary'),
(180, 1, 442, 'primary'),
(180, 8, 218, 'primary'),
(180, 8, 235, 'primary'),
(180, 8, 416, 'primary'),
(180, 8, 453, 'primary'),
(180, 19, 9, 'primary'),
(180, 19, 216, 'primary'),
(180, 19, 385, 'primary'),
(180, 19, 396, 'primary'),
(180, 19, 418, 'primary'),
(180, 23, 9, 'primary'),
(180, 23, 10, 'primary'),
(180, 23, 216, 'primary'),
(180, 23, 234, 'primary'),
(180, 23, 240, 'primary'),
(180, 45, 7, 'primary'),
(180, 45, 229, 'primary'),
(180, 45, 235, 'primary'),
(180, 45, 238, 'primary'),
(180, 45, 239, 'primary'),
(180, 50, 222, 'primary'),
(180, 50, 223, 'primary'),
(180, 50, 224, 'primary'),
(180, 50, 227, 'primary'),
(180, 50, 230, 'primary'),
(180, 52, 222, 'primary'),
(180, 52, 223, 'primary'),
(180, 52, 226, 'primary'),
(180, 52, 227, 'primary'),
(180, 52, 319, 'primary'),
(180, 56, 7, 'primary'),
(180, 56, 218, 'primary'),
(180, 56, 220, 'primary'),
(180, 56, 235, 'primary'),
(180, 73, 46, 'primary'),
(180, 75, 9, 'primary'),
(180, 75, 10, 'primary'),
(180, 75, 11, 'primary'),
(180, 99, 46, 'primary'),
(180, 99, 222, 'primary'),
(180, 99, 223, 'primary'),
(180, 99, 226, 'primary'),
(180, 99, 227, 'primary'),
(180, 163, 227, 'primary'),
(180, 165, 7, 'primary'),
(180, 165, 26, 'primary'),
(180, 165, 83, 'primary'),
(180, 165, 220, 'primary'),
(180, 165, 221, 'primary'),
(180, 168, 215, 'primary'),
(180, 168, 216, 'primary'),
(180, 168, 233, 'primary'),
(180, 168, 240, 'primary'),
(180, 168, 242, 'primary'),
(180, 171, 46, 'primary'),
(180, 171, 222, 'primary'),
(180, 171, 226, 'primary'),
(180, 171, 365, 'primary'),
(180, 171, 429, 'primary'),
(180, 175, 251, 'primary'),
(180, 176, 233, 'primary'),
(180, 176, 255, 'primary'),
(180, 177, 19, 'primary'),
(180, 177, 20, 'primary'),
(180, 177, 242, 'primary'),
(180, 177, 263, 'primary'),
(180, 178, 10, 'primary'),
(180, 178, 12, 'primary'),
(180, 178, 228, 'primary'),
(180, 178, 296, 'primary'),
(180, 183, 7, 'primary'),
(180, 183, 21, 'primary'),
(180, 183, 218, 'primary'),
(180, 183, 220, 'primary'),
(180, 183, 235, 'primary'),
(180, 184, 9, 'primary'),
(180, 184, 20, 'primary'),
(180, 184, 36, 'primary'),
(180, 184, 231, 'primary'),
(180, 185, 26, 'primary'),
(180, 185, 218, 'primary'),
(180, 185, 229, 'primary'),
(180, 185, 236, 'primary'),
(180, 185, 238, 'primary'),
(180, 187, 9, 'primary'),
(180, 187, 20, 'primary'),
(180, 187, 246, 'primary'),
(180, 187, 288, 'primary'),
(180, 193, 224, 'primary'),
(180, 193, 225, 'primary'),
(180, 193, 230, 'primary'),
(180, 193, 290, 'primary'),
(180, 193, 319, 'primary'),
(180, 195, 46, 'primary'),
(180, 195, 226, 'primary'),
(180, 195, 227, 'primary'),
(180, 195, 365, 'primary'),
(180, 195, 437, 'primary'),
(180, 198, 10, 'primary'),
(180, 198, 349, 'primary'),
(180, 198, 362, 'primary'),
(180, 198, 370, 'primary'),
(180, 198, 377, 'primary'),
(180, 204, 46, 'primary'),
(180, 204, 227, 'primary'),
(180, 204, 367, 'primary'),
(180, 204, 429, 'primary'),
(180, 204, 436, 'primary'),
(180, 206, 9, 'primary'),
(180, 206, 20, 'primary'),
(180, 206, 30, 'primary'),
(180, 206, 234, 'primary'),
(180, 206, 255, 'primary'),
(180, 210, 7, 'primary'),
(180, 210, 218, 'primary'),
(180, 210, 221, 'primary'),
(180, 210, 235, 'primary'),
(180, 210, 320, 'primary'),
(180, 217, 9, 'primary'),
(180, 217, 10, 'primary'),
(180, 235, 26, 'primary'),
(180, 235, 218, 'primary'),
(180, 235, 229, 'primary'),
(180, 235, 235, 'primary'),
(180, 269, 46, 'primary'),
(180, 269, 226, 'primary'),
(180, 269, 227, 'primary'),
(180, 269, 365, 'primary'),
(180, 269, 429, 'primary'),
(180, 270, 9, 'primary'),
(180, 270, 20, 'primary'),
(180, 270, 30, 'primary'),
(180, 270, 251, 'primary'),
(180, 270, 255, 'primary'),
(181, 1, 361, 'primary'),
(181, 1, 393, 'primary'),
(181, 1, 415, 'primary'),
(181, 1, 424, 'primary'),
(181, 1, 442, 'primary'),
(181, 8, 218, 'primary'),
(181, 8, 235, 'primary'),
(181, 8, 416, 'primary'),
(181, 8, 453, 'primary'),
(181, 19, 9, 'primary'),
(181, 19, 216, 'primary'),
(181, 19, 385, 'primary'),
(181, 19, 396, 'primary'),
(181, 19, 418, 'primary'),
(181, 45, 7, 'primary'),
(181, 45, 229, 'primary'),
(181, 45, 235, 'primary'),
(181, 45, 238, 'primary'),
(181, 45, 239, 'primary'),
(181, 50, 222, 'primary'),
(181, 50, 223, 'primary'),
(181, 50, 224, 'primary'),
(181, 50, 227, 'primary'),
(181, 50, 230, 'primary'),
(181, 56, 7, 'primary'),
(181, 56, 218, 'primary'),
(181, 56, 220, 'primary'),
(181, 56, 235, 'primary'),
(181, 99, 46, 'primary'),
(181, 99, 222, 'primary'),
(181, 99, 223, 'primary'),
(181, 99, 226, 'primary'),
(181, 99, 227, 'primary'),
(181, 163, 227, 'primary'),
(181, 165, 7, 'primary'),
(181, 165, 26, 'primary'),
(181, 165, 83, 'primary'),
(181, 165, 220, 'primary'),
(181, 165, 221, 'primary'),
(181, 170, 222, 'primary'),
(181, 170, 223, 'primary'),
(181, 170, 226, 'primary'),
(181, 170, 230, 'primary'),
(181, 175, 251, 'primary'),
(181, 176, 233, 'primary'),
(181, 176, 255, 'primary'),
(181, 177, 19, 'primary'),
(181, 177, 20, 'primary'),
(181, 177, 242, 'primary'),
(181, 177, 263, 'primary'),
(181, 178, 10, 'primary'),
(181, 178, 12, 'primary'),
(181, 178, 228, 'primary'),
(181, 178, 296, 'primary'),
(181, 184, 9, 'primary'),
(181, 184, 20, 'primary'),
(181, 184, 36, 'primary'),
(181, 184, 231, 'primary'),
(181, 185, 218, 'primary'),
(181, 185, 229, 'primary'),
(181, 185, 236, 'primary'),
(181, 185, 238, 'primary'),
(181, 187, 9, 'primary'),
(181, 187, 20, 'primary'),
(181, 187, 246, 'primary'),
(181, 187, 288, 'primary'),
(181, 195, 46, 'primary'),
(181, 195, 226, 'primary'),
(181, 195, 227, 'primary'),
(181, 195, 365, 'primary'),
(181, 195, 437, 'primary'),
(181, 198, 10, 'primary'),
(181, 198, 349, 'primary'),
(181, 198, 362, 'primary'),
(181, 198, 370, 'primary'),
(181, 198, 377, 'primary'),
(181, 204, 46, 'primary'),
(181, 204, 227, 'primary'),
(181, 204, 367, 'primary'),
(181, 204, 429, 'primary'),
(181, 204, 436, 'primary'),
(181, 206, 9, 'primary'),
(181, 206, 20, 'primary'),
(181, 206, 30, 'primary'),
(181, 206, 234, 'primary'),
(181, 206, 255, 'primary'),
(181, 210, 7, 'primary'),
(181, 210, 218, 'primary'),
(181, 210, 221, 'primary'),
(181, 210, 235, 'primary'),
(181, 210, 320, 'primary'),
(181, 217, 9, 'primary'),
(181, 217, 10, 'primary'),
(181, 235, 26, 'primary'),
(181, 235, 218, 'primary'),
(181, 235, 229, 'primary'),
(181, 235, 235, 'primary'),
(181, 269, 46, 'primary'),
(181, 269, 226, 'primary'),
(181, 269, 227, 'primary'),
(181, 269, 365, 'primary'),
(181, 269, 429, 'primary'),
(181, 270, 9, 'primary'),
(181, 270, 20, 'primary'),
(181, 270, 30, 'primary'),
(181, 270, 251, 'primary'),
(181, 270, 255, 'primary'),
(182, 1, 361, 'primary'),
(182, 1, 393, 'primary'),
(182, 1, 415, 'primary'),
(182, 1, 424, 'primary'),
(182, 1, 442, 'primary'),
(182, 8, 218, 'primary'),
(182, 8, 235, 'primary'),
(182, 8, 416, 'primary'),
(182, 8, 453, 'primary'),
(182, 19, 9, 'primary'),
(182, 19, 216, 'primary'),
(182, 19, 228, 'primary'),
(182, 19, 385, 'primary'),
(182, 19, 436, 'primary'),
(182, 21, 9, 'primary'),
(182, 21, 211, 'primary'),
(182, 21, 317, 'primary'),
(182, 23, 9, 'primary'),
(182, 23, 10, 'primary'),
(182, 23, 216, 'primary'),
(182, 23, 234, 'primary'),
(182, 23, 240, 'primary'),
(182, 30, 215, 'primary'),
(182, 30, 216, 'primary'),
(182, 52, 222, 'primary'),
(182, 52, 223, 'primary'),
(182, 52, 226, 'primary'),
(182, 52, 227, 'primary'),
(182, 52, 319, 'primary'),
(182, 56, 7, 'primary'),
(182, 56, 218, 'primary'),
(182, 56, 220, 'primary'),
(182, 56, 235, 'primary'),
(182, 99, 46, 'primary'),
(182, 99, 222, 'primary'),
(182, 99, 223, 'primary'),
(182, 99, 226, 'primary'),
(182, 99, 227, 'primary'),
(182, 112, 224, 'primary'),
(182, 112, 230, 'primary'),
(182, 112, 365, 'primary'),
(182, 112, 401, 'primary'),
(182, 112, 424, 'primary'),
(182, 157, 36, 'primary'),
(182, 157, 228, 'primary'),
(182, 157, 231, 'primary'),
(182, 163, 227, 'primary'),
(182, 165, 7, 'primary'),
(182, 165, 26, 'primary'),
(182, 165, 83, 'primary'),
(182, 165, 220, 'primary'),
(182, 165, 221, 'primary'),
(182, 168, 215, 'primary'),
(182, 168, 216, 'primary'),
(182, 168, 233, 'primary'),
(182, 168, 240, 'primary'),
(182, 168, 242, 'primary'),
(182, 169, 9, 'primary'),
(182, 169, 10, 'primary'),
(182, 169, 103, 'primary'),
(182, 169, 234, 'primary'),
(182, 169, 240, 'primary'),
(182, 170, 222, 'primary'),
(182, 170, 226, 'primary'),
(182, 170, 230, 'primary'),
(182, 170, 365, 'primary'),
(182, 170, 424, 'primary'),
(182, 172, 224, 'primary'),
(182, 172, 226, 'primary'),
(182, 172, 230, 'primary'),
(182, 172, 319, 'primary'),
(182, 172, 328, 'primary'),
(182, 178, 10, 'primary'),
(182, 178, 228, 'primary'),
(182, 178, 349, 'primary'),
(182, 178, 362, 'primary'),
(182, 178, 428, 'primary'),
(182, 179, 228, 'primary'),
(182, 179, 255, 'primary'),
(182, 180, 9, 'primary'),
(182, 180, 231, 'primary'),
(182, 180, 244, 'primary'),
(182, 181, 3, 'primary'),
(182, 181, 240, 'primary'),
(182, 181, 366, 'primary'),
(182, 181, 382, 'primary'),
(182, 181, 396, 'primary'),
(182, 182, 241, 'primary'),
(182, 182, 350, 'primary'),
(182, 182, 363, 'primary'),
(182, 182, 366, 'primary'),
(182, 182, 466, 'primary'),
(182, 183, 7, 'primary'),
(182, 183, 21, 'primary'),
(182, 183, 218, 'primary'),
(182, 183, 220, 'primary'),
(182, 183, 235, 'primary'),
(182, 184, 20, 'primary'),
(182, 184, 36, 'primary'),
(182, 184, 231, 'primary'),
(182, 185, 218, 'primary'),
(182, 185, 229, 'primary'),
(182, 185, 236, 'primary'),
(182, 185, 238, 'primary'),
(182, 185, 239, 'primary'),
(182, 186, 231, 'primary'),
(182, 186, 240, 'primary'),
(182, 186, 318, 'primary'),
(182, 187, 9, 'primary'),
(182, 187, 20, 'primary'),
(182, 187, 246, 'primary'),
(182, 187, 288, 'primary'),
(182, 190, 21, 'primary'),
(182, 190, 220, 'primary'),
(182, 190, 221, 'primary'),
(182, 190, 235, 'primary'),
(182, 190, 354, 'primary'),
(182, 192, 218, 'primary'),
(182, 192, 220, 'primary'),
(182, 192, 221, 'primary'),
(182, 192, 238, 'primary'),
(182, 195, 46, 'primary'),
(182, 195, 226, 'primary'),
(182, 195, 227, 'primary'),
(182, 195, 365, 'primary'),
(182, 195, 437, 'primary'),
(182, 197, 222, 'primary'),
(182, 197, 365, 'primary'),
(182, 197, 389, 'primary'),
(182, 197, 424, 'primary'),
(182, 197, 442, 'primary'),
(182, 198, 10, 'primary'),
(182, 198, 349, 'primary'),
(182, 198, 362, 'primary'),
(182, 198, 370, 'primary'),
(182, 198, 377, 'primary'),
(182, 201, 46, 'primary'),
(182, 201, 212, 'primary'),
(182, 201, 222, 'primary'),
(182, 201, 226, 'primary'),
(182, 201, 227, 'primary'),
(182, 204, 46, 'primary'),
(182, 204, 227, 'primary'),
(182, 204, 367, 'primary'),
(182, 204, 429, 'primary'),
(182, 204, 436, 'primary'),
(182, 220, 212, 'primary'),
(182, 220, 223, 'primary'),
(182, 220, 224, 'primary'),
(182, 220, 227, 'primary'),
(182, 220, 230, 'primary'),
(182, 227, 211, 'primary'),
(182, 227, 216, 'primary'),
(182, 227, 245, 'primary'),
(182, 227, 277, 'primary'),
(182, 239, 235, 'primary'),
(182, 239, 357, 'primary'),
(182, 239, 375, 'primary'),
(182, 239, 381, 'primary'),
(182, 239, 427, 'primary'),
(182, 241, 21, 'primary'),
(182, 241, 218, 'primary'),
(182, 241, 238, 'primary'),
(182, 248, 10, 'primary'),
(182, 248, 12, 'primary'),
(182, 248, 228, 'primary'),
(182, 248, 318, 'primary'),
(182, 269, 46, 'primary'),
(182, 269, 226, 'primary'),
(182, 269, 227, 'primary'),
(182, 269, 365, 'primary'),
(182, 269, 429, 'primary'),
(182, 270, 9, 'primary'),
(182, 270, 20, 'primary'),
(182, 270, 30, 'primary'),
(182, 270, 251, 'primary'),
(182, 270, 255, 'primary'),
(182, 284, 349, 'primary'),
(182, 284, 376, 'primary'),
(182, 284, 416, 'primary'),
(182, 284, 453, 'primary'),
(182, 284, 467, 'primary'),
(182, 306, 365, 'primary'),
(182, 306, 424, 'primary'),
(182, 306, 429, 'primary'),
(182, 306, 442, 'primary'),
(182, 306, 455, 'primary');

-- --------------------------------------------------------

--
-- Stand-in structure for view `raid_size`
-- (See below for the actual view)
--
CREATE TABLE `raid_size` (
`raid` int(11)
,`name` varchar(128)
,`date` datetime
,`size` bigint(21)
);

-- --------------------------------------------------------

--
-- Table structure for table `user`
--

CREATE TABLE `user` (
  `id` int(11) NOT NULL,
  `name` varchar(128) NOT NULL,
  `email` varchar(128) NOT NULL,
  `pass` varchar(256) NOT NULL,
  `role` varchar(128) DEFAULT NULL
) ENGINE=InnoDB DEFAULT CHARSET=utf8mb4;

--
-- Dumping data for table `user`
--

INSERT INTO `user` (`id`, `name`, `email`, `pass`, `role`) VALUES
(1, 'Galy', 'shionn@gmail.com', 'ed453ddf63a61d059c415674b8934606b54a15b4bcb79553ffe11dbf130f158b', 'ROLE_ADMIN:ROLE_MDC:ROLE_SUPER_ADMIN:ROLE_ML'),
(2, 'Cerise', 'magalielal8@gmail.com', 'desactivé', ''),
(3, 'Taecia', 'fouille.jeremy@gmail.com', '5975e2a8507dc8768d7b0eae3c8eafef02f346bc2d95c14c22e3dddff538189c', 'ROLE_ADMIN:ROLE_MDC:ROLE_ML'),
(4, 'Nak', 'quentinlla@outlook.fr', 'desactivé', ''),
(5, 'Xemac', 'xehmac@hotmail.com', 'desactivé', ''),
(6, 'Argawaen', 'romuald.saas@gmail.com', 'f11f515bf51a0e6c8ece542f07cb8e2a38eb1d5361f41821541480e7f6c6deff', 'ROLE_MDC'),
(8, 'Arkinor', 'victor.depaillette@gmail.com - desctivé', 'desactivé', ''),
(10, 'knarnf', 'edoardo.dagostino@gmail.com', 'desactivé', ''),
(11, 'Danaé', 'selenajeusset@hotmail.fr', '640632983ba14acf7da857b23edd34465f075ac7d1529cadf6fbdfd099892b53', 'ROLE_MDC'),
(12, 'Glumorg', 'Bouviergermain@ymail.com', '44021940846d6d6e47166845ebaa7701d6c76db948867ea3465e6579c0416008', 'ROLE_MDC'),
(13, 'Meurtrière', 'lois.arens@live.fr', 'c95127058923e84d53e73137b9fe6228470d01f56088a17180ee68d4e6dbc70b', 'ROLE_MDC'),
(14, 'Edenya', 'ngavant1412@gmail.com', 'e4954fb2c6aef227b5c02d44693305627c3e35e43a580711f2df5f17fa4d986e', 'ROLE_ADMIN:ROLE_MDC:ROLE_ML'),
(15, 'Myoul', 'hirtzc@gmail.com', '4eb87e8cf2e93520965e1bd41f4e067ed05ba154a1fdd2e0a300f0eff338c527', 'ROLE_MDC'),
(16, 'Syrus', 'mikkaelmonteiro@hotmail.com', '62710e72a674e7e8e2203e5fc1650fa89b14b6e020c94f92b6d6bbb98638e81e', 'ROLE_MDC'),
(17, 'Alkilas', 'blackdarkstab@hotmail.com', 'c9f6e44efbf4fafd3f154a9eaf02cae6010514d15e6433961811c47f9c67cd67', 'ROLE_MDC'),
(18, 'Mentalow', 'x-flash-intro-x@hotmail.fr', 'c790a832525fbf79ab06d4321c9428c0371c2f991fbfa12477d372a863a91030', 'ROLE_MDC'),
(19, 'Gaiitz', 'gaetan_amiet@hotmail.com', 'ac9689e2272427085e35b9d3e3e8bed88cb3434828b43b86fc0596cad4c6e270', 'ROLE_MDC'),
(20, 'Klara', 'lamartine.clara@yahoo.fr', '1314d94fd8dc1c21293f70f86102815bf98fc5f0e0c76277fcdadcd2f97303ad', 'ROLE_MDC:ROLE_ML'),
(21, 'Hotrick', 'hotrickinvidius@gmail.com', '1f285c21c4caa80d86261c9a71aee6535651576042205b88fbebe4af5222be41', 'ROLE_MDC'),
(22, 'Alricson', 'Alricson.Belamis@gmail.com', '3bb1b49e8235d2a9629487f1bb13bd9702a2797e918d14e87231fbf9bdebf0ed', 'ROLE_MDC'),
(23, 'Exxy', 'gandar.e@icloud.com', 'b0adb26e646fc1636a590113c3faaf1a4e9a4d784be97e29ae8bdf55771b7be8', 'ROLE_MDC'),
(24, 'Mioueven', 'dorier.hugo@gmail.com', '03f044c02ba4733cc5d9ca8987c756281fd62bb2c4170cdae6d6811722699ba0', 'ROLE_MDC'),
(25, 'Orijk', 'lordtempus96@gmail.com', 'd6fbf726d24f9640e5d20a175e7982bc533b7187a15fcf1f1d72fbecb1380360', 'ROLE_MDC'),
(27, 'MIK', 'debretalexandre@gmail.com', '230584cc870d4aed0a8a7375db20d37139ef8335fe96e201481eeb7e1f57daf5', 'ROLE_MDC');

-- --------------------------------------------------------

--
-- Structure for view `armory`
--
DROP TABLE IF EXISTS `armory`;

CREATE ALGORITHM=UNDEFINED DEFINER=`root`@`localhost` SQL SECURITY DEFINER VIEW `armory`  AS  (select `pl`.`player` AS `player`,`p`.`name` AS `player_name`,`p`.`class` AS `class`,`p`.`rank` AS `rank`,`pl`.`item` AS `item`,`i`.`name` AS `item_name`,`i`.`slot` AS `slot`,`i`.`ilvl` AS `ilvl`,`i`.`raid` AS `raid`,`pl`.`attribution` AS `attribution`,`pl`.`wl` AS `wl`,1 AS `optained`,0 AS `editable` from ((`player_loot` `pl` join `item` `i` on((`i`.`id` = `pl`.`item`))) join `player` `p` on((`p`.`id` = `pl`.`player`))) where (`p`.`rank` <> 'inactif')) union (select `pw`.`player` AS `player`,`p`.`name` AS `player_name`,`p`.`class` AS `class`,`p`.`rank` AS `rank`,`pw`.`item` AS `item`,`i`.`name` AS `item_name`,`i`.`slot` AS `slot`,`i`.`ilvl` AS `ilvl`,`i`.`raid` AS `raid`,`pw`.`attribution` AS `attribution`,1 AS `wl`,0 AS `optained`,0 AS `editable` from ((`player_wish` `pw` join `item` `i` on((`i`.`id` = `pw`.`item`))) join `player` `p` on((`p`.`id` = `pw`.`player`))) where ((`p`.`rank` <> 'inactif') and (`pw`.`running` is true))) union (select `ps`.`player` AS `player`,`p`.`name` AS `player_name`,`p`.`class` AS `class`,`p`.`rank` AS `rank`,`ps`.`item` AS `item`,`i`.`name` AS `item_name`,`i`.`slot` AS `slot`,`i`.`ilvl` AS `ilvl`,`i`.`raid` AS `raid`,NULL AS `attribution`,0 AS `wl`,1 AS `optained`,1 AS `editable` from ((`player_stuff` `ps` join `item` `i` on((`i`.`id` = `ps`.`item`))) join `player` `p` on((`p`.`id` = `ps`.`player`))) where (`p`.`rank` <> 'inactif')) ;

-- --------------------------------------------------------

--
-- Structure for view `evergp`
--
DROP TABLE IF EXISTS `evergp`;

CREATE ALGORITHM=UNDEFINED DEFINER=`root`@`localhost` SQL SECURITY DEFINER VIEW `evergp`  AS  select `ev`.`player` AS `player`,`ev`.`name` AS `name`,`ev`.`ev` AS `ev`,`er`.`er` AS `er`,`gp`.`gp` AS `gp`,(`gp`.`gp` / `ev`.`ev`) AS `evgp_ratio`,(`gp`.`gp` / `er`.`er`) AS `ergp_ratio` from ((`player_ev` `ev` left join `player_er` `er` on((`er`.`player` = `ev`.`player`))) left join `player_gp` `gp` on((`gp`.`player` = `ev`.`player`))) ;

-- --------------------------------------------------------

--
-- Structure for view `evgp`
--
DROP TABLE IF EXISTS `evgp`;

CREATE ALGORITHM=UNDEFINED DEFINER=`root`@`localhost` SQL SECURITY DEFINER VIEW `evgp`  AS  select `ev`.`player` AS `player`,`ev`.`name` AS `name`,`ev`.`ev` AS `ev`,`gp`.`gp` AS `gp`,(`gp`.`gp` / `ev`.`ev`) AS `ratio` from (`player_ev` `ev` left join `player_gp` `gp` on((`gp`.`player` = `ev`.`player`))) ;

-- --------------------------------------------------------

--
-- Structure for view `item_priority`
--
DROP TABLE IF EXISTS `item_priority`;

CREATE ALGORITHM=UNDEFINED DEFINER=`root`@`localhost` SQL SECURITY DEFINER VIEW `item_priority`  AS  select `i`.`id` AS `item`,`p`.`id` AS `player`,`i`.`name` AS `item_name`,`p`.`name` AS `player_name`,0 AS `point`,`pw`.`attribution` AS `attribution`,`evergp`.`ev` AS `ev`,`evergp`.`er` AS `er`,`evergp`.`gp` AS `gp`,round((`evergp`.`evgp_ratio` * 100),0) AS `evgp_ratio`,round((`evergp`.`ergp_ratio` * 100),0) AS `ergp_ratio`,`pnl`.`nb_loot` AS `nb_loot`,`pnr`.`nb_raid` AS `nb_raid`,ifnull(`nl`.`nb_raid`,0) AS `nb_raid_without_loot`,ifnull(`pww`.`nb_raid`,0) AS `nb_raid_wait`,`pw`.`selected` AS `selected`,`lpl`.`loot_date` AS `last_loot_date` from ((((((((`player_wish` `pw` join `item` `i` on((`pw`.`item` = `i`.`id`))) join `player` `p` on((`pw`.`player` = `p`.`id`))) left join `no_loot` `nl` on((`nl`.`player` = `p`.`id`))) left join `player_nb_loot` `pnl` on((`pnl`.`player` = `p`.`id`))) left join `player_nb_raid` `pnr` on((`pnr`.`player` = `p`.`id`))) left join `player_wish_wait` `pww` on(((`pww`.`player` = `pw`.`player`) and (`pww`.`item` = `pw`.`item`)))) left join `evergp` on((`evergp`.`player` = `p`.`id`))) left join `last_player_loot` `lpl` on((`lpl`.`player` = `p`.`id`))) where (`pw`.`running` = 1) group by `i`.`id`,`p`.`id` ;

-- --------------------------------------------------------

--
-- Structure for view `last_player_loot`
--
DROP TABLE IF EXISTS `last_player_loot`;

CREATE ALGORITHM=UNDEFINED DEFINER=`root`@`localhost` SQL SECURITY DEFINER VIEW `last_player_loot`  AS  select `e`.`player` AS `player`,max(`r`.`date`) AS `loot_date` from ((`raid` `r` join `raid_entry` `e` on((`r`.`id` = `e`.`raid`))) join `player_loot` `l` on(((`r`.`id` = `l`.`raid`) and (`l`.`player` = `e`.`player`)))) where (`l`.`attribution` = 'primary') group by `e`.`player` ;

-- --------------------------------------------------------

--
-- Structure for view `loot_history`
--
DROP TABLE IF EXISTS `loot_history`;

CREATE ALGORITHM=UNDEFINED DEFINER=`root`@`localhost` SQL SECURITY DEFINER VIEW `loot_history`  AS  select `i`.`id` AS `item_id`,`i`.`name` AS `item_name`,`i`.`big` AS `item_big`,`p`.`id` AS `player_id`,`p`.`name` AS `player_name`,`r`.`date` AS `loot_date`,`r`.`id` AS `raid`,`i`.`gp` AS `initial_gp`,round((`i`.`gp` * pow(0.9,((to_days(curdate()) - to_days(`r`.`date`)) DIV 7))),0) AS `gp`,(case when (`pl`.`wl` = 1) then 'wishList' else `pl`.`attribution` end) AS `attribution` from (((`player_loot` `pl` join `item` `i` on((`i`.`id` = `pl`.`item`))) join `player` `p` on((`p`.`id` = `pl`.`player`))) join `raid` `r` on((`r`.`id` = `pl`.`raid`))) ;

-- --------------------------------------------------------

--
-- Structure for view `no_loot`
--
DROP TABLE IF EXISTS `no_loot`;

CREATE ALGORITHM=UNDEFINED DEFINER=`root`@`localhost` SQL SECURITY DEFINER VIEW `no_loot`  AS  select count(`e`.`raid`) AS `nb_raid`,`e`.`player` AS `player` from (`raid` `r` join `raid_entry` `e` on((`e`.`raid` = `r`.`id`))) where (`r`.`date` > (select `lpl`.`loot_date` from `last_player_loot` `lpl` where (`lpl`.`player` = `e`.`player`))) group by `e`.`player` ;

-- --------------------------------------------------------

--
-- Structure for view `player_er`
--
DROP TABLE IF EXISTS `player_er`;

CREATE ALGORITHM=UNDEFINED DEFINER=`root`@`localhost` SQL SECURITY DEFINER VIEW `player_er`  AS  select ifnull(`m`.`id`,`p`.`id`) AS `player`,ifnull(`m`.`id`,`p`.`id`) AS `player_id`,ifnull(`m`.`name`,`p`.`name`) AS `name`,sum((case when isnull(`m`.`id`) then `er`.`er_per_player` else (`er`.`er_per_player` DIV 2) end)) AS `er` from (((`player` `p` join `raid_entry` `re` on((`p`.`id` = `re`.`player`))) join `raid_er` `er` on((`re`.`raid` = `er`.`raid`))) left join `player` `m` on(((`m`.`id` = `p`.`main`) and (`p`.`rank` = 'reroll') and (`er`.`reroll_as_main` is true) and (not(exists(select 1 from `player_loot` `pl` where ((`pl`.`raid` = `er`.`raid`) and (`pl`.`player` = `p`.`id`) and (`pl`.`attribution` = 'primary')))))))) group by ifnull(`m`.`id`,`p`.`id`) ;

-- --------------------------------------------------------

--
-- Structure for view `player_ev`
--
DROP TABLE IF EXISTS `player_ev`;

CREATE ALGORITHM=UNDEFINED DEFINER=`root`@`localhost` SQL SECURITY DEFINER VIEW `player_ev`  AS  select ifnull(`m`.`id`,`p`.`id`) AS `player`,ifnull(`m`.`id`,`p`.`id`) AS `player_id`,ifnull(`m`.`name`,`p`.`name`) AS `name`,sum((case when isnull(`m`.`id`) then `ev`.`ev_per_player` else (`ev`.`ev_per_player` DIV 2) end)) AS `ev` from (((`player` `p` join `raid_entry` `re` on((`p`.`id` = `re`.`player`))) join `raid_ev` `ev` on((`re`.`raid` = `ev`.`raid`))) left join `player` `m` on(((`m`.`id` = `p`.`main`) and (`p`.`rank` = 'reroll') and (`ev`.`reroll_as_main` is true) and (not(exists(select 1 from `player_loot` `pl` where ((`pl`.`raid` = `ev`.`raid`) and (`pl`.`player` = `p`.`id`) and (`pl`.`attribution` = 'primary')))))))) group by ifnull(`m`.`id`,`p`.`id`) ;

-- --------------------------------------------------------

--
-- Structure for view `player_ev_er_history`
--
DROP TABLE IF EXISTS `player_ev_er_history`;

CREATE ALGORITHM=UNDEFINED DEFINER=`root`@`localhost` SQL SECURITY DEFINER VIEW `player_ev_er_history`  AS  select ifnull(`m`.`id`,`p`.`id`) AS `player`,(`m`.`id` is not null) AS `reroll`,ifnull(`m`.`name`,`p`.`name`) AS `name`,ifnull(`m`.`class`,`p`.`class`) AS `class`,`p`.`name` AS `reroll_name`,`er`.`raid` AS `raid`,`er`.`name` AS `raid_name`,`er`.`date` AS `date`,`er`.`instance` AS `instance`,(case when isnull(`m`.`id`) then `ev`.`ev_per_player` else (`ev`.`ev_per_player` DIV 2) end) AS `ev`,(case when isnull(`m`.`id`) then `ev`.`ev_per_player_initial` else (`ev`.`ev_per_player_initial` DIV 2) end) AS `ev_initial`,(case when isnull(`m`.`id`) then `er`.`er_per_player` else (`er`.`er_per_player` DIV 2) end) AS `er`,(case when isnull(`m`.`id`) then `er`.`er_per_player_initial` else (`er`.`er_per_player_initial` DIV 2) end) AS `er_initial` from ((((`player` `p` join `raid_entry` `re` on((`p`.`id` = `re`.`player`))) join `raid_ev` `ev` on((`re`.`raid` = `ev`.`raid`))) join `raid_er` `er` on((`re`.`raid` = `er`.`raid`))) left join `player` `m` on(((`m`.`id` = `p`.`main`) and (`p`.`rank` = 'reroll') and (`ev`.`reroll_as_main` is true) and (not(exists(select 1 from `player_loot` `pl` where ((`pl`.`raid` = `ev`.`raid`) and (`pl`.`player` = `p`.`id`) and (`pl`.`attribution` = 'primary')))))))) ;

-- --------------------------------------------------------

--
-- Structure for view `player_gp`
--
DROP TABLE IF EXISTS `player_gp`;

CREATE ALGORITHM=UNDEFINED DEFINER=`root`@`localhost` SQL SECURITY DEFINER VIEW `player_gp`  AS  select `p`.`id` AS `player`,`p`.`name` AS `name`,sum(round((`i`.`gp` * pow(0.9,((to_days(curdate()) - to_days(`r`.`date`)) DIV 7))),0)) AS `gp` from (((`player` `p` join `player_loot` `pl` on(((`p`.`id` = `pl`.`player`) and (`pl`.`attribution` = 'primary')))) join `raid` `r` on((`r`.`id` = `pl`.`raid`))) join `item` `i` on((`i`.`id` = `pl`.`item`))) group by `pl`.`player` ;

-- --------------------------------------------------------

--
-- Structure for view `player_nb_loot`
--
DROP TABLE IF EXISTS `player_nb_loot`;

CREATE ALGORITHM=UNDEFINED DEFINER=`root`@`localhost` SQL SECURITY DEFINER VIEW `player_nb_loot`  AS  select count(`p`.`item`) AS `nb_loot`,`p`.`player` AS `player` from `player_loot` `p` where (`p`.`attribution` = 'primary') group by `p`.`player` ;

-- --------------------------------------------------------

--
-- Structure for view `player_nb_raid`
--
DROP TABLE IF EXISTS `player_nb_raid`;

CREATE ALGORITHM=UNDEFINED DEFINER=`root`@`localhost` SQL SECURITY DEFINER VIEW `player_nb_raid`  AS  select count(`e`.`raid`) AS `nb_raid`,`e`.`player` AS `player` from `raid_entry` `e` group by `e`.`player` ;

-- --------------------------------------------------------

--
-- Structure for view `player_statistic`
--
DROP TABLE IF EXISTS `player_statistic`;

CREATE ALGORITHM=UNDEFINED DEFINER=`root`@`localhost` SQL SECURITY DEFINER VIEW `player_statistic`  AS  select `p`.`id` AS `player`,`p`.`name` AS `name`,`p`.`display_name` AS `display_name`,`p`.`class` AS `class`,`p`.`rank` AS `rank`,`e`.`ev` AS `ev`,`e`.`er` AS `er`,`e`.`gp` AS `gp`,round((`e`.`evgp_ratio` * 100),0) AS `evgp_ratio`,round((`e`.`ergp_ratio` * 100),0) AS `ergp_ratio`,ifnull(`pnl`.`nb_loot`,0) AS `nb_loot`,ifnull(`pnr`.`nb_raid`,0) AS `nb_raid`,ifnull(`nl`.`nb_raid`,0) AS `nb_raid_without_loot`,`lpl`.`loot_date` AS `last_loot_date` from (((((`player` `p` left join `evergp` `e` on((`e`.`player` = `p`.`id`))) left join `player_nb_loot` `pnl` on((`pnl`.`player` = `p`.`id`))) left join `player_nb_raid` `pnr` on((`pnr`.`player` = `p`.`id`))) left join `no_loot` `nl` on((`nl`.`player` = `p`.`id`))) left join `last_player_loot` `lpl` on((`lpl`.`player` = `p`.`id`))) ;

-- --------------------------------------------------------

--
-- Structure for view `player_wish_wait`
--
DROP TABLE IF EXISTS `player_wish_wait`;

CREATE ALGORITHM=UNDEFINED DEFINER=`root`@`localhost` SQL SECURITY DEFINER VIEW `player_wish_wait`  AS  select `i`.`id` AS `item`,`i`.`name` AS `item_name`,`p`.`id` AS `player`,`p`.`name` AS `player_name`,`p`.`rank` AS `rank`,`p`.`class` AS `class`,0 AS `point`,count(`rpw`.`raid`) AS `nb_raid` from (((`raid_player_wish` `rpw` join `player_wish` `pw` on(((`pw`.`player` = `rpw`.`player`) and (`pw`.`item` = `rpw`.`item`) and (`pw`.`running` = 1)))) join `player` `p` on((`p`.`id` = `rpw`.`player`))) join `item` `i` on((`i`.`id` = `rpw`.`item`))) group by `i`.`id`,`p`.`id` ;

-- --------------------------------------------------------

--
-- Structure for view `raid_attendance`
--
DROP TABLE IF EXISTS `raid_attendance`;

CREATE ALGORITHM=UNDEFINED DEFINER=`root`@`localhost` SQL SECURITY DEFINER VIEW `raid_attendance`  AS  (select ifnull(`m`.`id`,`p`.`id`) AS `player`,ifnull(`m`.`id`,`p`.`id`) AS `player_id`,ifnull(`m`.`name`,`p`.`name`) AS `name`,`r`.`instance` AS `instance`,'always' AS `period`,round(sum((case when isnull(`m`.`id`) then 1 else 0.5 end)),0) AS `attendance` from (((`player` `p` join `raid_entry` `re` on((`p`.`id` = `re`.`player`))) join `raid` `r` on((`r`.`id` = `re`.`raid`))) left join `player` `m` on(((`m`.`id` = `p`.`main`) and (`p`.`rank` = 'reroll') and (`r`.`reroll_as_main` is true) and (not(exists(select 1 from `player_loot` `pl` where ((`pl`.`raid` = `r`.`id`) and (`pl`.`player` = `p`.`id`) and (`pl`.`attribution` = 'primary')))))))) group by ifnull(`m`.`id`,`p`.`id`),`r`.`instance`) union (select ifnull(`m`.`id`,`p`.`id`) AS `player`,ifnull(`m`.`id`,`p`.`id`) AS `player_id`,ifnull(`m`.`name`,`p`.`name`) AS `name`,`r`.`instance` AS `instance`,'day28' AS `period`,round(sum((case when isnull(`m`.`id`) then 1 else 0.5 end)),0) AS `attendance` from (((`player` `p` join `raid_entry` `re` on((`p`.`id` = `re`.`player`))) join `raid` `r` on(((`r`.`id` = `re`.`raid`) and (`r`.`date` >= cast((now() - interval 28 day) as date))))) left join `player` `m` on(((`m`.`id` = `p`.`main`) and (`p`.`rank` = 'reroll') and (`r`.`reroll_as_main` is true) and (not(exists(select 1 from `player_loot` `pl` where ((`pl`.`raid` = `r`.`id`) and (`pl`.`player` = `p`.`id`) and (`pl`.`attribution` = 'primary')))))))) group by ifnull(`m`.`id`,`p`.`id`),`r`.`instance`) union (select ifnull(`m`.`id`,`p`.`id`) AS `player`,ifnull(`m`.`id`,`p`.`id`) AS `player_id`,ifnull(`m`.`name`,`p`.`name`) AS `name`,`r`.`instance` AS `instance`,'day14' AS `period`,round(sum((case when isnull(`m`.`id`) then 1 else 0.5 end)),0) AS `attendance` from (((`player` `p` join `raid_entry` `re` on((`p`.`id` = `re`.`player`))) join `raid` `r` on(((`r`.`id` = `re`.`raid`) and (`r`.`date` >= cast((now() - interval 14 day) as date))))) left join `player` `m` on(((`m`.`id` = `p`.`main`) and (`p`.`rank` = 'reroll') and (`r`.`reroll_as_main` is true) and (not(exists(select 1 from `player_loot` `pl` where ((`pl`.`raid` = `r`.`id`) and (`pl`.`player` = `p`.`id`) and (`pl`.`attribution` = 'primary')))))))) group by ifnull(`m`.`id`,`p`.`id`),`r`.`instance`) ;

-- --------------------------------------------------------

--
-- Structure for view `raid_avg_er`
--
DROP TABLE IF EXISTS `raid_avg_er`;

CREATE ALGORITHM=UNDEFINED DEFINER=`root`@`localhost` SQL SECURITY DEFINER VIEW `raid_avg_er`  AS  select `raid_ev`.`instance` AS `instance`,round(avg(`raid_ev`.`ev`),0) AS `er`,round(avg(`raid_ev`.`ev_per_player`),0) AS `er_per_player` from `raid_ev` group by `raid_ev`.`instance` ;

-- --------------------------------------------------------

--
-- Structure for view `raid_er`
--
DROP TABLE IF EXISTS `raid_er`;

CREATE ALGORITHM=UNDEFINED DEFINER=`root`@`localhost` SQL SECURITY DEFINER VIEW `raid_er`  AS  select `r`.`id` AS `raid`,`r`.`name` AS `name`,`r`.`instance` AS `instance`,`r`.`date` AS `date`,`rs`.`size` AS `size`,`r`.`reroll_as_main` AS `reroll_as_main`,`er`.`er` AS `initial_er`,((to_days(curdate()) - to_days(`r`.`date`)) DIV 7) AS `week_ago`,round((`er`.`er` * pow(0.9,((to_days(curdate()) - to_days(`r`.`date`)) DIV 7))),0) AS `er`,(`er`.`er` DIV `rs`.`size`) AS `er_per_player_initial`,(round((`er`.`er` * pow(0.9,((to_days(curdate()) - to_days(`r`.`date`)) DIV 7))),0) DIV `rs`.`size`) AS `er_per_player` from ((`raid` `r` join `raid_avg_er` `er` on((`r`.`instance` = `er`.`instance`))) join `raid_size` `rs` on((`r`.`id` = `rs`.`raid`))) group by `rs`.`raid` ;

-- --------------------------------------------------------

--
-- Structure for view `raid_ev`
--
DROP TABLE IF EXISTS `raid_ev`;

CREATE ALGORITHM=UNDEFINED DEFINER=`root`@`localhost` SQL SECURITY DEFINER VIEW `raid_ev`  AS  select `r`.`id` AS `raid`,`r`.`name` AS `name`,`r`.`instance` AS `instance`,`r`.`date` AS `date`,`rs`.`size` AS `size`,`r`.`reroll_as_main` AS `reroll_as_main`,sum(`i`.`gp`) AS `initial_ev`,((to_days(curdate()) - to_days(`r`.`date`)) DIV 7) AS `week_ago`,round((sum(`i`.`gp`) * pow(0.9,((to_days(curdate()) - to_days(`r`.`date`)) DIV 7))),0) AS `ev`,(sum(`i`.`gp`) DIV `rs`.`size`) AS `ev_per_player_initial`,(round((sum(`i`.`gp`) * pow(0.9,((to_days(curdate()) - to_days(`r`.`date`)) DIV 7))),0) DIV `rs`.`size`) AS `ev_per_player` from (((`raid` `r` join `raid_size` `rs` on((`r`.`id` = `rs`.`raid`))) join `player_loot` `pl` on(((`r`.`id` = `pl`.`raid`) and (`pl`.`attribution` = 'primary')))) join `item` `i` on((`i`.`id` = `pl`.`item`))) group by `r`.`id` ;

-- --------------------------------------------------------

--
-- Structure for view `raid_size`
--
DROP TABLE IF EXISTS `raid_size`;

CREATE ALGORITHM=UNDEFINED DEFINER=`root`@`localhost` SQL SECURITY DEFINER VIEW `raid_size`  AS  select `r`.`id` AS `raid`,`r`.`name` AS `name`,`r`.`date` AS `date`,count(`e`.`player`) AS `size` from (`raid` `r` join `raid_entry` `e` on((`r`.`id` = `e`.`raid`))) group by `e`.`raid` ;

--
-- Indexes for dumped tables
--

--
-- Indexes for table `item`
--
ALTER TABLE `item`
  ADD PRIMARY KEY (`id`),
  ADD KEY `raid` (`raid`);

--
-- Indexes for table `item_assignment`
--
ALTER TABLE `item_assignment`
  ADD PRIMARY KEY (`class`,`item`);

--
-- Indexes for table `player`
--
ALTER TABLE `player`
  ADD PRIMARY KEY (`id`),
  ADD KEY `rank` (`rank`),
  ADD KEY `token` (`token`(191));

--
-- Indexes for table `player_loot`
--
ALTER TABLE `player_loot`
  ADD PRIMARY KEY (`player`,`item`,`raid`),
  ADD KEY `item` (`item`),
  ADD KEY `raid` (`raid`),
  ADD KEY `attribution` (`attribution`);

--
-- Indexes for table `player_stuff`
--
ALTER TABLE `player_stuff`
  ADD PRIMARY KEY (`player`,`item`),
  ADD KEY `item` (`item`);

--
-- Indexes for table `player_wish`
--
ALTER TABLE `player_wish`
  ADD PRIMARY KEY (`player`,`item`),
  ADD KEY `item` (`item`),
  ADD KEY `running` (`running`),
  ADD KEY `selected` (`selected`),
  ADD KEY `attribution` (`attribution`);

--
-- Indexes for table `raid`
--
ALTER TABLE `raid`
  ADD PRIMARY KEY (`id`),
  ADD KEY `running` (`running`),
  ADD KEY `instance` (`instance`),
  ADD KEY `running_2` (`running`),
  ADD KEY `date` (`date`);

--
-- Indexes for table `raid_entry`
--
ALTER TABLE `raid_entry`
  ADD PRIMARY KEY (`raid`,`player`),
  ADD KEY `raid-entry-player` (`player`),
  ADD KEY `visible` (`visible`);

--
-- Indexes for table `raid_player_wish`
--
ALTER TABLE `raid_player_wish`
  ADD PRIMARY KEY (`raid`,`player`,`item`),
  ADD KEY `player` (`player`,`item`),
  ADD KEY `attribution` (`attribution`);

--
-- Indexes for table `user`
--
ALTER TABLE `user`
  ADD PRIMARY KEY (`id`),
  ADD UNIQUE KEY `email` (`email`);

--
-- AUTO_INCREMENT for dumped tables
--

--
-- AUTO_INCREMENT for table `item`
--
ALTER TABLE `item`
  MODIFY `id` int(11) NOT NULL AUTO_INCREMENT, AUTO_INCREMENT=469;
--
-- AUTO_INCREMENT for table `player`
--
ALTER TABLE `player`
  MODIFY `id` int(11) NOT NULL AUTO_INCREMENT, AUTO_INCREMENT=310;
--
-- AUTO_INCREMENT for table `raid`
--
ALTER TABLE `raid`
  MODIFY `id` int(11) NOT NULL AUTO_INCREMENT, AUTO_INCREMENT=183;
--
-- AUTO_INCREMENT for table `user`
--
ALTER TABLE `user`
  MODIFY `id` int(11) NOT NULL AUTO_INCREMENT, AUTO_INCREMENT=28;
--
-- Constraints for dumped tables
--

--
-- Constraints for table `player_loot`
--
ALTER TABLE `player_loot`
  ADD CONSTRAINT `player_loot_ibfk_1` FOREIGN KEY (`player`) REFERENCES `player` (`id`),
  ADD CONSTRAINT `player_loot_ibfk_2` FOREIGN KEY (`item`) REFERENCES `item` (`id`),
  ADD CONSTRAINT `player_loot_ibfk_3` FOREIGN KEY (`raid`) REFERENCES `raid` (`id`);

--
-- Constraints for table `player_stuff`
--
ALTER TABLE `player_stuff`
  ADD CONSTRAINT `player_stuff_ibfk_1` FOREIGN KEY (`player`) REFERENCES `player` (`id`),
  ADD CONSTRAINT `player_stuff_ibfk_2` FOREIGN KEY (`item`) REFERENCES `item` (`id`);

--
-- Constraints for table `player_wish`
--
ALTER TABLE `player_wish`
  ADD CONSTRAINT `player_wish_ibfk_1` FOREIGN KEY (`player`) REFERENCES `player` (`id`),
  ADD CONSTRAINT `player_wish_ibfk_2` FOREIGN KEY (`item`) REFERENCES `item` (`id`);

--
-- Constraints for table `raid_entry`
--
ALTER TABLE `raid_entry`
  ADD CONSTRAINT `raid_entry_ibfk_1` FOREIGN KEY (`raid`) REFERENCES `raid` (`id`),
  ADD CONSTRAINT `raid_entry_ibfk_2` FOREIGN KEY (`player`) REFERENCES `player` (`id`);

--
-- Constraints for table `raid_player_wish`
--
ALTER TABLE `raid_player_wish`
  ADD CONSTRAINT `raid_player_wish_ibfk_1` FOREIGN KEY (`raid`,`player`) REFERENCES `raid_entry` (`raid`, `player`),
  ADD CONSTRAINT `raid_player_wish_ibfk_2` FOREIGN KEY (`player`,`item`) REFERENCES `player_wish` (`player`, `item`);

/*!40101 SET CHARACTER_SET_CLIENT=@OLD_CHARACTER_SET_CLIENT */;
/*!40101 SET CHARACTER_SET_RESULTS=@OLD_CHARACTER_SET_RESULTS */;
/*!40101 SET COLLATION_CONNECTION=@OLD_COLLATION_CONNECTION */;
